candidate_uid	circuit	stage	scheme	candidate	repeat	mode	run_id	attempt_id	join_key_source	patterns	fault_sha	source_file	source_row	join_status	join_reason
b20:hf_coarse:HF:10:0	b20	hf_coarse	HF	10		F	F_b20_cov95v2_HF_c10_h358_F_p17	attempt_eeb9ad12917c0f36f55a	source_log_basename	17	c5718eee5593fde9085947f1e8ba893948b5770fb18a67f9a4f3586892609a2e	hf_coarse.tsv	11	UNIQUE	source_log_basename
b20:hf_coarse:HF:10:0	b20	hf_coarse	HF	10		H	H_b20_cov95v2_HF_c10_H_p358	attempt_539b85c9e640938bbac0	source_log_basename	358	fa71ae8b4abf55c3082b97760886233b3ac2df12e1060427297c5a814520cd50	hf_coarse.tsv	11	UNIQUE	source_log_basename
b20:hf_coarse:HF:11:0	b20	hf_coarse	HF	11		F	F_b20_cov95v2_HF_c11_h398_F_p16	attempt_ee9b429550c0b784aabb	source_log_basename	16	c60b3d2132010757921ebb8a2fc7d8e4582f98efc59efa4cbe8be4493ad4d587	hf_coarse.tsv	12	UNIQUE	source_log_basename
b20:hf_coarse:HF:11:0	b20	hf_coarse	HF	11		H	H_b20_cov95v2_HF_c11_H_p398	attempt_e1da45c4b59dc108238f	source_log_basename	398	7d9772aa90ab48bff9e34d1c05b6d5e4fc2e413370d33bac5927431992c6e1c4	hf_coarse.tsv	12	UNIQUE	source_log_basename
b20:hf_coarse:HF:12:0	b20	hf_coarse	HF	12		F	F_b20_cov95v2_HF_c12_h437_F_p13	attempt_296fde508963518ee434	source_log_basename	13	bc575cbafa1de6ef75b3fded38065b8ce900833bfb7803a7725d3cbf815b8174	hf_coarse.tsv	13	UNIQUE	source_log_basename
b20:hf_coarse:HF:12:0	b20	hf_coarse	HF	12		H	H_b20_cov95v2_HF_c12_H_p437	attempt_967c98bf1937db7d46de	source_log_basename	437	ff43936154732e4b7f483a1b9cfdf13f4183443ebac5e8453ffb5216e570183e	hf_coarse.tsv	13	UNIQUE	source_log_basename
b20:hf_coarse:HF:13:0	b20	hf_coarse	HF	13		F	F_b20_cov95v2_HF_c13_h477_F_p8	attempt_939f0653ce3cdc9402cd	source_log_basename	8	2dd6d3cbf390cccc14613f8a039c8351dd72f971bcdd9228f7fd80fdf5f0636b	hf_coarse.tsv	14	UNIQUE	source_log_basename
b20:hf_coarse:HF:13:0	b20	hf_coarse	HF	13		H	H_b20_cov95v2_HF_c13_H_p477	attempt_0e1e7d38781504807202	source_log_basename	477	16cb669c9fe42b40e0bc1cdffb4ff837f2e06e5d8eb6e5d93fd86fa6f591af34	hf_coarse.tsv	14	UNIQUE	source_log_basename
b20:hf_coarse:HF:14:0	b20	hf_coarse	HF	14		F	F_b20_cov95v2_HF_c14_h517_F_p7	attempt_0150fa0c9ab95d9e954a	source_log_basename	7	dc188cab968b5e7345afd68c045baa62b55308e7362926154cb242c8e730a856	hf_coarse.tsv	15	UNIQUE	source_log_basename
b20:hf_coarse:HF:14:0	b20	hf_coarse	HF	14		H	H_b20_cov95v2_HF_c14_H_p517	attempt_71f36fb2d0c9613771ce	source_log_basename	517	d1620292cd2f9c934a3e181862d599bcaf229795299d36b353392cdc99465a92	hf_coarse.tsv	15	UNIQUE	source_log_basename
b20:hf_coarse:HF:15:0	b20	hf_coarse	HF	15		F	F_b20_cov95v2_HF_c15_h557_F_p6	attempt_054f37b156ac3045c8ff	source_log_basename	6	795fd11f9cab79661afc8edba9f53e9965924684ba5924dccbf67f07dbc1e6b7	hf_coarse.tsv	16	UNIQUE	source_log_basename
b20:hf_coarse:HF:15:0	b20	hf_coarse	HF	15		H	H_b20_cov95v2_HF_c15_H_p557	attempt_49a922b4c555b3594305	source_log_basename	557	cb4ac92a1274d6818b12c3d661b82b687da7e89cb061221549cecebbc8e12c84	hf_coarse.tsv	16	UNIQUE	source_log_basename
b20:hf_coarse:HF:16:0	b20	hf_coarse	HF	16		F	F_b20_cov95v2_HF_c16_h596_F_p5	attempt_cf265e8bfb41691fae47	source_log_basename	5	d49daba86b767f878f313db5dc568d35cf07cdd00ae5543dad87ac0d321b3fc6	hf_coarse.tsv	17	UNIQUE	source_log_basename
b20:hf_coarse:HF:16:0	b20	hf_coarse	HF	16		H	H_b20_cov95v2_HF_c16_H_p596	attempt_29724c67ce96fcc4a9cb	source_log_basename	596	e136a7c47d3bc8c6e061a27e7a42a18941cdc1a8e0c664a23b002822dd284db0	hf_coarse.tsv	17	UNIQUE	source_log_basename
b20:hf_coarse:HF:17:0	b20	hf_coarse	HF	17		F	F_b20_cov95v2_HF_c17_h636_F_p4	attempt_09ca8a8595f6ab4ca7ac	source_log_basename	4	96d7218732a88c6ddf70700a9f876d7609b4e74150387123795c62249be4b8c7	hf_coarse.tsv	18	UNIQUE	source_log_basename
b20:hf_coarse:HF:17:0	b20	hf_coarse	HF	17		H	H_b20_cov95v2_HF_c17_H_p636	attempt_fc09471c39a6378366f0	source_log_basename	636	bfad6edf92d093987a1d944773f9d1d58f09cc4671cabcc399abdc1eb3121bc8	hf_coarse.tsv	18	UNIQUE	source_log_basename
b20:hf_coarse:HF:18:0	b20	hf_coarse	HF	18		F	F_b20_cov95v2_HF_c18_h676_F_p4	attempt_9d83f9961d19e7040632	source_log_basename	4	3d458c794a84329445bb441d7d668c90815fdb936e7ca62927f8fca58ec516d4	hf_coarse.tsv	19	UNIQUE	source_log_basename
b20:hf_coarse:HF:18:0	b20	hf_coarse	HF	18		H	H_b20_cov95v2_HF_c18_H_p676	attempt_7419f465bd5a4614eed3	source_log_basename	676	f8a110d62382329deb4121b3673cbc8b870cf5ee9b51955f097b3aed69a624b6	hf_coarse.tsv	19	UNIQUE	source_log_basename
b20:hf_coarse:HF:19:0	b20	hf_coarse	HF	19		F	F_b20_cov95v2_HF_c19_h716_F_p3	attempt_a2e3af9f5381386093c1	source_log_basename	3	0e9c3846639e2a3a6d130bbd22f12dd165d23d86498d554e8049226fc66f230e	hf_coarse.tsv	20	UNIQUE	source_log_basename
b20:hf_coarse:HF:19:0	b20	hf_coarse	HF	19		H	H_b20_cov95v2_HF_c19_H_p716	attempt_a94fde46a24d72321487	source_log_basename	716	25864adbdaf06b05aa676e9d7d9353888056962b5e4886c7e3ade2154ce09de1	hf_coarse.tsv	20	UNIQUE	source_log_basename
b20:hf_coarse:HF:1:0	b20	hf_coarse	HF	1		F	F_b20_cov95v2_HF_c01_h1_F_p157	attempt_1e33a7c7cbbd8bb79fed	source_log_basename	157	a1c91a172fcff24ffd200826a975aaf5ad3cc59a65d20cae1375c4b1304f31c2	hf_coarse.tsv	2	UNIQUE	source_log_basename
b20:hf_coarse:HF:1:0	b20	hf_coarse	HF	1		H	H_b20_cov95v2_HF_c01_H_p1	attempt_9adc91c240679d260cda	source_log_basename	1	d52d10ca84f3e58c0c5b82699b0efa0295216414bc28a9ee35d8844974e85efb	hf_coarse.tsv	2	UNIQUE	source_log_basename
b20:hf_coarse:HF:20:0	b20	hf_coarse	HF	20		F	F_b20_cov95v2_HF_c20_h755_F_p2	attempt_7be7134143b3dde33837	source_log_basename	2	ae19e5756d1a5e925543462f5ee50c93670b3d0619e2ed6db29996fdcb2961eb	hf_coarse.tsv	21	UNIQUE	source_log_basename
b20:hf_coarse:HF:20:0	b20	hf_coarse	HF	20		H	H_b20_cov95v2_HF_c20_H_p755	attempt_a351c1896c1e477e1b4b	source_log_basename	755	1a390bf4bb0d56f09a2859af6a1a095b2215327855463baa1513f1a061a46d22	hf_coarse.tsv	21	UNIQUE	source_log_basename
b20:hf_coarse:HF:21:0	b20	hf_coarse	HF	21		F	F_b20_cov95v2_HF_c21_h795_F_p2	attempt_e7fe3baeefd323881f4d	source_log_basename	2	fbd432a1d815b9f84539530e020aadaec904482ce4902ada8d42664300ecc00b	hf_coarse.tsv	22	UNIQUE	source_log_basename
b20:hf_coarse:HF:21:0	b20	hf_coarse	HF	21		H	H_b20_H_full_phase4_v1			795	76b10cf61a55d5ec19d6d5d65d6043f311c7b2f6a6420c533abffc09e5b57ad2	hf_coarse.tsv	22	MISSING	no_attempt_for_source_basename_or_run_id
b20:hf_coarse:HF:2:0	b20	hf_coarse	HF	2		F	F_b20_cov95v2_HF_c02_h40_F_p123	attempt_0ac66e81b04737b1f7c7	source_log_basename	123	de8d6c9699c1ea323bdede48c0149ed080cbf8027378a4315b756d93fb355510	hf_coarse.tsv	3	UNIQUE	source_log_basename
b20:hf_coarse:HF:2:0	b20	hf_coarse	HF	2		H	H_b20_cov95v2_HF_c02_H_p40	attempt_448d5933d00dd2c66e9a	source_log_basename	40	eb2795dabafd038320b3ba057131d431a9f30ea9efa787eb5ace14e0f0831ca0	hf_coarse.tsv	3	UNIQUE	source_log_basename
b20:hf_coarse:HF:3:0	b20	hf_coarse	HF	3		F	F_b20_cov95v2_HF_c03_h80_F_p99	attempt_6b9f79b0be8c19991314	source_log_basename	99	a1b9a4d4510142b16160ef95917be9e352ef19e1ea35c94b363352498307fd39	hf_coarse.tsv	4	UNIQUE	source_log_basename
b20:hf_coarse:HF:3:0	b20	hf_coarse	HF	3		H	H_b20_cov95v2_HF_c03_H_p80	attempt_0bbda193c9421e6ee331	source_log_basename	80	194a75bd3558e56534266ebbf9208fb1a9d6703d20708b49c59d17ad7ae27980	hf_coarse.tsv	4	UNIQUE	source_log_basename
b20:hf_coarse:HF:4:0	b20	hf_coarse	HF	4		F	F_b20_cov95v2_HF_c04_h119_F_p89	attempt_c51aa98e284e385bec62	source_log_basename	89	a9196dae48bd62b81511bfd7fd5c208d5135ae2a1f0a21469779b3c1d8aae9d6	hf_coarse.tsv	5	UNIQUE	source_log_basename
b20:hf_coarse:HF:4:0	b20	hf_coarse	HF	4		H	H_b20_cov95v2_HF_c04_H_p119	attempt_122e82d6a5098990a8e7	source_log_basename	119	68710af2b26ea3263e8004796be654d8d538a1e83bc58e4e567a5a27f5ee0e81	hf_coarse.tsv	5	UNIQUE	source_log_basename
b20:hf_coarse:HF:5:0	b20	hf_coarse	HF	5		F	F_b20_cov95v2_HF_c05_h159_F_p69	attempt_d539998cbf932994ad0a	source_log_basename	69	bef5147c2a6d29d83366312c8f4c2817cf13389faa625b3464b404dcda43cab2	hf_coarse.tsv	6	UNIQUE	source_log_basename
b20:hf_coarse:HF:5:0	b20	hf_coarse	HF	5		H	H_b20_cov95v2_HF_c05_H_p159	attempt_cbc8bd25a039f56bb6ca	source_log_basename	159	77f188be05c1e606c04e911b11eeb801e8fe2f8489529aa30701832d9ce79b72	hf_coarse.tsv	6	UNIQUE	source_log_basename
b20:hf_coarse:HF:6:0	b20	hf_coarse	HF	6		F	F_b20_cov95v2_HF_c06_h199_F_p49	attempt_119761a262d4dab6bce8	source_log_basename	49	a009af2450c7cd63144261e4a314e5ffb5e66da8483ab47dd21d9f7d82c89fa8	hf_coarse.tsv	7	UNIQUE	source_log_basename
b20:hf_coarse:HF:6:0	b20	hf_coarse	HF	6		H	H_b20_cov95v2_HF_c06_H_p199	attempt_6c95f98ac7fbfebfc0c5	source_log_basename	199	61b6b37223b6941a3f03dc5227205bfd2c7a4b270f46326bc06a496afa38de17	hf_coarse.tsv	7	UNIQUE	source_log_basename
b20:hf_coarse:HF:7:0	b20	hf_coarse	HF	7		F	F_b20_cov95v2_HF_c07_h239_F_p37	attempt_205ef27ccde21c9f0580	source_log_basename	37	c655b2d6243b37b04a11f02e6a5f13932cf4f7db5ad40199e80429d070b26535	hf_coarse.tsv	8	UNIQUE	source_log_basename
b20:hf_coarse:HF:7:0	b20	hf_coarse	HF	7		H	H_b20_cov95v2_HF_c07_H_p239	attempt_374db9c06676b2e3358a	source_log_basename	239	d0cb2bbbe5330f293ebe65a0e16138978de7499ed8fe136493cef34c9e6bfa9c	hf_coarse.tsv	8	UNIQUE	source_log_basename
b20:hf_coarse:HF:8:0	b20	hf_coarse	HF	8		F	F_b20_cov95v2_HF_c08_h278_F_p35	attempt_d30c174c842dfcc355b0	source_log_basename	35	b071871151207a2dfb6118d2f02ede3a727209f3b5bb9f01718dfcbcce5dda05	hf_coarse.tsv	9	UNIQUE	source_log_basename
b20:hf_coarse:HF:8:0	b20	hf_coarse	HF	8		H	H_b20_cov95v2_HF_c08_H_p278	attempt_86677f12e34fa86f7a3f	source_log_basename	278	cdb9d7d7014c78865ec6e827af2ec802c30bfc3e6d0dd4d232544017fdee2ed3	hf_coarse.tsv	9	UNIQUE	source_log_basename
b20:hf_coarse:HF:9:0	b20	hf_coarse	HF	9		F	F_b20_cov95v2_HF_c09_h318_F_p18	attempt_b8251301ef9b4ca2b976	source_log_basename	18	577b15323e46ed1bbf8c45334ef0032e797834c445dac5f59fd0041cf61151d0	hf_coarse.tsv	10	UNIQUE	source_log_basename
b20:hf_coarse:HF:9:0	b20	hf_coarse	HF	9		H	H_b20_cov95v2_HF_c09_H_p318	attempt_42124ad4a6668fcbcf56	source_log_basename	318	46a2375dfeed0ae98b84c1933cb680271d02c391c04120b88ad62e77fbf541d3	hf_coarse.tsv	10	UNIQUE	source_log_basename
b20:hf_refine:HF:10:0	b20	hf_refine	HF	10		F	F_b20_cov95v2_HF_refine_h315_F_p21	attempt_1a741206751877e2f6a0	source_log_basename	21	7f5d902010934f5f4d7c2c92fc5b78ded6e0105bbc03151dc42d6b1f1a1d62c0	hf_refine.tsv	11	UNIQUE	source_log_basename
b20:hf_refine:HF:10:0	b20	hf_refine	HF	10		H	H_b20_cov95v2_HF_refine_H_p315	attempt_03579d6d54a0b93dae08	source_log_basename	315	7093cd62974b07cd75f60e0fc4fde1aaca89efb90f062c626bd00c3e8b8351ea	hf_refine.tsv	11	UNIQUE	source_log_basename
b20:hf_refine:HF:11:0	b20	hf_refine	HF	11		F	F_b20_cov95v2_HF_refine_h321_F_p22	attempt_beb8b4b62aae1441a1f8	source_log_basename	22	173b02e1da700b5e8204d504891e157b19f9bd778ff48a4b9a3ee53b93c19a17	hf_refine.tsv	12	UNIQUE	source_log_basename
b20:hf_refine:HF:11:0	b20	hf_refine	HF	11		H	H_b20_cov95v2_HF_refine_H_p321	attempt_5f2acf270b52bb865915	source_log_basename	321	3633058f4ab2d0dc9405f1d7083f2d366157b60c57a8be3aa43db3ac2d72b6c5	hf_refine.tsv	12	UNIQUE	source_log_basename
b20:hf_refine:HF:12:0	b20	hf_refine	HF	12		F	F_b20_cov95v2_HF_refine_h316_F_p21	attempt_b1b51e1a0a702b26fe46	source_log_basename	21	5add73086d33572a766221731be707266f9e866ce7a06c3079d07ba8114f2ec2	hf_refine.tsv	13	UNIQUE	source_log_basename
b20:hf_refine:HF:12:0	b20	hf_refine	HF	12		H	H_b20_cov95v2_HF_refine_H_p316	attempt_780cc88580127d936fef	source_log_basename	316	147bd34da8a20ed3605cc1d3a548d82ce7980b505d03d24f94d821cbf624142f	hf_refine.tsv	13	UNIQUE	source_log_basename
b20:hf_refine:HF:13:0	b20	hf_refine	HF	13		F	F_b20_cov95v2_HF_refine_h320_F_p22	attempt_0d7eed8e55b3bea6ef2c	source_log_basename	22	f0de166758a74d0f70c8657a5d998944ff8d6d1dbbc15fe524532987c79aa585	hf_refine.tsv	14	UNIQUE	source_log_basename
b20:hf_refine:HF:13:0	b20	hf_refine	HF	13		H	H_b20_cov95v2_HF_refine_H_p320	attempt_370f37da86a39116bb1e	source_log_basename	320	db20c4c77c66bee19c84429ace07629d99b815b6985c92d641cfdd6507c342ea	hf_refine.tsv	14	UNIQUE	source_log_basename
b20:hf_refine:HF:14:0	b20	hf_refine	HF	14		F	F_b20_cov95v2_HF_refine_h317_F_p22	attempt_4747fa736149770e9771	source_log_basename	22	8fb9e536f9dfd49e2e45c8ffe9f61eaeb84468d8ca70930aad5a896046f23066	hf_refine.tsv	15	UNIQUE	source_log_basename
b20:hf_refine:HF:14:0	b20	hf_refine	HF	14		H	H_b20_cov95v2_HF_refine_H_p317	attempt_1254d0c8d016fc4fd9b1	source_log_basename	317	293851629fe6cc52683ef8feab538370f1c72218d474ee29aa9cbd7e6c5328d0	hf_refine.tsv	15	UNIQUE	source_log_basename
b20:hf_refine:HF:15:0	b20	hf_refine	HF	15		F	F_b20_cov95v2_HF_refine_h319_F_p22	attempt_0c1448d8c65224dd6351	source_log_basename	22	b341493b93aa0656f00dbea977e3ac9e0e015e1b6816261f5cc838b64572b294	hf_refine.tsv	16	UNIQUE	source_log_basename
b20:hf_refine:HF:15:0	b20	hf_refine	HF	15		H	H_b20_cov95v2_HF_refine_H_p319	attempt_29c4ed48048146b69be8	source_log_basename	319	753aa7238432c30f40155bee94d370e8661f7eb1f77bba7c5fcb41026d5f3d04	hf_refine.tsv	16	UNIQUE	source_log_basename
b20:hf_refine:HF:16:0	b20	hf_refine	HF	16		F	F_b20_cov95v2_HF_refine_h199_F_p49	attempt_0ef0ec0d570871a80858	source_log_basename	49	a009af2450c7cd63144261e4a314e5ffb5e66da8483ab47dd21d9f7d82c89fa8	hf_refine.tsv	17	UNIQUE	source_log_basename
b20:hf_refine:HF:16:0	b20	hf_refine	HF	16		H	H_b20_cov95v2_HF_refine_H_p199	attempt_5a9bab3038edf81c6498	source_log_basename	199	61b6b37223b6941a3f03dc5227205bfd2c7a4b270f46326bc06a496afa38de17	hf_refine.tsv	17	UNIQUE	source_log_basename
b20:hf_refine:HF:17:0	b20	hf_refine	HF	17		F	F_b20_cov95v2_HF_refine_h239_F_p37	attempt_9281ea27092479d0b815	source_log_basename	37	c655b2d6243b37b04a11f02e6a5f13932cf4f7db5ad40199e80429d070b26535	hf_refine.tsv	18	UNIQUE	source_log_basename
b20:hf_refine:HF:17:0	b20	hf_refine	HF	17		H	H_b20_cov95v2_HF_refine_H_p239	attempt_a9165f30fde38e57bc48	source_log_basename	239	d0cb2bbbe5330f293ebe65a0e16138978de7499ed8fe136493cef34c9e6bfa9c	hf_refine.tsv	18	UNIQUE	source_log_basename
b20:hf_refine:HF:18:0	b20	hf_refine	HF	18		F	F_b20_cov95v2_HF_refine_h279_F_p28	attempt_92477ea70fe19054ccea	source_log_basename	28	a4435c334f7897018e49ab7feaf5d366edce70f665baf40d49502edd940ce21f	hf_refine.tsv	19	UNIQUE	source_log_basename
b20:hf_refine:HF:18:0	b20	hf_refine	HF	18		H	H_b20_cov95v2_HF_refine_H_p279	attempt_41ae87a4d32a227acdd7	source_log_basename	279	ab35b51df147bded1ce9dd18cd1c9c60b04be7576691f69957142475cf7f1e83	hf_refine.tsv	19	UNIQUE	source_log_basename
b20:hf_refine:HF:19:0	b20	hf_refine	HF	19		F	F_b20_cov95v2_HF_refine_h259_F_p37	attempt_f843291aae1e0c22648e	source_log_basename	37	09737d05b41a2be640253ac5e0aa5d7697307051c6d0bd85d9f8ad27e03640a6	hf_refine.tsv	20	UNIQUE	source_log_basename
b20:hf_refine:HF:19:0	b20	hf_refine	HF	19		H	H_b20_cov95v2_HF_refine_H_p259	attempt_7fa6c52741ba2a69fab7	source_log_basename	259	7487bc655f3a471e96b889e1d96d63fc51aad1a5c3ffc79922204804229d6dd5	hf_refine.tsv	20	UNIQUE	source_log_basename
b20:hf_refine:HF:1:0	b20	hf_refine	HF	1		F	F_b20_cov95v2_HF_refine_h278_F_p35	attempt_192e4e45a545e6f8ceb2	source_log_basename	35	b071871151207a2dfb6118d2f02ede3a727209f3b5bb9f01718dfcbcce5dda05	hf_refine.tsv	2	UNIQUE	source_log_basename
b20:hf_refine:HF:1:0	b20	hf_refine	HF	1		H	H_b20_cov95v2_HF_refine_H_p278	attempt_473f7fb5b832a9509367	source_log_basename	278	cdb9d7d7014c78865ec6e827af2ec802c30bfc3e6d0dd4d232544017fdee2ed3	hf_refine.tsv	2	UNIQUE	source_log_basename
b20:hf_refine:HF:20:0	b20	hf_refine	HF	20		F	F_b20_cov95v2_HF_refine_h299_F_p29	attempt_439cb1786de2499dd699	source_log_basename	29	f6dad3e58356ea08a0bdb0d721a974c8d7543c13b526613602eb5eda658ca368	hf_refine.tsv	21	UNIQUE	source_log_basename
b20:hf_refine:HF:20:0	b20	hf_refine	HF	20		H	H_b20_cov95v2_HF_refine_H_p299	attempt_793532147c35bb8e8a71	source_log_basename	299	966195ed191fe4120585cef0d2aed0ea57a31c55f9b0bacb14a4c3df576d6bd0	hf_refine.tsv	21	UNIQUE	source_log_basename
b20:hf_refine:HF:21:0	b20	hf_refine	HF	21		F	F_b20_cov95v2_HF_refine_h269_F_p40	attempt_b43ca79f16bb6777017b	source_log_basename	40	7db2f93e7f4775d8cf63e58577aefe3e753a71830c7285e151c233ced38c0921	hf_refine.tsv	22	UNIQUE	source_log_basename
b20:hf_refine:HF:21:0	b20	hf_refine	HF	21		H	H_b20_cov95v2_HF_refine_H_p269	attempt_bc04965a6d75de5be962	source_log_basename	269	8c8529c16cc5b406998cf66ffbca6b98911620ce230796ab63d4bb7c68cb6e64	hf_refine.tsv	22	UNIQUE	source_log_basename
b20:hf_refine:HF:22:0	b20	hf_refine	HF	22		F	F_b20_cov95v2_HF_refine_h289_F_p29	attempt_da0551d11019dd5dad7f	source_log_basename	29	e2c51f9972fde25827202f524ea2c8b6b8c91d664770bbaeae724cc9351cc441	hf_refine.tsv	23	UNIQUE	source_log_basename
b20:hf_refine:HF:22:0	b20	hf_refine	HF	22		H	H_b20_cov95v2_HF_refine_H_p289	attempt_d912c1b3dd7aa53664bf	source_log_basename	289	b8d93de0bad81021806e9b94b50418c421cb4a3c3a85f66bc0bc83dbe14e50ab	hf_refine.tsv	23	UNIQUE	source_log_basename
b20:hf_refine:HF:23:0	b20	hf_refine	HF	23		F	F_b20_cov95v2_HF_refine_h274_F_p31	attempt_cf9a1bb3467d9fa21099	source_log_basename	31	df95355b8d6720f6ea74fe647c7d787c2610ef4b5cb0d13c0a0d55af2eef1d64	hf_refine.tsv	24	UNIQUE	source_log_basename
b20:hf_refine:HF:23:0	b20	hf_refine	HF	23		H	H_b20_cov95v2_HF_refine_H_p274	attempt_c27a88b286cef6b584de	source_log_basename	274	b1a8ec4ffafd894c2d7f6d279cb25a9a2dd9f1a46abe842eb6ea6b102a13a3f2	hf_refine.tsv	24	UNIQUE	source_log_basename
b20:hf_refine:HF:24:0	b20	hf_refine	HF	24		F	F_b20_cov95v2_HF_refine_h284_F_p36	attempt_c0fdcd039976c6a7f11b	source_log_basename	36	2d20f6b6f227483879be141e063650837ae97fa1e98975d9f7a4d972b68fba6b	hf_refine.tsv	25	UNIQUE	source_log_basename
b20:hf_refine:HF:24:0	b20	hf_refine	HF	24		H	H_b20_cov95v2_HF_refine_H_p284	attempt_5eb9d5f3ff5350f4e60d	source_log_basename	284	facf7bcd457afd9857b28da93bc666ec3a4ae083ea0540182cc9d946e6e6a9c6	hf_refine.tsv	25	UNIQUE	source_log_basename
b20:hf_refine:HF:25:0	b20	hf_refine	HF	25		F	F_b20_cov95v2_HF_refine_h276_F_p29	attempt_8bf733d32771ea05e978	source_log_basename	29	38ef00ce1c5ab9f52d5bc5a9bc622aecbe0b5d571ccd5ca501c522859ba18cfa	hf_refine.tsv	26	UNIQUE	source_log_basename
b20:hf_refine:HF:25:0	b20	hf_refine	HF	25		H	H_b20_cov95v2_HF_refine_H_p276	attempt_69d0a4929e69b285f645	source_log_basename	276	df985d4b8ffd0b290636fd1f1e5ff7d629c9716775544f40d3de4f0af0a1f207	hf_refine.tsv	26	UNIQUE	source_log_basename
b20:hf_refine:HF:26:0	b20	hf_refine	HF	26		F	F_b20_cov95v2_HF_refine_h282_F_p30	attempt_cc2ac1500b4e2e300413	source_log_basename	30	64189a4ee33a0f776207245e5e0ca5791a8ca75f70695c4830f6cc2362058237	hf_refine.tsv	27	UNIQUE	source_log_basename
b20:hf_refine:HF:26:0	b20	hf_refine	HF	26		H	H_b20_cov95v2_HF_refine_H_p282	attempt_414696b4687082236f21	source_log_basename	282	9cafc9cf93ab4cb1351b8b796145888c47137d3e21f3546d09686f6858907fa6	hf_refine.tsv	27	UNIQUE	source_log_basename
b20:hf_refine:HF:27:0	b20	hf_refine	HF	27		F	F_b20_cov95v2_HF_refine_h277_F_p31	attempt_5310e144c0d429512274	source_log_basename	31	73604ec13bcc608d4ab91de80517c29628c12dbf5a600446abf0fe74e8d09c9c	hf_refine.tsv	28	UNIQUE	source_log_basename
b20:hf_refine:HF:27:0	b20	hf_refine	HF	27		H	H_b20_cov95v2_HF_refine_H_p277	attempt_017ba5c293693f2b6406	source_log_basename	277	07ef77752c9bc3887a7e6d376be615e44a0c1893c9f688d3e6467807edd81201	hf_refine.tsv	28	UNIQUE	source_log_basename
b20:hf_refine:HF:28:0	b20	hf_refine	HF	28		F	F_b20_cov95v2_HF_refine_h281_F_p30	attempt_93bb4cac2199b465f28c	source_log_basename	30	b7c1329f8d0a0edd35ac96c71215ed3be5c5d131a6fcae4fd010d1e623cbc959	hf_refine.tsv	29	UNIQUE	source_log_basename
b20:hf_refine:HF:28:0	b20	hf_refine	HF	28		H	H_b20_cov95v2_HF_refine_H_p281	attempt_9aa57e58c1d4a2a8e27e	source_log_basename	281	9b476a2af249839c62bf103f9aebc765e955aff34ec97f0c387425a9e60f3b73	hf_refine.tsv	29	UNIQUE	source_log_basename
b20:hf_refine:HF:29:0	b20	hf_refine	HF	29		F	F_b20_cov95v2_HF_refine_h280_F_p28	attempt_2f2770d18f85c7973b6b	source_log_basename	28	eebae57d638de7437583abea3fd8fde2016ebb815f03967e51b7f65574a232a0	hf_refine.tsv	30	UNIQUE	source_log_basename
b20:hf_refine:HF:29:0	b20	hf_refine	HF	29		H	H_b20_cov95v2_HF_refine_H_p280	attempt_02208b149f7fe2ca3534	source_log_basename	280	ea1f03c9bb1d0b3026967cfdef7530b0e06802e90483ba7b878bd33eedc73692	hf_refine.tsv	30	UNIQUE	source_log_basename
b20:hf_refine:HF:2:0	b20	hf_refine	HF	2		F	F_b20_cov95v2_HF_refine_h318_F_p18	attempt_80087742e2673586b484	source_log_basename	18	577b15323e46ed1bbf8c45334ef0032e797834c445dac5f59fd0041cf61151d0	hf_refine.tsv	3	UNIQUE	source_log_basename
b20:hf_refine:HF:2:0	b20	hf_refine	HF	2		H	H_b20_cov95v2_HF_refine_H_p318	attempt_e6bdd3787594cab67e1c	source_log_basename	318	46a2375dfeed0ae98b84c1933cb680271d02c391c04120b88ad62e77fbf541d3	hf_refine.tsv	3	UNIQUE	source_log_basename
b20:hf_refine:HF:30:0	b20	hf_refine	HF	30		F	F_b20_cov95v2_HF_refine_h398_F_p16	attempt_54ef346a7cdfd49d69ee	source_log_basename	16	c60b3d2132010757921ebb8a2fc7d8e4582f98efc59efa4cbe8be4493ad4d587	hf_refine.tsv	31	UNIQUE	source_log_basename
b20:hf_refine:HF:30:0	b20	hf_refine	HF	30		H	H_b20_cov95v2_HF_refine_H_p398	attempt_9866955604d1f3e628c1	source_log_basename	398	7d9772aa90ab48bff9e34d1c05b6d5e4fc2e413370d33bac5927431992c6e1c4	hf_refine.tsv	31	UNIQUE	source_log_basename
b20:hf_refine:HF:31:0	b20	hf_refine	HF	31		F	F_b20_cov95v2_HF_refine_h159_F_p69	attempt_110fd2c8c5f3c22ad1e0	source_log_basename	69	bef5147c2a6d29d83366312c8f4c2817cf13389faa625b3464b404dcda43cab2	hf_refine.tsv	32	UNIQUE	source_log_basename
b20:hf_refine:HF:31:0	b20	hf_refine	HF	31		H	H_b20_cov95v2_HF_refine_H_p159	attempt_7a3db105487ee24a4cba	source_log_basename	159	77f188be05c1e606c04e911b11eeb801e8fe2f8489529aa30701832d9ce79b72	hf_refine.tsv	32	UNIQUE	source_log_basename
b20:hf_refine:HF:32:0	b20	hf_refine	HF	32		F	F_b20_cov95v2_HF_refine_h219_F_p48	attempt_0a8361c47e8e607f52cd	source_log_basename	48	0ca5f8635a07e29cf7302fdebf26e073cc3c784fe2a8e9a07dd01163e99c16f6	hf_refine.tsv	33	UNIQUE	source_log_basename
b20:hf_refine:HF:32:0	b20	hf_refine	HF	32		H	H_b20_cov95v2_HF_refine_H_p219	attempt_8a9d808f5b901dac0a89	source_log_basename	219	53fdfe67c61ad7d585dccc1aaea5c7c0b23782013327c8582f0d533e5a98ebca	hf_refine.tsv	33	UNIQUE	source_log_basename
b20:hf_refine:HF:33:0	b20	hf_refine	HF	33		F	F_b20_cov95v2_HF_refine_h229_F_p41	attempt_c802e2c0729a580bdd15	source_log_basename	41	f18297247e903ec450ba8ffc4751103ad2d7cd41c79f761d163bbc24e556e252	hf_refine.tsv	34	UNIQUE	source_log_basename
b20:hf_refine:HF:33:0	b20	hf_refine	HF	33		H	H_b20_cov95v2_HF_refine_H_p229	attempt_2b6c5189a2da4a60b00a	source_log_basename	229	2d3f86f957e4d9e63a37d31a3e1965219560db70d1f321079dbc450ffab36eda	hf_refine.tsv	34	UNIQUE	source_log_basename
b20:hf_refine:HF:34:0	b20	hf_refine	HF	34		F	F_b20_cov95v2_HF_refine_h249_F_p40	attempt_6271accec9da5c0bbbc5	source_log_basename	40	f7a9aa7c5dfb44dfb098f17c41322fd49533367520164a9796a0aaa83668dede	hf_refine.tsv	35	UNIQUE	source_log_basename
b20:hf_refine:HF:34:0	b20	hf_refine	HF	34		H	H_b20_cov95v2_HF_refine_H_p249	attempt_9ce1b6a8ab7eb71d965c	source_log_basename	249	22855dd5d7fd49f2ef66406033ace8092fc434a3c4176a1db3bc1654d5cf7464	hf_refine.tsv	35	UNIQUE	source_log_basename
b20:hf_refine:HF:35:0	b20	hf_refine	HF	35		F	F_b20_cov95v2_HF_refine_h234_F_p44	attempt_7a729b0b979640a4467e	source_log_basename	44	922934203afebb527749b9f10a0507e143d240f2b113290c113f0e10412ccb5d	hf_refine.tsv	36	UNIQUE	source_log_basename
b20:hf_refine:HF:35:0	b20	hf_refine	HF	35		H	H_b20_cov95v2_HF_refine_H_p234	attempt_e3250b96812c4f618989	source_log_basename	234	46e9dc940fd3c6acd3544374aef16853a5070d3538b00d1e7e5314fb81dbc363	hf_refine.tsv	36	UNIQUE	source_log_basename
b20:hf_refine:HF:36:0	b20	hf_refine	HF	36		F	F_b20_cov95v2_HF_refine_h244_F_p34	attempt_c0f9362ffa7bb45fbc1f	source_log_basename	34	5ea7b8a28fb74fead1ce26843ef145a5a22632bf33f02720a072288497de4fb1	hf_refine.tsv	37	UNIQUE	source_log_basename
b20:hf_refine:HF:36:0	b20	hf_refine	HF	36		H	H_b20_cov95v2_HF_refine_H_p244	attempt_6188ea1a4837db947d45	source_log_basename	244	8f0399d7119fa38ff692a36a3e37a69c8bbae88106868d1c20dfc0b776b6fa42	hf_refine.tsv	37	UNIQUE	source_log_basename
b20:hf_refine:HF:37:0	b20	hf_refine	HF	37		F	F_b20_cov95v2_HF_refine_h241_F_p41	attempt_b7d9e77cfdab0e254449	source_log_basename	41	de59fdb4529dd9b8b2098aff3e0dad0088d111917af34888ac2de859c779d243	hf_refine.tsv	38	UNIQUE	source_log_basename
b20:hf_refine:HF:37:0	b20	hf_refine	HF	37		H	H_b20_cov95v2_HF_refine_H_p241	attempt_f1493a7846c032b9533e	source_log_basename	241	46e2fc6360f76d053db5a3a1e7dcdaadaf9527ffa84c0a6aa06b782dd6574acb	hf_refine.tsv	38	UNIQUE	source_log_basename
b20:hf_refine:HF:38:0	b20	hf_refine	HF	38		F	F_b20_cov95v2_HF_refine_h247_F_p40	attempt_3d778c4e21d0abb1c755	source_log_basename	40	0f43b308d9f2e237c6017fff3600eb3d3a8099b477ea98694b591f204007bebb	hf_refine.tsv	39	UNIQUE	source_log_basename
b20:hf_refine:HF:38:0	b20	hf_refine	HF	38		H	H_b20_cov95v2_HF_refine_H_p247	attempt_94b5e766fb50e3e290e4	source_log_basename	247	361ed0d9aa08ee1b9ab98f7584594ca475182623798ca7d20a8192d51431c43a	hf_refine.tsv	39	UNIQUE	source_log_basename
b20:hf_refine:HF:39:0	b20	hf_refine	HF	39		F	F_b20_cov95v2_HF_refine_h242_F_p41	attempt_a74469df0569a7d9a9ff	source_log_basename	41	141d1fb5c231ce8a320803719dcabbbffe5da8cf947ba9416347aff2c5aeedac	hf_refine.tsv	40	UNIQUE	source_log_basename
b20:hf_refine:HF:39:0	b20	hf_refine	HF	39		H	H_b20_cov95v2_HF_refine_H_p242	attempt_92411290e47382e5a567	source_log_basename	242	959a307bf49c5a39c01687e2eea0c5ad6202dbdab6c813dc560a9afab0710762	hf_refine.tsv	40	UNIQUE	source_log_basename
b20:hf_refine:HF:3:0	b20	hf_refine	HF	3		F	F_b20_cov95v2_HF_refine_h358_F_p17	attempt_62ab0cc066b0c4733751	source_log_basename	17	c5718eee5593fde9085947f1e8ba893948b5770fb18a67f9a4f3586892609a2e	hf_refine.tsv	4	UNIQUE	source_log_basename
b20:hf_refine:HF:3:0	b20	hf_refine	HF	3		H	H_b20_cov95v2_HF_refine_H_p358	attempt_fd2bbb55e168127ab712	source_log_basename	358	fa71ae8b4abf55c3082b97760886233b3ac2df12e1060427297c5a814520cd50	hf_refine.tsv	4	UNIQUE	source_log_basename
b20:hf_refine:HF:40:0	b20	hf_refine	HF	40		F	F_b20_cov95v2_HF_refine_h246_F_p39	attempt_e6a818b7f4a7a1280089	source_log_basename	39	0029077bc24b5023502ccdba7cf4204cfd581e4495735e83909923877cc19cf1	hf_refine.tsv	41	UNIQUE	source_log_basename
b20:hf_refine:HF:40:0	b20	hf_refine	HF	40		H	H_b20_cov95v2_HF_refine_H_p246	attempt_3687a0cebb68e19abd5b	source_log_basename	246	fb9299bfc78e6657de05a3bd3827c3f7fb19747838fa1030ea75b9263de7eaa0	hf_refine.tsv	41	UNIQUE	source_log_basename
b20:hf_refine:HF:41:0	b20	hf_refine	HF	41		F	F_b20_cov95v2_HF_refine_h243_F_p43	attempt_728b0f9f42966d774914	source_log_basename	43	e9f80c76a4e8a989def96564714f52e3564d43537f0b9107ce72ed2171e1a616	hf_refine.tsv	42	UNIQUE	source_log_basename
b20:hf_refine:HF:41:0	b20	hf_refine	HF	41		H	H_b20_cov95v2_HF_refine_H_p243	attempt_4b2146e42bae827641e4	source_log_basename	243	e34edd7a55b33de5f5487dc974786fdd64bdefb57cf6367655d2e40f67583978	hf_refine.tsv	42	UNIQUE	source_log_basename
b20:hf_refine:HF:42:0	b20	hf_refine	HF	42		F	F_b20_cov95v2_HF_refine_h245_F_p42	attempt_634c25770b33bdb7d35a	source_log_basename	42	b0404c7ed8514df4d211e85836c6cc792732f5e9e552f7d8cc09f07c65287864	hf_refine.tsv	43	UNIQUE	source_log_basename
b20:hf_refine:HF:42:0	b20	hf_refine	HF	42		H	H_b20_cov95v2_HF_refine_H_p245	attempt_a5ac55cea7896e6f366b	source_log_basename	245	a20dc8cb5b6966dbf5523caa46f10e462e6c62d9d91700ffdf089f715dc26d92	hf_refine.tsv	43	UNIQUE	source_log_basename
b20:hf_refine:HF:43:0	b20	hf_refine	HF	43		F	F_b20_cov95v2_HF_refine_h254_F_p33	attempt_e3e0e1365a7aa7526988	source_log_basename	33	cccc683c0543796a5ac1a54875e12beee604362c28f609189e608968a88befaa	hf_refine.tsv	44	UNIQUE	source_log_basename
b20:hf_refine:HF:43:0	b20	hf_refine	HF	43		H	H_b20_cov95v2_HF_refine_H_p254	attempt_a949e4b95d94473597b1	source_log_basename	254	64e0ba9da50845eaea705535375bc80f5f31ab726944aa4dbe91c621afccdef5	hf_refine.tsv	44	UNIQUE	source_log_basename
b20:hf_refine:HF:44:0	b20	hf_refine	HF	44		F	F_b20_cov95v2_HF_refine_h438_F_p13	attempt_6dbaaa1a7f67e1ae6369	source_log_basename	13	3303f155e9dafbab31bdacf8a8e9d47dc65e8dc155f000c72960058042a15783	hf_refine.tsv	45	UNIQUE	source_log_basename
b20:hf_refine:HF:44:0	b20	hf_refine	HF	44		H	H_b20_cov95v2_HF_refine_H_p438	attempt_55a46eebc57960d4e7de	source_log_basename	438	ff6e28d550d788949579556469cf6c6620ed38ff044b66ab0d273086f1b18572	hf_refine.tsv	45	UNIQUE	source_log_basename
b20:hf_refine:HF:45:0	b20	hf_refine	HF	45		F	F_b20_cov95v2_HF_refine_h378_F_p19	attempt_dccebdb40a62796ce401	source_log_basename	19	8df42e3cd8bc29ac05e04ea2c1e14f33c57d5f0eabd88f2201170a6662d1af20	hf_refine.tsv	46	UNIQUE	source_log_basename
b20:hf_refine:HF:45:0	b20	hf_refine	HF	45		H	H_b20_cov95v2_HF_refine_H_p378	attempt_5291ff3dc6ee5571465d	source_log_basename	378	09e8c862767d6717190119a275246c77f9056a5cab5bb64355ed9578be2a1118	hf_refine.tsv	46	UNIQUE	source_log_basename
b20:hf_refine:HF:46:0	b20	hf_refine	HF	46		F	F_b20_cov95v2_HF_refine_h348_F_p19	attempt_c23e3b0514490016dc1d	source_log_basename	19	ceb026d2d04221f0e7bb837651b47fe3f36cec985b3931997df0d4dac4790a9d	hf_refine.tsv	47	UNIQUE	source_log_basename
b20:hf_refine:HF:46:0	b20	hf_refine	HF	46		H	H_b20_cov95v2_HF_refine_H_p348	attempt_45ddbcef2506e18dc94f	source_log_basename	348	fc524d6b6761389d2eac623ea2327b374498c5aa7128ac1ecf3ef467ed98e7c5	hf_refine.tsv	47	UNIQUE	source_log_basename
b20:hf_refine:HF:47:0	b20	hf_refine	HF	47		F	F_b20_cov95v2_HF_refine_h333_F_p22	attempt_b5ed6127c3717bce7507	source_log_basename	22	525a64268138102ecef876d57dfc51f5344e35b13df9238387ffd33800450bde	hf_refine.tsv	48	UNIQUE	source_log_basename
b20:hf_refine:HF:47:0	b20	hf_refine	HF	47		H	H_b20_cov95v2_HF_refine_H_p333	attempt_c50469cc1431c446cf87	source_log_basename	333	08d95c1062054960028269760fe33f51480428f76d7a11f588c5db56899b5c7e	hf_refine.tsv	48	UNIQUE	source_log_basename
b20:hf_refine:HF:48:0	b20	hf_refine	HF	48		F	F_b20_cov95v2_HF_refine_h326_F_p22	attempt_d22874aa6c17c4331892	source_log_basename	22	a6b8ffc233545055b237be8876a01e1de5289af2400e970ae50448ee8ac27079	hf_refine.tsv	49	UNIQUE	source_log_basename
b20:hf_refine:HF:48:0	b20	hf_refine	HF	48		H	H_b20_cov95v2_HF_refine_H_p326	attempt_bc7f122f4fd42478126c	source_log_basename	326	2f6c287e957f0fbefdab2dad7de2059db2b4aaa7c0ce82ec9f3b19ad68b10b5e	hf_refine.tsv	49	UNIQUE	source_log_basename
b20:hf_refine:HF:49:0	b20	hf_refine	HF	49		F	F_b20_cov95v2_HF_refine_h325_F_p19	attempt_57258261b58bdfe2857a	source_log_basename	19	6e9f78c43c1a90138683a8955d0a2dcedb1b0831385a38da1b728cc7d007d32c	hf_refine.tsv	50	UNIQUE	source_log_basename
b20:hf_refine:HF:49:0	b20	hf_refine	HF	49		H	H_b20_cov95v2_HF_refine_H_p325	attempt_0f8727f338ac09895894	source_log_basename	325	f6c4158002b13d8a5801baf827ca9a6f7642c40ebc7b40300266d420d69e3540	hf_refine.tsv	50	UNIQUE	source_log_basename
b20:hf_refine:HF:4:0	b20	hf_refine	HF	4		F	F_b20_cov95v2_HF_refine_h298_F_p25	attempt_588cfd76b137561beb62	source_log_basename	25	a4169f859e21fb53d27866b5c3052b261d9d3c702209e2fd7418c722666d5cbe	hf_refine.tsv	5	UNIQUE	source_log_basename
b20:hf_refine:HF:4:0	b20	hf_refine	HF	4		H	H_b20_cov95v2_HF_refine_H_p298	attempt_78be8a7ff123af4b961f	source_log_basename	298	87aa4827bd9428047fbb47d833c03b868ac8dd9cf2b1f8ca2b215f2c29ac469f	hf_refine.tsv	5	UNIQUE	source_log_basename
b20:hf_refine:HF:50:0	b20	hf_refine	HF	50		F	F_b20_cov95v2_HF_refine_h322_F_p23	attempt_c26367c265f342d81590	source_log_basename	23	33f725767fd2e947f88e24cd5affdfa4342b45f2b5473ac5659af2b99fc724f2	hf_refine.tsv	51	UNIQUE	source_log_basename
b20:hf_refine:HF:50:0	b20	hf_refine	HF	50		H	H_b20_cov95v2_HF_refine_H_p322	attempt_325611695893f2769dd2	source_log_basename	322	c9213f1106416baa3f41be17cd24bb030d75b44728041c0ac8bcdc96ba720e43	hf_refine.tsv	51	UNIQUE	source_log_basename
b20:hf_refine:HF:51:0	b20	hf_refine	HF	51		F	F_b20_cov95v2_HF_refine_h324_F_p21	attempt_8af4f08ef5bc2e2940f8	source_log_basename	21	9f4fb4c9830c8d664dec5fb613628a304c4af4d52101cd183b073ccca3f0c4b4	hf_refine.tsv	52	UNIQUE	source_log_basename
b20:hf_refine:HF:51:0	b20	hf_refine	HF	51		H	H_b20_cov95v2_HF_refine_H_p324	attempt_32459ed70f492bcefc33	source_log_basename	324	a5e193fdfad32a99591faf691537482eacaa6e934451055361826e807c6a787d	hf_refine.tsv	52	UNIQUE	source_log_basename
b20:hf_refine:HF:5:0	b20	hf_refine	HF	5		F	F_b20_cov95v2_HF_refine_h338_F_p20	attempt_141c210b4e3e0492d2cb	source_log_basename	20	d915ada6af7ec38d4e43c0808dda5b238fa037f1ea70a98ada71086ce55b7cf5	hf_refine.tsv	6	UNIQUE	source_log_basename
b20:hf_refine:HF:5:0	b20	hf_refine	HF	5		H	H_b20_cov95v2_HF_refine_H_p338	attempt_60fc48c802ba165bc54f	source_log_basename	338	70dc9a0f84357a0ecf9bbdbfded4c7579b5b147f33fab3a3fe2c90747db3a22c	hf_refine.tsv	6	UNIQUE	source_log_basename
b20:hf_refine:HF:6:0	b20	hf_refine	HF	6		F	F_b20_cov95v2_HF_refine_h308_F_p24	attempt_6eb1d91ed89ac0eeb41c	source_log_basename	24	e2db3b5c61ce206f6d47d8dedc896d07568da28a5344873a3dff667884e95861	hf_refine.tsv	7	UNIQUE	source_log_basename
b20:hf_refine:HF:6:0	b20	hf_refine	HF	6		H	H_b20_cov95v2_HF_refine_H_p308	attempt_a22ab4efcaeaf972c775	source_log_basename	308	6be10f795abb4e93221b4cde0c3d331c50016f69097b154761efe6a8aa826b58	hf_refine.tsv	7	UNIQUE	source_log_basename
b20:hf_refine:HF:7:0	b20	hf_refine	HF	7		F	F_b20_cov95v2_HF_refine_h328_F_p19	attempt_772ecdb86212b285bf63	source_log_basename	19	2c0e150fa85e38221c1444ffd2a29236dd2957a3ab0ad43317592a6d541f3320	hf_refine.tsv	8	UNIQUE	source_log_basename
b20:hf_refine:HF:7:0	b20	hf_refine	HF	7		H	H_b20_cov95v2_HF_refine_H_p328	attempt_45d39d5abcc989e13a33	source_log_basename	328	1246fac449ec602f810624573951055c5a53453b773fcf26b6961e48d6536d9a	hf_refine.tsv	8	UNIQUE	source_log_basename
b20:hf_refine:HF:8:0	b20	hf_refine	HF	8		F	F_b20_cov95v2_HF_refine_h313_F_p28	attempt_6217e3d18e108c0ea01e	source_log_basename	28	da6882541e7c67d4e962e23c5d27a7e7ff0c46822f98a388d9236e84705d7eec	hf_refine.tsv	9	UNIQUE	source_log_basename
b20:hf_refine:HF:8:0	b20	hf_refine	HF	8		H	H_b20_cov95v2_HF_refine_H_p313	attempt_f68345e3fdc62a5eef4c	source_log_basename	313	db3bb4ab8be39ed6b8cafead3df6a18dd620e7fa46f73c03190d9d8e644a6b0b	hf_refine.tsv	9	UNIQUE	source_log_basename
b20:hf_refine:HF:9:0	b20	hf_refine	HF	9		F	F_b20_cov95v2_HF_refine_h323_F_p19	attempt_e504c24065812db4f932	source_log_basename	19	f689face889ca1e02acef94fc0b22c9d15562d0115ed2170c2fb5f5074bfc344	hf_refine.tsv	10	UNIQUE	source_log_basename
b20:hf_refine:HF:9:0	b20	hf_refine	HF	9		H	H_b20_cov95v2_HF_refine_H_p323	attempt_323e1925dba4b5cc1603	source_log_basename	323	19a164bb45e3f5e220c5bbb89716142ed43d735528661f453fb68b551f5f87dd	hf_refine.tsv	10	UNIQUE	source_log_basename
b20:hmf_coarse:HMF:100:0	b20	hmf_coarse	HMF	100		F				0	NA	hmf_coarse.tsv	101	NOT_RUN	TARGET_BEFORE_F
b20:hmf_coarse:HMF:100:0	b20	hmf_coarse	HMF	100		H	H_b20_cov95v2_HMF_h05_H_p159	attempt_9ef216c18868c33fd1e6	source_log_basename	159	77f188be05c1e606c04e911b11eeb801e8fe2f8489529aa30701832d9ce79b72	hmf_coarse.tsv	101	UNIQUE	source_log_basename
b20:hmf_coarse:HMF:100:0	b20	hmf_coarse	HMF	100		M	M_b20_cov95v2_HMF_h159_m016_p299	attempt_9e80b2906e08b8002581	source_log_basename	299	75192fd66ef92fd01261d28dfeb7986c6f95870e9cb033c31e93f1a5c5413f84	hmf_coarse.tsv	101	UNIQUE	source_log_basename
b20:hmf_coarse:HMF:101:0	b20	hmf_coarse	HMF	101		F				0	NA	hmf_coarse.tsv	102	NOT_RUN	TARGET_BEFORE_F
b20:hmf_coarse:HMF:101:0	b20	hmf_coarse	HMF	101		H	H_b20_cov95v2_HMF_h05_H_p159	attempt_9ef216c18868c33fd1e6	source_log_basename	159	77f188be05c1e606c04e911b11eeb801e8fe2f8489529aa30701832d9ce79b72	hmf_coarse.tsv	102	UNIQUE	source_log_basename
b20:hmf_coarse:HMF:101:0	b20	hmf_coarse	HMF	101		M	M_b20_cov95v2_HMF_h159_m017_p319	attempt_1733f236b39cb3b3aac7	source_log_basename	319	83448fe3a0bac28816a1436ebb9169220cc35c1feec7c67df796d4f872d46b0f	hmf_coarse.tsv	102	UNIQUE	source_log_basename
b20:hmf_coarse:HMF:102:0	b20	hmf_coarse	HMF	102		F				0	NA	hmf_coarse.tsv	103	NOT_RUN	TARGET_BEFORE_F
b20:hmf_coarse:HMF:102:0	b20	hmf_coarse	HMF	102		H	H_b20_cov95v2_HMF_h05_H_p159	attempt_9ef216c18868c33fd1e6	source_log_basename	159	77f188be05c1e606c04e911b11eeb801e8fe2f8489529aa30701832d9ce79b72	hmf_coarse.tsv	103	UNIQUE	source_log_basename
b20:hmf_coarse:HMF:102:0	b20	hmf_coarse	HMF	102		M	M_b20_cov95v2_HMF_h159_m018_p339	attempt_4d40d3770338fe681397	source_log_basename	338	8e33555051f3c242748d24367be59e0b7e89b45fa731852c19355ebc5a331011	hmf_coarse.tsv	103	UNIQUE	source_log_basename
b20:hmf_coarse:HMF:103:0	b20	hmf_coarse	HMF	103		F				0	NA	hmf_coarse.tsv	104	NOT_RUN	TARGET_BEFORE_F
b20:hmf_coarse:HMF:103:0	b20	hmf_coarse	HMF	103		H	H_b20_cov95v2_HMF_h05_H_p159	attempt_9ef216c18868c33fd1e6	source_log_basename	159	77f188be05c1e606c04e911b11eeb801e8fe2f8489529aa30701832d9ce79b72	hmf_coarse.tsv	104	UNIQUE	source_log_basename
b20:hmf_coarse:HMF:103:0	b20	hmf_coarse	HMF	103		M	M_b20_cov95v2_HMF_h159_m019_p359	attempt_0ec01e301fe9a21776da	source_log_basename	355	43cb51c35c6e7a896ce6443882ad6caa5cf7af4934947ba4cc2898ead3816e0f	hmf_coarse.tsv	104	UNIQUE	source_log_basename
b20:hmf_coarse:HMF:104:0	b20	hmf_coarse	HMF	104		F				0	NA	hmf_coarse.tsv	105	NOT_RUN	TARGET_BEFORE_F
b20:hmf_coarse:HMF:104:0	b20	hmf_coarse	HMF	104		H	H_b20_cov95v2_HMF_h05_H_p159	attempt_9ef216c18868c33fd1e6	source_log_basename	159	77f188be05c1e606c04e911b11eeb801e8fe2f8489529aa30701832d9ce79b72	hmf_coarse.tsv	105	UNIQUE	source_log_basename
b20:hmf_coarse:HMF:104:0	b20	hmf_coarse	HMF	104		M	M_b20_cov95v2_HMF_h159_m020_p379	attempt_2815aac2aad2e45e6d82	source_log_basename	374	e5a74931174cc8f7cdc5a66fe825149854a54f54b09730350efb83d6c6de1813	hmf_coarse.tsv	105	UNIQUE	source_log_basename
b20:hmf_coarse:HMF:105:0	b20	hmf_coarse	HMF	105		F				0	NA	hmf_coarse.tsv	106	NOT_RUN	TARGET_BEFORE_F
b20:hmf_coarse:HMF:105:0	b20	hmf_coarse	HMF	105		H	H_b20_cov95v2_HMF_h05_H_p159	attempt_9ef216c18868c33fd1e6	source_log_basename	159	77f188be05c1e606c04e911b11eeb801e8fe2f8489529aa30701832d9ce79b72	hmf_coarse.tsv	106	UNIQUE	source_log_basename
b20:hmf_coarse:HMF:105:0	b20	hmf_coarse	HMF	105		M	M_b20_cov95v2_HMF_h159_Mfull	attempt_dd6ed1ab390b09246de1	source_log_basename	399	361714a42437934f3edd6da999386086c81ca7dd2048a5dcfbe365f2679a16cf	hmf_coarse.tsv	106	UNIQUE	source_log_basename
b20:hmf_coarse:HMF:106:0	b20	hmf_coarse	HMF	106		F	F_b20_cov95v2_HMF_h199_m1_F_p49	attempt_b84da8080ec2d634ad35	source_log_basename	49	682fca7be33a2159f004f69997a6281bade5a53d645a21136b3b154375be042a	hmf_coarse.tsv	107	UNIQUE	source_log_basename
b20:hmf_coarse:HMF:106:0	b20	hmf_coarse	HMF	106		H	H_b20_cov95v2_HMF_h06_H_p199	attempt_83c00ae1a327edffce82	source_log_basename	199	61b6b37223b6941a3f03dc5227205bfd2c7a4b270f46326bc06a496afa38de17	hmf_coarse.tsv	107	UNIQUE	source_log_basename
b20:hmf_coarse:HMF:106:0	b20	hmf_coarse	HMF	106		M	M_b20_cov95v2_HMF_h199_m001_p1	attempt_0e743743d90132629eee	source_log_basename	1	bbdd534fcd29395bc2037470e8bd62aa397fd46208f6c6c731aecb7b474532a4	hmf_coarse.tsv	107	UNIQUE	source_log_basename
b20:hmf_coarse:HMF:107:0	b20	hmf_coarse	HMF	107		F	F_b20_cov95v2_HMF_h199_m19_F_p23	attempt_fd70fa02dd521189ecd8	source_log_basename	23	d5f2fa1ad94c7609641efaf3f5e9f6189eca11d441ff3c11002e61cb12a483b8	hmf_coarse.tsv	108	UNIQUE	source_log_basename
b20:hmf_coarse:HMF:107:0	b20	hmf_coarse	HMF	107		H	H_b20_cov95v2_HMF_h06_H_p199	attempt_83c00ae1a327edffce82	source_log_basename	199	61b6b37223b6941a3f03dc5227205bfd2c7a4b270f46326bc06a496afa38de17	hmf_coarse.tsv	108	UNIQUE	source_log_basename
b20:hmf_coarse:HMF:107:0	b20	hmf_coarse	HMF	107		M	M_b20_cov95v2_HMF_h199_m002_p19	attempt_07384c6ecc22838ee049	source_log_basename	19	f3303cfb6a6fd55ce86b7ab5f95d42b325e65b379e7d76a475532a4f7dd3bf74	hmf_coarse.tsv	108	UNIQUE	source_log_basename
b20:hmf_coarse:HMF:108:0	b20	hmf_coarse	HMF	108		F	F_b20_cov95v2_HMF_h199_m38_F_p19	attempt_2c996b1059369d277b6e	source_log_basename	19	f801d895e0d30ca9563427a7225de95c0f66964d1b3af4a7e2398666f060bfc6	hmf_coarse.tsv	109	UNIQUE	source_log_basename
b20:hmf_coarse:HMF:108:0	b20	hmf_coarse	HMF	108		H	H_b20_cov95v2_HMF_h06_H_p199	attempt_83c00ae1a327edffce82	source_log_basename	199	61b6b37223b6941a3f03dc5227205bfd2c7a4b270f46326bc06a496afa38de17	hmf_coarse.tsv	109	UNIQUE	source_log_basename
b20:hmf_coarse:HMF:108:0	b20	hmf_coarse	HMF	108		M	M_b20_cov95v2_HMF_h199_m003_p38	attempt_abc75db8998f261e547b	source_log_basename	38	50234383542e69f588b9bce08970982d78fc17577206c1aa6bd3165007fb8ff6	hmf_coarse.tsv	109	UNIQUE	source_log_basename
b20:hmf_coarse:HMF:109:0	b20	hmf_coarse	HMF	109		F	F_b20_cov95v2_HMF_h199_m57_F_p8	attempt_275d94536df2e5d51420	source_log_basename	8	71bc04b3e95500b2630b9060181bbdfe634d1966f9414229408891bb8159523d	hmf_coarse.tsv	110	UNIQUE	source_log_basename
b20:hmf_coarse:HMF:109:0	b20	hmf_coarse	HMF	109		H	H_b20_cov95v2_HMF_h06_H_p199	attempt_83c00ae1a327edffce82	source_log_basename	199	61b6b37223b6941a3f03dc5227205bfd2c7a4b270f46326bc06a496afa38de17	hmf_coarse.tsv	110	UNIQUE	source_log_basename
b20:hmf_coarse:HMF:109:0	b20	hmf_coarse	HMF	109		M	M_b20_cov95v2_HMF_h199_m004_p57	attempt_7bf9076ba7a854652f60	source_log_basename	57	28e6d589ab0474b77185ea3df0137eb42474f66b8af83c30124e27774245b877	hmf_coarse.tsv	110	UNIQUE	source_log_basename
b20:hmf_coarse:HMF:10:0	b20	hmf_coarse	HMF	10		F				0	NA	hmf_coarse.tsv	11	NOT_RUN	TARGET_BEFORE_F
b20:hmf_coarse:HMF:10:0	b20	hmf_coarse	HMF	10		H	H_b20_cov95v2_HMF_h01_H_p1	attempt_bc0e0a4ac7524732dd08	source_log_basename	1	d52d10ca84f3e58c0c5b82699b0efa0295216414bc28a9ee35d8844974e85efb	hmf_coarse.tsv	11	UNIQUE	source_log_basename
b20:hmf_coarse:HMF:10:0	b20	hmf_coarse	HMF	10		M	M_b20_cov95v2_HMF_h1_m010_p221	attempt_7ec34d3a00c6bc7dccc2	source_log_basename	221	ccf7145293113f43d172f4ebc75f6afea00cfe21fcc262a6880a88cf40ac61f7	hmf_coarse.tsv	11	UNIQUE	source_log_basename
b20:hmf_coarse:HMF:110:0	b20	hmf_coarse	HMF	110		F				0	NA	hmf_coarse.tsv	111	NOT_RUN	TARGET_BEFORE_F
b20:hmf_coarse:HMF:110:0	b20	hmf_coarse	HMF	110		H	H_b20_cov95v2_HMF_h06_H_p199	attempt_83c00ae1a327edffce82	source_log_basename	199	61b6b37223b6941a3f03dc5227205bfd2c7a4b270f46326bc06a496afa38de17	hmf_coarse.tsv	111	UNIQUE	source_log_basename
b20:hmf_coarse:HMF:110:0	b20	hmf_coarse	HMF	110		M	M_b20_cov95v2_HMF_h199_m005_p76	attempt_cd3dccf5c663af56eb9b	source_log_basename	76	ae54afa4919f07b023127a8c6f09a31c7e4e8a7e5361ba95c6f71fa81e6aa31b	hmf_coarse.tsv	111	UNIQUE	source_log_basename
b20:hmf_coarse:HMF:111:0	b20	hmf_coarse	HMF	111		F				0	NA	hmf_coarse.tsv	112	NOT_RUN	TARGET_BEFORE_F
b20:hmf_coarse:HMF:111:0	b20	hmf_coarse	HMF	111		H	H_b20_cov95v2_HMF_h06_H_p199	attempt_83c00ae1a327edffce82	source_log_basename	199	61b6b37223b6941a3f03dc5227205bfd2c7a4b270f46326bc06a496afa38de17	hmf_coarse.tsv	112	UNIQUE	source_log_basename
b20:hmf_coarse:HMF:111:0	b20	hmf_coarse	HMF	111		M	M_b20_cov95v2_HMF_h199_m006_p95	attempt_439a35ff20d8ec604e68	source_log_basename	95	cd8d56137065c109810021680f5c039d5cb844c939bb363df41a49927dbb624a	hmf_coarse.tsv	112	UNIQUE	source_log_basename
b20:hmf_coarse:HMF:112:0	b20	hmf_coarse	HMF	112		F				0	NA	hmf_coarse.tsv	113	NOT_RUN	TARGET_BEFORE_F
b20:hmf_coarse:HMF:112:0	b20	hmf_coarse	HMF	112		H	H_b20_cov95v2_HMF_h06_H_p199	attempt_83c00ae1a327edffce82	source_log_basename	199	61b6b37223b6941a3f03dc5227205bfd2c7a4b270f46326bc06a496afa38de17	hmf_coarse.tsv	113	UNIQUE	source_log_basename
b20:hmf_coarse:HMF:112:0	b20	hmf_coarse	HMF	112		M	M_b20_cov95v2_HMF_h199_m007_p113	attempt_abb0cd8409c6450e6fd8	source_log_basename	113	184bd9481191eb83a8ddc2d18ebe66e8a71bad95cce3f7349aa0b7f4ae3d6fd6	hmf_coarse.tsv	113	UNIQUE	source_log_basename
b20:hmf_coarse:HMF:113:0	b20	hmf_coarse	HMF	113		F				0	NA	hmf_coarse.tsv	114	NOT_RUN	TARGET_BEFORE_F
b20:hmf_coarse:HMF:113:0	b20	hmf_coarse	HMF	113		H	H_b20_cov95v2_HMF_h06_H_p199	attempt_83c00ae1a327edffce82	source_log_basename	199	61b6b37223b6941a3f03dc5227205bfd2c7a4b270f46326bc06a496afa38de17	hmf_coarse.tsv	114	UNIQUE	source_log_basename
b20:hmf_coarse:HMF:113:0	b20	hmf_coarse	HMF	113		M	M_b20_cov95v2_HMF_h199_m008_p132	attempt_03cc706ea344bb5e4081	source_log_basename	132	eff66e875ce6694b14dd53350d0e9c13bba51fca247e7860afddf4c2435d3044	hmf_coarse.tsv	114	UNIQUE	source_log_basename
b20:hmf_coarse:HMF:114:0	b20	hmf_coarse	HMF	114		F				0	NA	hmf_coarse.tsv	115	NOT_RUN	TARGET_BEFORE_F
b20:hmf_coarse:HMF:114:0	b20	hmf_coarse	HMF	114		H	H_b20_cov95v2_HMF_h06_H_p199	attempt_83c00ae1a327edffce82	source_log_basename	199	61b6b37223b6941a3f03dc5227205bfd2c7a4b270f46326bc06a496afa38de17	hmf_coarse.tsv	115	UNIQUE	source_log_basename
b20:hmf_coarse:HMF:114:0	b20	hmf_coarse	HMF	114		M	M_b20_cov95v2_HMF_h199_m009_p151	attempt_a9d68dbfc8156cca368a	source_log_basename	151	28f6435dd6b935339144a8f97b9ccebc4986a25898a7fe4096f3e494bfbc270e	hmf_coarse.tsv	115	UNIQUE	source_log_basename
b20:hmf_coarse:HMF:115:0	b20	hmf_coarse	HMF	115		F				0	NA	hmf_coarse.tsv	116	NOT_RUN	TARGET_BEFORE_F
b20:hmf_coarse:HMF:115:0	b20	hmf_coarse	HMF	115		H	H_b20_cov95v2_HMF_h06_H_p199	attempt_83c00ae1a327edffce82	source_log_basename	199	61b6b37223b6941a3f03dc5227205bfd2c7a4b270f46326bc06a496afa38de17	hmf_coarse.tsv	116	UNIQUE	source_log_basename
b20:hmf_coarse:HMF:115:0	b20	hmf_coarse	HMF	115		M	M_b20_cov95v2_HMF_h199_m010_p170	attempt_a6dda166464dbc62fe48	source_log_basename	170	d1b6dc616aeb9c8f3be0a89f960b6f5c298f02c896877dfd008aa45e080daca9	hmf_coarse.tsv	116	UNIQUE	source_log_basename
b20:hmf_coarse:HMF:116:0	b20	hmf_coarse	HMF	116		F				0	NA	hmf_coarse.tsv	117	NOT_RUN	TARGET_BEFORE_F
b20:hmf_coarse:HMF:116:0	b20	hmf_coarse	HMF	116		H	H_b20_cov95v2_HMF_h06_H_p199	attempt_83c00ae1a327edffce82	source_log_basename	199	61b6b37223b6941a3f03dc5227205bfd2c7a4b270f46326bc06a496afa38de17	hmf_coarse.tsv	117	UNIQUE	source_log_basename
b20:hmf_coarse:HMF:116:0	b20	hmf_coarse	HMF	116		M	M_b20_cov95v2_HMF_h199_m011_p189	attempt_d5273908f3a5579505d6	source_log_basename	189	a14a64de952edfa03094bd9c90af86506ba3a0cc6def77984d4f226e40facf1f	hmf_coarse.tsv	117	UNIQUE	source_log_basename
b20:hmf_coarse:HMF:117:0	b20	hmf_coarse	HMF	117		F				0	NA	hmf_coarse.tsv	118	NOT_RUN	TARGET_BEFORE_F
b20:hmf_coarse:HMF:117:0	b20	hmf_coarse	HMF	117		H	H_b20_cov95v2_HMF_h06_H_p199	attempt_83c00ae1a327edffce82	source_log_basename	199	61b6b37223b6941a3f03dc5227205bfd2c7a4b270f46326bc06a496afa38de17	hmf_coarse.tsv	118	UNIQUE	source_log_basename
b20:hmf_coarse:HMF:117:0	b20	hmf_coarse	HMF	117		M	M_b20_cov95v2_HMF_h199_m012_p208	attempt_e678d9ca70b533eea55e	source_log_basename	208	b93ba33bc1271a8f90657ab4805da2935ca7d2016271c252de298fc07825c954	hmf_coarse.tsv	118	UNIQUE	source_log_basename
b20:hmf_coarse:HMF:118:0	b20	hmf_coarse	HMF	118		F				0	NA	hmf_coarse.tsv	119	NOT_RUN	TARGET_BEFORE_F
b20:hmf_coarse:HMF:118:0	b20	hmf_coarse	HMF	118		H	H_b20_cov95v2_HMF_h06_H_p199	attempt_83c00ae1a327edffce82	source_log_basename	199	61b6b37223b6941a3f03dc5227205bfd2c7a4b270f46326bc06a496afa38de17	hmf_coarse.tsv	119	UNIQUE	source_log_basename
b20:hmf_coarse:HMF:118:0	b20	hmf_coarse	HMF	118		M	M_b20_cov95v2_HMF_h199_m013_p227	attempt_ad44705205b03ab05a8e	source_log_basename	227	980e71ae954c58c3a1fee1f06e1b1269b6ca6c44cbd69b06f50d8ebb861c0e54	hmf_coarse.tsv	119	UNIQUE	source_log_basename
b20:hmf_coarse:HMF:119:0	b20	hmf_coarse	HMF	119		F				0	NA	hmf_coarse.tsv	120	NOT_RUN	TARGET_BEFORE_F
b20:hmf_coarse:HMF:119:0	b20	hmf_coarse	HMF	119		H	H_b20_cov95v2_HMF_h06_H_p199	attempt_83c00ae1a327edffce82	source_log_basename	199	61b6b37223b6941a3f03dc5227205bfd2c7a4b270f46326bc06a496afa38de17	hmf_coarse.tsv	120	UNIQUE	source_log_basename
b20:hmf_coarse:HMF:119:0	b20	hmf_coarse	HMF	119		M	M_b20_cov95v2_HMF_h199_m014_p246	attempt_a7c0f7e6746866e13cce	source_log_basename	245	29899f3267110492210a345be4373be91c627fecd391081ebf298f14502f5a0c	hmf_coarse.tsv	120	UNIQUE	source_log_basename
b20:hmf_coarse:HMF:11:0	b20	hmf_coarse	HMF	11		F				0	NA	hmf_coarse.tsv	12	NOT_RUN	TARGET_BEFORE_F
b20:hmf_coarse:HMF:11:0	b20	hmf_coarse	HMF	11		H	H_b20_cov95v2_HMF_h01_H_p1	attempt_bc0e0a4ac7524732dd08	source_log_basename	1	d52d10ca84f3e58c0c5b82699b0efa0295216414bc28a9ee35d8844974e85efb	hmf_coarse.tsv	12	UNIQUE	source_log_basename
b20:hmf_coarse:HMF:11:0	b20	hmf_coarse	HMF	11		M	M_b20_cov95v2_HMF_h1_m011_p246	attempt_a56df2ae0a42a3dabe6a	source_log_basename	246	ec50a43ddb2a3bd55733f073260fb2f61d73f2e41f1fd69ab6ec9d0871b7f0cf	hmf_coarse.tsv	12	UNIQUE	source_log_basename
b20:hmf_coarse:HMF:120:0	b20	hmf_coarse	HMF	120		F				0	NA	hmf_coarse.tsv	121	NOT_RUN	TARGET_BEFORE_F
b20:hmf_coarse:HMF:120:0	b20	hmf_coarse	HMF	120		H	H_b20_cov95v2_HMF_h06_H_p199	attempt_83c00ae1a327edffce82	source_log_basename	199	61b6b37223b6941a3f03dc5227205bfd2c7a4b270f46326bc06a496afa38de17	hmf_coarse.tsv	121	UNIQUE	source_log_basename
b20:hmf_coarse:HMF:120:0	b20	hmf_coarse	HMF	120		M	M_b20_cov95v2_HMF_h199_m015_p265	attempt_d59a267b2a4a7fcd8b83	source_log_basename	265	6deb43682fed48aa5e11a7025e7d1cf217bb1730f21dcdeca80e0e81adc506b0	hmf_coarse.tsv	121	UNIQUE	source_log_basename
b20:hmf_coarse:HMF:121:0	b20	hmf_coarse	HMF	121		F				0	NA	hmf_coarse.tsv	122	NOT_RUN	TARGET_BEFORE_F
b20:hmf_coarse:HMF:121:0	b20	hmf_coarse	HMF	121		H	H_b20_cov95v2_HMF_h06_H_p199	attempt_83c00ae1a327edffce82	source_log_basename	199	61b6b37223b6941a3f03dc5227205bfd2c7a4b270f46326bc06a496afa38de17	hmf_coarse.tsv	122	UNIQUE	source_log_basename
b20:hmf_coarse:HMF:121:0	b20	hmf_coarse	HMF	121		M	M_b20_cov95v2_HMF_h199_m016_p284	attempt_2dd066a1494ab492c575	source_log_basename	284	f301fe969626b20212353da6d2102d25b3fa4848a5ef30768d026c20c380acac	hmf_coarse.tsv	122	UNIQUE	source_log_basename
b20:hmf_coarse:HMF:122:0	b20	hmf_coarse	HMF	122		F				0	NA	hmf_coarse.tsv	123	NOT_RUN	TARGET_BEFORE_F
b20:hmf_coarse:HMF:122:0	b20	hmf_coarse	HMF	122		H	H_b20_cov95v2_HMF_h06_H_p199	attempt_83c00ae1a327edffce82	source_log_basename	199	61b6b37223b6941a3f03dc5227205bfd2c7a4b270f46326bc06a496afa38de17	hmf_coarse.tsv	123	UNIQUE	source_log_basename
b20:hmf_coarse:HMF:122:0	b20	hmf_coarse	HMF	122		M	M_b20_cov95v2_HMF_h199_m017_p302	attempt_4307cb95ab10cc3c25ae	source_log_basename	300	0017f524a58580c0f734ccf0f6db3cbdc6d8c3e360f94af582f48e0bd94fa751	hmf_coarse.tsv	123	UNIQUE	source_log_basename
b20:hmf_coarse:HMF:123:0	b20	hmf_coarse	HMF	123		F				0	NA	hmf_coarse.tsv	124	NOT_RUN	TARGET_BEFORE_F
b20:hmf_coarse:HMF:123:0	b20	hmf_coarse	HMF	123		H	H_b20_cov95v2_HMF_h06_H_p199	attempt_83c00ae1a327edffce82	source_log_basename	199	61b6b37223b6941a3f03dc5227205bfd2c7a4b270f46326bc06a496afa38de17	hmf_coarse.tsv	124	UNIQUE	source_log_basename
b20:hmf_coarse:HMF:123:0	b20	hmf_coarse	HMF	123		M	M_b20_cov95v2_HMF_h199_m018_p321	attempt_11c7cc1dc49e7902e9d1	source_log_basename	321	69ca964e4184026bdd2cb9b0fcfcd8801b39cb4d3e2c5494a2e142f254404f43	hmf_coarse.tsv	124	UNIQUE	source_log_basename
b20:hmf_coarse:HMF:124:0	b20	hmf_coarse	HMF	124		F				0	NA	hmf_coarse.tsv	125	NOT_RUN	TARGET_BEFORE_F
b20:hmf_coarse:HMF:124:0	b20	hmf_coarse	HMF	124		H	H_b20_cov95v2_HMF_h06_H_p199	attempt_83c00ae1a327edffce82	source_log_basename	199	61b6b37223b6941a3f03dc5227205bfd2c7a4b270f46326bc06a496afa38de17	hmf_coarse.tsv	125	UNIQUE	source_log_basename
b20:hmf_coarse:HMF:124:0	b20	hmf_coarse	HMF	124		M	M_b20_cov95v2_HMF_h199_m019_p340	attempt_b3a7ffe54bfae8718310	source_log_basename	340	0f2125feb32133e9dc2f2584785efe857862df3a29cf754d53f13eb6e780e2c0	hmf_coarse.tsv	125	UNIQUE	source_log_basename
b20:hmf_coarse:HMF:125:0	b20	hmf_coarse	HMF	125		F				0	NA	hmf_coarse.tsv	126	NOT_RUN	TARGET_BEFORE_F
b20:hmf_coarse:HMF:125:0	b20	hmf_coarse	HMF	125		H	H_b20_cov95v2_HMF_h06_H_p199	attempt_83c00ae1a327edffce82	source_log_basename	199	61b6b37223b6941a3f03dc5227205bfd2c7a4b270f46326bc06a496afa38de17	hmf_coarse.tsv	126	UNIQUE	source_log_basename
b20:hmf_coarse:HMF:125:0	b20	hmf_coarse	HMF	125		M	M_b20_cov95v2_HMF_h199_m020_p359	attempt_55eaab2a7f4281936b49	source_log_basename	355	5a1eeb6ea1de067d70961c776d340069638890621997e2c794f565986eef0362	hmf_coarse.tsv	126	UNIQUE	source_log_basename
b20:hmf_coarse:HMF:126:0	b20	hmf_coarse	HMF	126		F				0	NA	hmf_coarse.tsv	127	NOT_RUN	TARGET_BEFORE_F
b20:hmf_coarse:HMF:126:0	b20	hmf_coarse	HMF	126		H	H_b20_cov95v2_HMF_h06_H_p199	attempt_83c00ae1a327edffce82	source_log_basename	199	61b6b37223b6941a3f03dc5227205bfd2c7a4b270f46326bc06a496afa38de17	hmf_coarse.tsv	127	UNIQUE	source_log_basename
b20:hmf_coarse:HMF:126:0	b20	hmf_coarse	HMF	126		M	M_b20_cov95v2_HMF_h199_Mfull	attempt_528900df6f94b93b0d16	source_log_basename	378	361714a42437934f3edd6da999386086c81ca7dd2048a5dcfbe365f2679a16cf	hmf_coarse.tsv	127	UNIQUE	source_log_basename
b20:hmf_coarse:HMF:127:0	b20	hmf_coarse	HMF	127		F	F_b20_cov95v2_HMF_h239_m1_F_p39	attempt_70a2439614f67c5ac4cd	source_log_basename	39	ebe4757b7ece873937659336e2e8f1a6a4bd5ced9a1bc04b68b251f59b6b548e	hmf_coarse.tsv	128	UNIQUE	source_log_basename
b20:hmf_coarse:HMF:127:0	b20	hmf_coarse	HMF	127		H	H_b20_cov95v2_HMF_h07_H_p239	attempt_a76ade7eb1487523aa95	source_log_basename	239	d0cb2bbbe5330f293ebe65a0e16138978de7499ed8fe136493cef34c9e6bfa9c	hmf_coarse.tsv	128	UNIQUE	source_log_basename
b20:hmf_coarse:HMF:127:0	b20	hmf_coarse	HMF	127		M	M_b20_cov95v2_HMF_h239_m001_p1	attempt_923060404be0ee2a1053	source_log_basename	1	9dcad42d23b86ca92b9811e37b74792b24d5ab60ef3a7103d6c6e755a58503d3	hmf_coarse.tsv	128	UNIQUE	source_log_basename
b20:hmf_coarse:HMF:128:0	b20	hmf_coarse	HMF	128		F	F_b20_cov95v2_HMF_h239_m18_F_p19	attempt_2636542cdc1499d61444	source_log_basename	19	a98ec3644ee65d077f53224e37a0ec745e7b83f391ecbf4a4ef1c9af4e36153f	hmf_coarse.tsv	129	UNIQUE	source_log_basename
b20:hmf_coarse:HMF:128:0	b20	hmf_coarse	HMF	128		H	H_b20_cov95v2_HMF_h07_H_p239	attempt_a76ade7eb1487523aa95	source_log_basename	239	d0cb2bbbe5330f293ebe65a0e16138978de7499ed8fe136493cef34c9e6bfa9c	hmf_coarse.tsv	129	UNIQUE	source_log_basename
b20:hmf_coarse:HMF:128:0	b20	hmf_coarse	HMF	128		M	M_b20_cov95v2_HMF_h239_m002_p18	attempt_1c9431757cec26e9dc3b	source_log_basename	18	60ac04b17cdb647edab389dad2ef29a207ab5cd8975eed029e72b497d3519d77	hmf_coarse.tsv	129	UNIQUE	source_log_basename
b20:hmf_coarse:HMF:129:0	b20	hmf_coarse	HMF	129		F	F_b20_cov95v2_HMF_h239_m36_F_p11	attempt_ba4623de4b8c73b60534	source_log_basename	11	c6073938234c05d8a2659171130f32046cfbfe18897521facfcbe4e1cfb3c994	hmf_coarse.tsv	130	UNIQUE	source_log_basename
b20:hmf_coarse:HMF:129:0	b20	hmf_coarse	HMF	129		H	H_b20_cov95v2_HMF_h07_H_p239	attempt_a76ade7eb1487523aa95	source_log_basename	239	d0cb2bbbe5330f293ebe65a0e16138978de7499ed8fe136493cef34c9e6bfa9c	hmf_coarse.tsv	130	UNIQUE	source_log_basename
b20:hmf_coarse:HMF:129:0	b20	hmf_coarse	HMF	129		M	M_b20_cov95v2_HMF_h239_m003_p36	attempt_a220fd4f6be59ff718ae	source_log_basename	36	f2d9d8d69aa09e4ce359cae6395b8824e305b25296c292ae411e18dc4feee4e8	hmf_coarse.tsv	130	UNIQUE	source_log_basename
b20:hmf_coarse:HMF:12:0	b20	hmf_coarse	HMF	12		F				0	NA	hmf_coarse.tsv	13	NOT_RUN	TARGET_BEFORE_F
b20:hmf_coarse:HMF:12:0	b20	hmf_coarse	HMF	12		H	H_b20_cov95v2_HMF_h01_H_p1	attempt_bc0e0a4ac7524732dd08	source_log_basename	1	d52d10ca84f3e58c0c5b82699b0efa0295216414bc28a9ee35d8844974e85efb	hmf_coarse.tsv	13	UNIQUE	source_log_basename
b20:hmf_coarse:HMF:12:0	b20	hmf_coarse	HMF	12		M	M_b20_cov95v2_HMF_h1_m012_p270	attempt_26402f6033bb759be4db	source_log_basename	270	d583af74f9920a36c2ec0a6eea6a516c5ae36601ac382b257706e04e4e9d85bf	hmf_coarse.tsv	13	UNIQUE	source_log_basename
b20:hmf_coarse:HMF:130:0	b20	hmf_coarse	HMF	130		F	F_b20_cov95v2_HMF_h239_m54_F_p4	attempt_47b5df383adec9bb5773	source_log_basename	4	a754748b7abf0b7b46686b63645727a3b278e5a2d9791af7222a0eb35af42bc6	hmf_coarse.tsv	131	UNIQUE	source_log_basename
b20:hmf_coarse:HMF:130:0	b20	hmf_coarse	HMF	130		H	H_b20_cov95v2_HMF_h07_H_p239	attempt_a76ade7eb1487523aa95	source_log_basename	239	d0cb2bbbe5330f293ebe65a0e16138978de7499ed8fe136493cef34c9e6bfa9c	hmf_coarse.tsv	131	UNIQUE	source_log_basename
b20:hmf_coarse:HMF:130:0	b20	hmf_coarse	HMF	130		M	M_b20_cov95v2_HMF_h239_m004_p54	attempt_5a332eb58110b1bd6ed4	source_log_basename	54	5ecce485ed037626f4903574224b9b3fd9572dca7486f3f29d650400052af6be	hmf_coarse.tsv	131	UNIQUE	source_log_basename
b20:hmf_coarse:HMF:131:0	b20	hmf_coarse	HMF	131		F				0	NA	hmf_coarse.tsv	132	NOT_RUN	TARGET_BEFORE_F
b20:hmf_coarse:HMF:131:0	b20	hmf_coarse	HMF	131		H	H_b20_cov95v2_HMF_h07_H_p239	attempt_a76ade7eb1487523aa95	source_log_basename	239	d0cb2bbbe5330f293ebe65a0e16138978de7499ed8fe136493cef34c9e6bfa9c	hmf_coarse.tsv	132	UNIQUE	source_log_basename
b20:hmf_coarse:HMF:131:0	b20	hmf_coarse	HMF	131		M	M_b20_cov95v2_HMF_h239_m005_p72	attempt_e6af3180e5a11915e86f	source_log_basename	72	8350e546c0e27c15e513be21ad4746193830672d86adffdaa4b1c39922d4869b	hmf_coarse.tsv	132	UNIQUE	source_log_basename
b20:hmf_coarse:HMF:132:0	b20	hmf_coarse	HMF	132		F				0	NA	hmf_coarse.tsv	133	NOT_RUN	TARGET_BEFORE_F
b20:hmf_coarse:HMF:132:0	b20	hmf_coarse	HMF	132		H	H_b20_cov95v2_HMF_h07_H_p239	attempt_a76ade7eb1487523aa95	source_log_basename	239	d0cb2bbbe5330f293ebe65a0e16138978de7499ed8fe136493cef34c9e6bfa9c	hmf_coarse.tsv	133	UNIQUE	source_log_basename
b20:hmf_coarse:HMF:132:0	b20	hmf_coarse	HMF	132		M	M_b20_cov95v2_HMF_h239_m006_p90	attempt_07e82f4de10424b31560	source_log_basename	90	d2847eece35225c0710b8997e39d6fb63d6c2f8d3e0c00dd7970785fb6432286	hmf_coarse.tsv	133	UNIQUE	source_log_basename
b20:hmf_coarse:HMF:133:0	b20	hmf_coarse	HMF	133		F				0	NA	hmf_coarse.tsv	134	NOT_RUN	TARGET_BEFORE_F
b20:hmf_coarse:HMF:133:0	b20	hmf_coarse	HMF	133		H	H_b20_cov95v2_HMF_h07_H_p239	attempt_a76ade7eb1487523aa95	source_log_basename	239	d0cb2bbbe5330f293ebe65a0e16138978de7499ed8fe136493cef34c9e6bfa9c	hmf_coarse.tsv	134	UNIQUE	source_log_basename
b20:hmf_coarse:HMF:133:0	b20	hmf_coarse	HMF	133		M	M_b20_cov95v2_HMF_h239_m007_p107	attempt_babc7aae84d88b05add5	source_log_basename	107	ea2e6c3e8606d05266946460e1d4f89a6bd26bb4fac768f04a1251d3ee4ab7a2	hmf_coarse.tsv	134	UNIQUE	source_log_basename
b20:hmf_coarse:HMF:134:0	b20	hmf_coarse	HMF	134		F				0	NA	hmf_coarse.tsv	135	NOT_RUN	TARGET_BEFORE_F
b20:hmf_coarse:HMF:134:0	b20	hmf_coarse	HMF	134		H	H_b20_cov95v2_HMF_h07_H_p239	attempt_a76ade7eb1487523aa95	source_log_basename	239	d0cb2bbbe5330f293ebe65a0e16138978de7499ed8fe136493cef34c9e6bfa9c	hmf_coarse.tsv	135	UNIQUE	source_log_basename
b20:hmf_coarse:HMF:134:0	b20	hmf_coarse	HMF	134		M	M_b20_cov95v2_HMF_h239_m008_p125	attempt_5f50efae75003f7702be	source_log_basename	125	fc09e9260d1a96e2bcc6c5548e7a6c2f6eb2e981fe62627c35283db9239bc4c1	hmf_coarse.tsv	135	UNIQUE	source_log_basename
b20:hmf_coarse:HMF:135:0	b20	hmf_coarse	HMF	135		F				0	NA	hmf_coarse.tsv	136	NOT_RUN	TARGET_BEFORE_F
b20:hmf_coarse:HMF:135:0	b20	hmf_coarse	HMF	135		H	H_b20_cov95v2_HMF_h07_H_p239	attempt_a76ade7eb1487523aa95	source_log_basename	239	d0cb2bbbe5330f293ebe65a0e16138978de7499ed8fe136493cef34c9e6bfa9c	hmf_coarse.tsv	136	UNIQUE	source_log_basename
b20:hmf_coarse:HMF:135:0	b20	hmf_coarse	HMF	135		M	M_b20_cov95v2_HMF_h239_m009_p143	attempt_2c2713d8b7cca455e915	source_log_basename	143	4bfc475fc0d816ff16e37d841f26bc9360fc30bf78c13e977da37085648e2331	hmf_coarse.tsv	136	UNIQUE	source_log_basename
b20:hmf_coarse:HMF:136:0	b20	hmf_coarse	HMF	136		F				0	NA	hmf_coarse.tsv	137	NOT_RUN	TARGET_BEFORE_F
b20:hmf_coarse:HMF:136:0	b20	hmf_coarse	HMF	136		H	H_b20_cov95v2_HMF_h07_H_p239	attempt_a76ade7eb1487523aa95	source_log_basename	239	d0cb2bbbe5330f293ebe65a0e16138978de7499ed8fe136493cef34c9e6bfa9c	hmf_coarse.tsv	137	UNIQUE	source_log_basename
b20:hmf_coarse:HMF:136:0	b20	hmf_coarse	HMF	136		M	M_b20_cov95v2_HMF_h239_m010_p161	attempt_be0fba17644cfa5a5bfe	source_log_basename	161	8e93055cabeb0fbd92da6fe49399a1cd30f91a669e40f65d6ef4a0f7cd41812c	hmf_coarse.tsv	137	UNIQUE	source_log_basename
b20:hmf_coarse:HMF:137:0	b20	hmf_coarse	HMF	137		F				0	NA	hmf_coarse.tsv	138	NOT_RUN	TARGET_BEFORE_F
b20:hmf_coarse:HMF:137:0	b20	hmf_coarse	HMF	137		H	H_b20_cov95v2_HMF_h07_H_p239	attempt_a76ade7eb1487523aa95	source_log_basename	239	d0cb2bbbe5330f293ebe65a0e16138978de7499ed8fe136493cef34c9e6bfa9c	hmf_coarse.tsv	138	UNIQUE	source_log_basename
b20:hmf_coarse:HMF:137:0	b20	hmf_coarse	HMF	137		M	M_b20_cov95v2_HMF_h239_m011_p179	attempt_751f1fe9105f324563d2	source_log_basename	179	fadb0261e0eaffd46b59b60fc4147b23670e69bbb950c32515e92b2abda55429	hmf_coarse.tsv	138	UNIQUE	source_log_basename
b20:hmf_coarse:HMF:138:0	b20	hmf_coarse	HMF	138		F				0	NA	hmf_coarse.tsv	139	NOT_RUN	TARGET_BEFORE_F
b20:hmf_coarse:HMF:138:0	b20	hmf_coarse	HMF	138		H	H_b20_cov95v2_HMF_h07_H_p239	attempt_a76ade7eb1487523aa95	source_log_basename	239	d0cb2bbbe5330f293ebe65a0e16138978de7499ed8fe136493cef34c9e6bfa9c	hmf_coarse.tsv	139	UNIQUE	source_log_basename
b20:hmf_coarse:HMF:138:0	b20	hmf_coarse	HMF	138		M	M_b20_cov95v2_HMF_h239_m012_p197	attempt_070ed7e03cf68c7fd5a3	source_log_basename	197	0e113102344e13aad27a8ea52b997bb86d61bd228350a7c2dddc6ceeff60ac0f	hmf_coarse.tsv	139	UNIQUE	source_log_basename
b20:hmf_coarse:HMF:139:0	b20	hmf_coarse	HMF	139		F				0	NA	hmf_coarse.tsv	140	NOT_RUN	TARGET_BEFORE_F
b20:hmf_coarse:HMF:139:0	b20	hmf_coarse	HMF	139		H	H_b20_cov95v2_HMF_h07_H_p239	attempt_a76ade7eb1487523aa95	source_log_basename	239	d0cb2bbbe5330f293ebe65a0e16138978de7499ed8fe136493cef34c9e6bfa9c	hmf_coarse.tsv	140	UNIQUE	source_log_basename
b20:hmf_coarse:HMF:139:0	b20	hmf_coarse	HMF	139		M	M_b20_cov95v2_HMF_h239_m013_p215	attempt_7eb3c0db8a9464c1e3a7	source_log_basename	215	591399cc79da941d230a2c6a11ea769088d88a35179ebdf61930de9be55f3ef7	hmf_coarse.tsv	140	UNIQUE	source_log_basename
b20:hmf_coarse:HMF:13:0	b20	hmf_coarse	HMF	13		F				0	NA	hmf_coarse.tsv	14	NOT_RUN	TARGET_BEFORE_F
b20:hmf_coarse:HMF:13:0	b20	hmf_coarse	HMF	13		H	H_b20_cov95v2_HMF_h01_H_p1	attempt_bc0e0a4ac7524732dd08	source_log_basename	1	d52d10ca84f3e58c0c5b82699b0efa0295216414bc28a9ee35d8844974e85efb	hmf_coarse.tsv	14	UNIQUE	source_log_basename
b20:hmf_coarse:HMF:13:0	b20	hmf_coarse	HMF	13		M	M_b20_cov95v2_HMF_h1_m013_p295	attempt_48a05f721a59054a960d	source_log_basename	295	57420d00ce3239a67431f05d5c6a7f8c8807f4a80c672a4c0a0a86ec4fbd5bb9	hmf_coarse.tsv	14	UNIQUE	source_log_basename
b20:hmf_coarse:HMF:140:0	b20	hmf_coarse	HMF	140		F				0	NA	hmf_coarse.tsv	141	NOT_RUN	TARGET_BEFORE_F
b20:hmf_coarse:HMF:140:0	b20	hmf_coarse	HMF	140		H	H_b20_cov95v2_HMF_h07_H_p239	attempt_a76ade7eb1487523aa95	source_log_basename	239	d0cb2bbbe5330f293ebe65a0e16138978de7499ed8fe136493cef34c9e6bfa9c	hmf_coarse.tsv	141	UNIQUE	source_log_basename
b20:hmf_coarse:HMF:140:0	b20	hmf_coarse	HMF	140		M	M_b20_cov95v2_HMF_h239_m014_p233	attempt_71bc185d3e7ddf9eea1e	source_log_basename	233	f5ffe3b3a61eb16ad90ba1846b88ee4b2e068ef253c13eed08339d240748bf64	hmf_coarse.tsv	141	UNIQUE	source_log_basename
b20:hmf_coarse:HMF:141:0	b20	hmf_coarse	HMF	141		F				0	NA	hmf_coarse.tsv	142	NOT_RUN	TARGET_BEFORE_F
b20:hmf_coarse:HMF:141:0	b20	hmf_coarse	HMF	141		H	H_b20_cov95v2_HMF_h07_H_p239	attempt_a76ade7eb1487523aa95	source_log_basename	239	d0cb2bbbe5330f293ebe65a0e16138978de7499ed8fe136493cef34c9e6bfa9c	hmf_coarse.tsv	142	UNIQUE	source_log_basename
b20:hmf_coarse:HMF:141:0	b20	hmf_coarse	HMF	141		M	M_b20_cov95v2_HMF_h239_m015_p251	attempt_c324a221ba8340591ad6	source_log_basename	251	9b8e7149b4b7b720140ee1e2df5a821eae2af4a3951c12efe78674d4182f6203	hmf_coarse.tsv	142	UNIQUE	source_log_basename
b20:hmf_coarse:HMF:142:0	b20	hmf_coarse	HMF	142		F				0	NA	hmf_coarse.tsv	143	NOT_RUN	TARGET_BEFORE_F
b20:hmf_coarse:HMF:142:0	b20	hmf_coarse	HMF	142		H	H_b20_cov95v2_HMF_h07_H_p239	attempt_a76ade7eb1487523aa95	source_log_basename	239	d0cb2bbbe5330f293ebe65a0e16138978de7499ed8fe136493cef34c9e6bfa9c	hmf_coarse.tsv	143	UNIQUE	source_log_basename
b20:hmf_coarse:HMF:142:0	b20	hmf_coarse	HMF	142		M	M_b20_cov95v2_HMF_h239_m016_p269	attempt_0f4c8194c8e65b4b99b4	source_log_basename	269	6d40d3dfb683be62251a5e4fc42c6c16176374bf02e824e6c683770d289c4e53	hmf_coarse.tsv	143	UNIQUE	source_log_basename
b20:hmf_coarse:HMF:143:0	b20	hmf_coarse	HMF	143		F				0	NA	hmf_coarse.tsv	144	NOT_RUN	TARGET_BEFORE_F
b20:hmf_coarse:HMF:143:0	b20	hmf_coarse	HMF	143		H	H_b20_cov95v2_HMF_h07_H_p239	attempt_a76ade7eb1487523aa95	source_log_basename	239	d0cb2bbbe5330f293ebe65a0e16138978de7499ed8fe136493cef34c9e6bfa9c	hmf_coarse.tsv	144	UNIQUE	source_log_basename
b20:hmf_coarse:HMF:143:0	b20	hmf_coarse	HMF	143		M	M_b20_cov95v2_HMF_h239_m017_p286	attempt_9f01dd6ae85486a6d0e4	source_log_basename	286	ba75210aeec00b6feef8cdb732d1188744226421918cee0d800526960e7ad77e	hmf_coarse.tsv	144	UNIQUE	source_log_basename
b20:hmf_coarse:HMF:144:0	b20	hmf_coarse	HMF	144		F				0	NA	hmf_coarse.tsv	145	NOT_RUN	TARGET_BEFORE_F
b20:hmf_coarse:HMF:144:0	b20	hmf_coarse	HMF	144		H	H_b20_cov95v2_HMF_h07_H_p239	attempt_a76ade7eb1487523aa95	source_log_basename	239	d0cb2bbbe5330f293ebe65a0e16138978de7499ed8fe136493cef34c9e6bfa9c	hmf_coarse.tsv	145	UNIQUE	source_log_basename
b20:hmf_coarse:HMF:144:0	b20	hmf_coarse	HMF	144		M	M_b20_cov95v2_HMF_h239_m018_p304	attempt_d78e0fdf53e8297a2575	source_log_basename	304	baa23591ddc7b95f9214d22d7becc8887a3875086f73bd0266836be984b2fcb4	hmf_coarse.tsv	145	UNIQUE	source_log_basename
b20:hmf_coarse:HMF:145:0	b20	hmf_coarse	HMF	145		F				0	NA	hmf_coarse.tsv	146	NOT_RUN	TARGET_BEFORE_F
b20:hmf_coarse:HMF:145:0	b20	hmf_coarse	HMF	145		H	H_b20_cov95v2_HMF_h07_H_p239	attempt_a76ade7eb1487523aa95	source_log_basename	239	d0cb2bbbe5330f293ebe65a0e16138978de7499ed8fe136493cef34c9e6bfa9c	hmf_coarse.tsv	146	UNIQUE	source_log_basename
b20:hmf_coarse:HMF:145:0	b20	hmf_coarse	HMF	145		M	M_b20_cov95v2_HMF_h239_m019_p322	attempt_1c687fc87a4cd31cf4c6	source_log_basename	322	1538fe2deee535d31dc3966f7b469db170ba17df43217bab4acd7464dd34647a	hmf_coarse.tsv	146	UNIQUE	source_log_basename
b20:hmf_coarse:HMF:146:0	b20	hmf_coarse	HMF	146		F				0	NA	hmf_coarse.tsv	147	NOT_RUN	TARGET_BEFORE_F
b20:hmf_coarse:HMF:146:0	b20	hmf_coarse	HMF	146		H	H_b20_cov95v2_HMF_h07_H_p239	attempt_a76ade7eb1487523aa95	source_log_basename	239	d0cb2bbbe5330f293ebe65a0e16138978de7499ed8fe136493cef34c9e6bfa9c	hmf_coarse.tsv	147	UNIQUE	source_log_basename
b20:hmf_coarse:HMF:146:0	b20	hmf_coarse	HMF	146		M	M_b20_cov95v2_HMF_h239_m020_p340	attempt_0e41f5c234b563ed520a	source_log_basename	340	e5f95fef4935b844529b74fe7659a1b0d092f6090f55d2aea992a41a00d2d262	hmf_coarse.tsv	147	UNIQUE	source_log_basename
b20:hmf_coarse:HMF:147:0	b20	hmf_coarse	HMF	147		F				0	NA	hmf_coarse.tsv	148	NOT_RUN	TARGET_BEFORE_F
b20:hmf_coarse:HMF:147:0	b20	hmf_coarse	HMF	147		H	H_b20_cov95v2_HMF_h07_H_p239	attempt_a76ade7eb1487523aa95	source_log_basename	239	d0cb2bbbe5330f293ebe65a0e16138978de7499ed8fe136493cef34c9e6bfa9c	hmf_coarse.tsv	148	UNIQUE	source_log_basename
b20:hmf_coarse:HMF:147:0	b20	hmf_coarse	HMF	147		M	M_b20_cov95v2_HMF_h239_Mfull	attempt_0880325d7940022d88c9	source_log_basename	358	317601206cf18d0d0a9022090cff5ab524011ae440a12f710d16ff750650c36e	hmf_coarse.tsv	148	UNIQUE	source_log_basename
b20:hmf_coarse:HMF:148:0	b20	hmf_coarse	HMF	148		F	F_b20_cov95v2_HMF_h278_m1_F_p33	attempt_3f08c8d75cf8dc121739	source_log_basename	33	9cf655e433ce14e7f185338b0eab9f13fdbc9a2ab534f506a07f5d3f5dc6682e	hmf_coarse.tsv	149	UNIQUE	source_log_basename
b20:hmf_coarse:HMF:148:0	b20	hmf_coarse	HMF	148		H	H_b20_cov95v2_HMF_h08_H_p278	attempt_607f6055b4b8b4e9fa4d	source_log_basename	278	cdb9d7d7014c78865ec6e827af2ec802c30bfc3e6d0dd4d232544017fdee2ed3	hmf_coarse.tsv	149	UNIQUE	source_log_basename
b20:hmf_coarse:HMF:148:0	b20	hmf_coarse	HMF	148		M	M_b20_cov95v2_HMF_h278_m001_p1	attempt_3074d6d80918fbcb5b23	source_log_basename	1	ce090b5bfb21d8a09010cd3cd3304f9a29e9cadf67070dae1c86c2f7b28adf71	hmf_coarse.tsv	149	UNIQUE	source_log_basename
b20:hmf_coarse:HMF:149:0	b20	hmf_coarse	HMF	149		F	F_b20_cov95v2_HMF_h278_m17_F_p18	attempt_c7a68c29b3eaa794ab2c	source_log_basename	18	d7a11a74c02668f2edab55fe5be3c72a3584c83e25d375527a25fa4714a4e08b	hmf_coarse.tsv	150	UNIQUE	source_log_basename
b20:hmf_coarse:HMF:149:0	b20	hmf_coarse	HMF	149		H	H_b20_cov95v2_HMF_h08_H_p278	attempt_607f6055b4b8b4e9fa4d	source_log_basename	278	cdb9d7d7014c78865ec6e827af2ec802c30bfc3e6d0dd4d232544017fdee2ed3	hmf_coarse.tsv	150	UNIQUE	source_log_basename
b20:hmf_coarse:HMF:149:0	b20	hmf_coarse	HMF	149		M	M_b20_cov95v2_HMF_h278_m002_p17	attempt_4744e5b0d0ebf5039670	source_log_basename	17	2f2a3bdba9160247493e69e61a97814cb2a71476c4ff895e49e6d3c812f62e40	hmf_coarse.tsv	150	UNIQUE	source_log_basename
b20:hmf_coarse:HMF:14:0	b20	hmf_coarse	HMF	14		F				0	NA	hmf_coarse.tsv	15	NOT_RUN	TARGET_BEFORE_F
b20:hmf_coarse:HMF:14:0	b20	hmf_coarse	HMF	14		H	H_b20_cov95v2_HMF_h01_H_p1	attempt_bc0e0a4ac7524732dd08	source_log_basename	1	d52d10ca84f3e58c0c5b82699b0efa0295216414bc28a9ee35d8844974e85efb	hmf_coarse.tsv	15	UNIQUE	source_log_basename
b20:hmf_coarse:HMF:14:0	b20	hmf_coarse	HMF	14		M	M_b20_cov95v2_HMF_h1_m014_p319	attempt_2268d380ba7a1f2d64b7	source_log_basename	319	39c2ee111ce450ad4c15f00017df0600b4e018b6701195a87060f2dfddfb26e8	hmf_coarse.tsv	15	UNIQUE	source_log_basename
b20:hmf_coarse:HMF:150:0	b20	hmf_coarse	HMF	150		F	F_b20_cov95v2_HMF_h278_m34_F_p6	attempt_ec41bdb88dfa1fd7c9ce	source_log_basename	6	14617d3ae7caad76c4d836be9a72fbb76ba62b5eb089d72e6b0a3206b177e1a4	hmf_coarse.tsv	151	UNIQUE	source_log_basename
b20:hmf_coarse:HMF:150:0	b20	hmf_coarse	HMF	150		H	H_b20_cov95v2_HMF_h08_H_p278	attempt_607f6055b4b8b4e9fa4d	source_log_basename	278	cdb9d7d7014c78865ec6e827af2ec802c30bfc3e6d0dd4d232544017fdee2ed3	hmf_coarse.tsv	151	UNIQUE	source_log_basename
b20:hmf_coarse:HMF:150:0	b20	hmf_coarse	HMF	150		M	M_b20_cov95v2_HMF_h278_m003_p34	attempt_df96e28db9c186b0b687	source_log_basename	34	ffdc7ad906bec8eba0a0fe0aa8ff375fc48d73e1c2d37b0d3523599f88d01689	hmf_coarse.tsv	151	UNIQUE	source_log_basename
b20:hmf_coarse:HMF:151:0	b20	hmf_coarse	HMF	151		F				0	NA	hmf_coarse.tsv	152	NOT_RUN	TARGET_BEFORE_F
b20:hmf_coarse:HMF:151:0	b20	hmf_coarse	HMF	151		H	H_b20_cov95v2_HMF_h08_H_p278	attempt_607f6055b4b8b4e9fa4d	source_log_basename	278	cdb9d7d7014c78865ec6e827af2ec802c30bfc3e6d0dd4d232544017fdee2ed3	hmf_coarse.tsv	152	UNIQUE	source_log_basename
b20:hmf_coarse:HMF:151:0	b20	hmf_coarse	HMF	151		M	M_b20_cov95v2_HMF_h278_m004_p51	attempt_bbe6cefe29efd309765a	source_log_basename	51	05552b0b9412ed0d5c5a93d50525e4f8bf7acb9dcd4e3e439b5d84ef748efc5e	hmf_coarse.tsv	152	UNIQUE	source_log_basename
b20:hmf_coarse:HMF:152:0	b20	hmf_coarse	HMF	152		F				0	NA	hmf_coarse.tsv	153	NOT_RUN	TARGET_BEFORE_F
b20:hmf_coarse:HMF:152:0	b20	hmf_coarse	HMF	152		H	H_b20_cov95v2_HMF_h08_H_p278	attempt_607f6055b4b8b4e9fa4d	source_log_basename	278	cdb9d7d7014c78865ec6e827af2ec802c30bfc3e6d0dd4d232544017fdee2ed3	hmf_coarse.tsv	153	UNIQUE	source_log_basename
b20:hmf_coarse:HMF:152:0	b20	hmf_coarse	HMF	152		M	M_b20_cov95v2_HMF_h278_m005_p68	attempt_86f8127953acabe07f91	source_log_basename	68	9615e8c26b1583a86dec99c74f005fd70a3db12440a2ba355a56eca94c3e0ce8	hmf_coarse.tsv	153	UNIQUE	source_log_basename
b20:hmf_coarse:HMF:153:0	b20	hmf_coarse	HMF	153		F				0	NA	hmf_coarse.tsv	154	NOT_RUN	TARGET_BEFORE_F
b20:hmf_coarse:HMF:153:0	b20	hmf_coarse	HMF	153		H	H_b20_cov95v2_HMF_h08_H_p278	attempt_607f6055b4b8b4e9fa4d	source_log_basename	278	cdb9d7d7014c78865ec6e827af2ec802c30bfc3e6d0dd4d232544017fdee2ed3	hmf_coarse.tsv	154	UNIQUE	source_log_basename
b20:hmf_coarse:HMF:153:0	b20	hmf_coarse	HMF	153		M	M_b20_cov95v2_HMF_h278_m006_p85	attempt_03a8c6e5f3158bde1cac	source_log_basename	85	12eecb0e2b466c5e8b972008fdf363b618a4ee9ec6bd716e02de20902ddad72e	hmf_coarse.tsv	154	UNIQUE	source_log_basename
b20:hmf_coarse:HMF:154:0	b20	hmf_coarse	HMF	154		F				0	NA	hmf_coarse.tsv	155	NOT_RUN	TARGET_BEFORE_F
b20:hmf_coarse:HMF:154:0	b20	hmf_coarse	HMF	154		H	H_b20_cov95v2_HMF_h08_H_p278	attempt_607f6055b4b8b4e9fa4d	source_log_basename	278	cdb9d7d7014c78865ec6e827af2ec802c30bfc3e6d0dd4d232544017fdee2ed3	hmf_coarse.tsv	155	UNIQUE	source_log_basename
b20:hmf_coarse:HMF:154:0	b20	hmf_coarse	HMF	154		M	M_b20_cov95v2_HMF_h278_m007_p102	attempt_0039ea5c88c01513394a	source_log_basename	102	b6081eea8c69f45c4943861a211c8d55dc89225043bb1ea78dd92ee1d0acf538	hmf_coarse.tsv	155	UNIQUE	source_log_basename
b20:hmf_coarse:HMF:155:0	b20	hmf_coarse	HMF	155		F				0	NA	hmf_coarse.tsv	156	NOT_RUN	TARGET_BEFORE_F
b20:hmf_coarse:HMF:155:0	b20	hmf_coarse	HMF	155		H	H_b20_cov95v2_HMF_h08_H_p278	attempt_607f6055b4b8b4e9fa4d	source_log_basename	278	cdb9d7d7014c78865ec6e827af2ec802c30bfc3e6d0dd4d232544017fdee2ed3	hmf_coarse.tsv	156	UNIQUE	source_log_basename
b20:hmf_coarse:HMF:155:0	b20	hmf_coarse	HMF	155		M	M_b20_cov95v2_HMF_h278_m008_p119	attempt_4ee5b7f93eff35326c61	source_log_basename	119	87f7f8186d8dc7746482ccdb00e10857e53ab046e0840bceb607674db6b92275	hmf_coarse.tsv	156	UNIQUE	source_log_basename
b20:hmf_coarse:HMF:156:0	b20	hmf_coarse	HMF	156		F				0	NA	hmf_coarse.tsv	157	NOT_RUN	TARGET_BEFORE_F
b20:hmf_coarse:HMF:156:0	b20	hmf_coarse	HMF	156		H	H_b20_cov95v2_HMF_h08_H_p278	attempt_607f6055b4b8b4e9fa4d	source_log_basename	278	cdb9d7d7014c78865ec6e827af2ec802c30bfc3e6d0dd4d232544017fdee2ed3	hmf_coarse.tsv	157	UNIQUE	source_log_basename
b20:hmf_coarse:HMF:156:0	b20	hmf_coarse	HMF	156		M	M_b20_cov95v2_HMF_h278_m009_p136	attempt_2cc38c7df5204aec1ac9	source_log_basename	136	113540d18b997cd5cb03452c2a3c34614fd7858f1c68714323343574fc105621	hmf_coarse.tsv	157	UNIQUE	source_log_basename
b20:hmf_coarse:HMF:157:0	b20	hmf_coarse	HMF	157		F				0	NA	hmf_coarse.tsv	158	NOT_RUN	TARGET_BEFORE_F
b20:hmf_coarse:HMF:157:0	b20	hmf_coarse	HMF	157		H	H_b20_cov95v2_HMF_h08_H_p278	attempt_607f6055b4b8b4e9fa4d	source_log_basename	278	cdb9d7d7014c78865ec6e827af2ec802c30bfc3e6d0dd4d232544017fdee2ed3	hmf_coarse.tsv	158	UNIQUE	source_log_basename
b20:hmf_coarse:HMF:157:0	b20	hmf_coarse	HMF	157		M	M_b20_cov95v2_HMF_h278_m010_p153	attempt_48192de9d29b7263600d	source_log_basename	153	6516983d21e0f6d4cc6dd816f7bf731de8f2734528de84c237d875851ea47155	hmf_coarse.tsv	158	UNIQUE	source_log_basename
b20:hmf_coarse:HMF:158:0	b20	hmf_coarse	HMF	158		F				0	NA	hmf_coarse.tsv	159	NOT_RUN	TARGET_BEFORE_F
b20:hmf_coarse:HMF:158:0	b20	hmf_coarse	HMF	158		H	H_b20_cov95v2_HMF_h08_H_p278	attempt_607f6055b4b8b4e9fa4d	source_log_basename	278	cdb9d7d7014c78865ec6e827af2ec802c30bfc3e6d0dd4d232544017fdee2ed3	hmf_coarse.tsv	159	UNIQUE	source_log_basename
b20:hmf_coarse:HMF:158:0	b20	hmf_coarse	HMF	158		M	M_b20_cov95v2_HMF_h278_m011_p170	attempt_7b84b278ccf12d96ac03	source_log_basename	170	7b1a3bda911edd1e47b23c1c65a7b1b1bd182df0fbbe5dea0a3ac69d198058e3	hmf_coarse.tsv	159	UNIQUE	source_log_basename
b20:hmf_coarse:HMF:159:0	b20	hmf_coarse	HMF	159		F				0	NA	hmf_coarse.tsv	160	NOT_RUN	TARGET_BEFORE_F
b20:hmf_coarse:HMF:159:0	b20	hmf_coarse	HMF	159		H	H_b20_cov95v2_HMF_h08_H_p278	attempt_607f6055b4b8b4e9fa4d	source_log_basename	278	cdb9d7d7014c78865ec6e827af2ec802c30bfc3e6d0dd4d232544017fdee2ed3	hmf_coarse.tsv	160	UNIQUE	source_log_basename
b20:hmf_coarse:HMF:159:0	b20	hmf_coarse	HMF	159		M	M_b20_cov95v2_HMF_h278_m012_p186	attempt_12793e28de3c423497aa	source_log_basename	186	bf2e3034ae58bb5fd9ff5caaf449fd8731763768cebac02a2080f3ff25cf5042	hmf_coarse.tsv	160	UNIQUE	source_log_basename
b20:hmf_coarse:HMF:15:0	b20	hmf_coarse	HMF	15		F				0	NA	hmf_coarse.tsv	16	NOT_RUN	TARGET_BEFORE_F
b20:hmf_coarse:HMF:15:0	b20	hmf_coarse	HMF	15		H	H_b20_cov95v2_HMF_h01_H_p1	attempt_bc0e0a4ac7524732dd08	source_log_basename	1	d52d10ca84f3e58c0c5b82699b0efa0295216414bc28a9ee35d8844974e85efb	hmf_coarse.tsv	16	UNIQUE	source_log_basename
b20:hmf_coarse:HMF:15:0	b20	hmf_coarse	HMF	15		M	M_b20_cov95v2_HMF_h1_m015_p344	attempt_072b74e467f8ea49883e	source_log_basename	344	56622aa3e28bc89c323d256d4098a1e8fb0e869e2dcc6c238deafb6f37d7ed6b	hmf_coarse.tsv	16	UNIQUE	source_log_basename
b20:hmf_coarse:HMF:160:0	b20	hmf_coarse	HMF	160		F				0	NA	hmf_coarse.tsv	161	NOT_RUN	TARGET_BEFORE_F
b20:hmf_coarse:HMF:160:0	b20	hmf_coarse	HMF	160		H	H_b20_cov95v2_HMF_h08_H_p278	attempt_607f6055b4b8b4e9fa4d	source_log_basename	278	cdb9d7d7014c78865ec6e827af2ec802c30bfc3e6d0dd4d232544017fdee2ed3	hmf_coarse.tsv	161	UNIQUE	source_log_basename
b20:hmf_coarse:HMF:160:0	b20	hmf_coarse	HMF	160		M	M_b20_cov95v2_HMF_h278_m013_p203	attempt_d6a15c72a1c7c9244d6f	source_log_basename	203	34a03865b3968d70a5b929132bab1f9757161c88d061aef01a10249fac4f35bf	hmf_coarse.tsv	161	UNIQUE	source_log_basename
b20:hmf_coarse:HMF:161:0	b20	hmf_coarse	HMF	161		F				0	NA	hmf_coarse.tsv	162	NOT_RUN	TARGET_BEFORE_F
b20:hmf_coarse:HMF:161:0	b20	hmf_coarse	HMF	161		H	H_b20_cov95v2_HMF_h08_H_p278	attempt_607f6055b4b8b4e9fa4d	source_log_basename	278	cdb9d7d7014c78865ec6e827af2ec802c30bfc3e6d0dd4d232544017fdee2ed3	hmf_coarse.tsv	162	UNIQUE	source_log_basename
b20:hmf_coarse:HMF:161:0	b20	hmf_coarse	HMF	161		M	M_b20_cov95v2_HMF_h278_m014_p220	attempt_9bea9bcc3677fa2c876f	source_log_basename	219	114a8fd42ddffa61875d70072e99da5cf25c93a9b7f0ef7d55e0eafc8d6ff9de	hmf_coarse.tsv	162	UNIQUE	source_log_basename
b20:hmf_coarse:HMF:162:0	b20	hmf_coarse	HMF	162		F				0	NA	hmf_coarse.tsv	163	NOT_RUN	TARGET_BEFORE_F
b20:hmf_coarse:HMF:162:0	b20	hmf_coarse	HMF	162		H	H_b20_cov95v2_HMF_h08_H_p278	attempt_607f6055b4b8b4e9fa4d	source_log_basename	278	cdb9d7d7014c78865ec6e827af2ec802c30bfc3e6d0dd4d232544017fdee2ed3	hmf_coarse.tsv	163	UNIQUE	source_log_basename
b20:hmf_coarse:HMF:162:0	b20	hmf_coarse	HMF	162		M	M_b20_cov95v2_HMF_h278_m015_p237	attempt_700ab0adc6268a15f5d3	source_log_basename	235	89585a0f2ac7ff63402e136a8bb1e88ddc59953a32c7aa79ffc40a129c1009ca	hmf_coarse.tsv	163	UNIQUE	source_log_basename
b20:hmf_coarse:HMF:163:0	b20	hmf_coarse	HMF	163		F				0	NA	hmf_coarse.tsv	164	NOT_RUN	TARGET_BEFORE_F
b20:hmf_coarse:HMF:163:0	b20	hmf_coarse	HMF	163		H	H_b20_cov95v2_HMF_h08_H_p278	attempt_607f6055b4b8b4e9fa4d	source_log_basename	278	cdb9d7d7014c78865ec6e827af2ec802c30bfc3e6d0dd4d232544017fdee2ed3	hmf_coarse.tsv	164	UNIQUE	source_log_basename
b20:hmf_coarse:HMF:163:0	b20	hmf_coarse	HMF	163		M	M_b20_cov95v2_HMF_h278_m016_p254	attempt_723fd62652a53fa445b8	source_log_basename	252	b849a3c55bbcbaa08f73adcb27c7d86fe80300fc3426ef686b5ee6ad347a8046	hmf_coarse.tsv	164	UNIQUE	source_log_basename
b20:hmf_coarse:HMF:164:0	b20	hmf_coarse	HMF	164		F				0	NA	hmf_coarse.tsv	165	NOT_RUN	TARGET_BEFORE_F
b20:hmf_coarse:HMF:164:0	b20	hmf_coarse	HMF	164		H	H_b20_cov95v2_HMF_h08_H_p278	attempt_607f6055b4b8b4e9fa4d	source_log_basename	278	cdb9d7d7014c78865ec6e827af2ec802c30bfc3e6d0dd4d232544017fdee2ed3	hmf_coarse.tsv	165	UNIQUE	source_log_basename
b20:hmf_coarse:HMF:164:0	b20	hmf_coarse	HMF	164		M	M_b20_cov95v2_HMF_h278_m017_p271	attempt_0d88e0bddbc78554700f	source_log_basename	271	3030ef7404412a7708fc864691a9df2236cd1b61eeb2bb2ca273c2e31f2b29ee	hmf_coarse.tsv	165	UNIQUE	source_log_basename
b20:hmf_coarse:HMF:165:0	b20	hmf_coarse	HMF	165		F				0	NA	hmf_coarse.tsv	166	NOT_RUN	TARGET_BEFORE_F
b20:hmf_coarse:HMF:165:0	b20	hmf_coarse	HMF	165		H	H_b20_cov95v2_HMF_h08_H_p278	attempt_607f6055b4b8b4e9fa4d	source_log_basename	278	cdb9d7d7014c78865ec6e827af2ec802c30bfc3e6d0dd4d232544017fdee2ed3	hmf_coarse.tsv	166	UNIQUE	source_log_basename
b20:hmf_coarse:HMF:165:0	b20	hmf_coarse	HMF	165		M	M_b20_cov95v2_HMF_h278_m018_p288	attempt_6fa3b09297d2c0367a9d	source_log_basename	286	34b9843e6adc09368c376352c8ed25e194c1bf95527034b8f79f7d840ed6b362	hmf_coarse.tsv	166	UNIQUE	source_log_basename
b20:hmf_coarse:HMF:166:0	b20	hmf_coarse	HMF	166		F				0	NA	hmf_coarse.tsv	167	NOT_RUN	TARGET_BEFORE_F
b20:hmf_coarse:HMF:166:0	b20	hmf_coarse	HMF	166		H	H_b20_cov95v2_HMF_h08_H_p278	attempt_607f6055b4b8b4e9fa4d	source_log_basename	278	cdb9d7d7014c78865ec6e827af2ec802c30bfc3e6d0dd4d232544017fdee2ed3	hmf_coarse.tsv	167	UNIQUE	source_log_basename
b20:hmf_coarse:HMF:166:0	b20	hmf_coarse	HMF	166		M	M_b20_cov95v2_HMF_h278_m019_p305	attempt_134b494c1fd6972189ce	source_log_basename	298	a4a4ce152da45c738eb102ba0e82cce017d061bfe23f379bbb566f7b04349836	hmf_coarse.tsv	167	UNIQUE	source_log_basename
b20:hmf_coarse:HMF:167:0	b20	hmf_coarse	HMF	167		F				0	NA	hmf_coarse.tsv	168	NOT_RUN	TARGET_BEFORE_F
b20:hmf_coarse:HMF:167:0	b20	hmf_coarse	HMF	167		H	H_b20_cov95v2_HMF_h08_H_p278	attempt_607f6055b4b8b4e9fa4d	source_log_basename	278	cdb9d7d7014c78865ec6e827af2ec802c30bfc3e6d0dd4d232544017fdee2ed3	hmf_coarse.tsv	168	UNIQUE	source_log_basename
b20:hmf_coarse:HMF:167:0	b20	hmf_coarse	HMF	167		M	M_b20_cov95v2_HMF_h278_m020_p322	attempt_0f1d210929df5c7e45ff	source_log_basename	322	13dfb417bfec9e7f78596e892e3f95a02a6e284ae36be2ccfe069079ffdb1b2a	hmf_coarse.tsv	168	UNIQUE	source_log_basename
b20:hmf_coarse:HMF:168:0	b20	hmf_coarse	HMF	168		F				0	NA	hmf_coarse.tsv	169	NOT_RUN	TARGET_BEFORE_F
b20:hmf_coarse:HMF:168:0	b20	hmf_coarse	HMF	168		H	H_b20_cov95v2_HMF_h08_H_p278	attempt_607f6055b4b8b4e9fa4d	source_log_basename	278	cdb9d7d7014c78865ec6e827af2ec802c30bfc3e6d0dd4d232544017fdee2ed3	hmf_coarse.tsv	169	UNIQUE	source_log_basename
b20:hmf_coarse:HMF:168:0	b20	hmf_coarse	HMF	168		M	M_b20_cov95v2_HMF_h278_Mfull	attempt_bc7bd82c627cc54d8674	source_log_basename	339	317601206cf18d0d0a9022090cff5ab524011ae440a12f710d16ff750650c36e	hmf_coarse.tsv	169	UNIQUE	source_log_basename
b20:hmf_coarse:HMF:169:0	b20	hmf_coarse	HMF	169		F	F_b20_cov95v2_HMF_h318_m1_F_p23	attempt_25921bcb4e59caa6c55b	source_log_basename	23	a670d8c933aa49fd52f04487f3a494fa7c56427b34b9df032da60dbb466e0885	hmf_coarse.tsv	170	UNIQUE	source_log_basename
b20:hmf_coarse:HMF:169:0	b20	hmf_coarse	HMF	169		H	H_b20_cov95v2_HMF_h09_H_p318	attempt_6032f4cddee90ee0097e	source_log_basename	318	46a2375dfeed0ae98b84c1933cb680271d02c391c04120b88ad62e77fbf541d3	hmf_coarse.tsv	170	UNIQUE	source_log_basename
b20:hmf_coarse:HMF:169:0	b20	hmf_coarse	HMF	169		M	M_b20_cov95v2_HMF_h318_m001_p1	attempt_8ab39b2368399d7a05c8	source_log_basename	1	f82b2f59c4f1715b13490eb8c4428fbe4fde2c29ff2db38435139fe45ce671ac	hmf_coarse.tsv	170	UNIQUE	source_log_basename
b20:hmf_coarse:HMF:16:0	b20	hmf_coarse	HMF	16		F				0	NA	hmf_coarse.tsv	17	NOT_RUN	TARGET_BEFORE_F
b20:hmf_coarse:HMF:16:0	b20	hmf_coarse	HMF	16		H	H_b20_cov95v2_HMF_h01_H_p1	attempt_bc0e0a4ac7524732dd08	source_log_basename	1	d52d10ca84f3e58c0c5b82699b0efa0295216414bc28a9ee35d8844974e85efb	hmf_coarse.tsv	17	UNIQUE	source_log_basename
b20:hmf_coarse:HMF:16:0	b20	hmf_coarse	HMF	16		M	M_b20_cov95v2_HMF_h1_m016_p368	attempt_f06ac76051a1ff66f459	source_log_basename	368	4dcdadfc5ec8bc36e3add5ff8416aa4332329dd5a1cf94f1e9ca58e1e6c01951	hmf_coarse.tsv	17	UNIQUE	source_log_basename
b20:hmf_coarse:HMF:170:0	b20	hmf_coarse	HMF	170		F	F_b20_cov95v2_HMF_h318_m17_F_p8	attempt_436ba5ff5f7f524a1e16	source_log_basename	8	836e14390014671fe3318920ce026e700482a88aaa65fddef33aaaf05926cf25	hmf_coarse.tsv	171	UNIQUE	source_log_basename
b20:hmf_coarse:HMF:170:0	b20	hmf_coarse	HMF	170		H	H_b20_cov95v2_HMF_h09_H_p318	attempt_6032f4cddee90ee0097e	source_log_basename	318	46a2375dfeed0ae98b84c1933cb680271d02c391c04120b88ad62e77fbf541d3	hmf_coarse.tsv	171	UNIQUE	source_log_basename
b20:hmf_coarse:HMF:170:0	b20	hmf_coarse	HMF	170		M	M_b20_cov95v2_HMF_h318_m002_p17	attempt_e471744a522b03f30317	source_log_basename	17	60f9ff7ed0e05dbf6bcf5634032eb5fb0283dc48eebfedb9d226467f9469de48	hmf_coarse.tsv	171	UNIQUE	source_log_basename
b20:hmf_coarse:HMF:171:0	b20	hmf_coarse	HMF	171		F				0	NA	hmf_coarse.tsv	172	NOT_RUN	TARGET_BEFORE_F
b20:hmf_coarse:HMF:171:0	b20	hmf_coarse	HMF	171		H	H_b20_cov95v2_HMF_h09_H_p318	attempt_6032f4cddee90ee0097e	source_log_basename	318	46a2375dfeed0ae98b84c1933cb680271d02c391c04120b88ad62e77fbf541d3	hmf_coarse.tsv	172	UNIQUE	source_log_basename
b20:hmf_coarse:HMF:171:0	b20	hmf_coarse	HMF	171		M	M_b20_cov95v2_HMF_h318_m003_p33	attempt_6e0b4ddc5835fc207b5d	source_log_basename	33	0ddcbf0834f1951e5d8384c458f5c740bb79952e6383f36393b5d141824e390f	hmf_coarse.tsv	172	UNIQUE	source_log_basename
b20:hmf_coarse:HMF:172:0	b20	hmf_coarse	HMF	172		F				0	NA	hmf_coarse.tsv	173	NOT_RUN	TARGET_BEFORE_F
b20:hmf_coarse:HMF:172:0	b20	hmf_coarse	HMF	172		H	H_b20_cov95v2_HMF_h09_H_p318	attempt_6032f4cddee90ee0097e	source_log_basename	318	46a2375dfeed0ae98b84c1933cb680271d02c391c04120b88ad62e77fbf541d3	hmf_coarse.tsv	173	UNIQUE	source_log_basename
b20:hmf_coarse:HMF:172:0	b20	hmf_coarse	HMF	172		M	M_b20_cov95v2_HMF_h318_m004_p50	attempt_65255841921b0ebdeafa	source_log_basename	50	7a5c3be18612931daca3c4aed0db281b3b7376d131eaf5e1f5538375e442f582	hmf_coarse.tsv	173	UNIQUE	source_log_basename
b20:hmf_coarse:HMF:173:0	b20	hmf_coarse	HMF	173		F				0	NA	hmf_coarse.tsv	174	NOT_RUN	TARGET_BEFORE_F
b20:hmf_coarse:HMF:173:0	b20	hmf_coarse	HMF	173		H	H_b20_cov95v2_HMF_h09_H_p318	attempt_6032f4cddee90ee0097e	source_log_basename	318	46a2375dfeed0ae98b84c1933cb680271d02c391c04120b88ad62e77fbf541d3	hmf_coarse.tsv	174	UNIQUE	source_log_basename
b20:hmf_coarse:HMF:173:0	b20	hmf_coarse	HMF	173		M	M_b20_cov95v2_HMF_h318_m005_p66	attempt_97984f900d4ce3662777	source_log_basename	66	eb10e052fe258d3cf2dad2fc5e99cff076c20e4e9f343a9bd1a05ca9d16c613b	hmf_coarse.tsv	174	UNIQUE	source_log_basename
b20:hmf_coarse:HMF:174:0	b20	hmf_coarse	HMF	174		F				0	NA	hmf_coarse.tsv	175	NOT_RUN	TARGET_BEFORE_F
b20:hmf_coarse:HMF:174:0	b20	hmf_coarse	HMF	174		H	H_b20_cov95v2_HMF_h09_H_p318	attempt_6032f4cddee90ee0097e	source_log_basename	318	46a2375dfeed0ae98b84c1933cb680271d02c391c04120b88ad62e77fbf541d3	hmf_coarse.tsv	175	UNIQUE	source_log_basename
b20:hmf_coarse:HMF:174:0	b20	hmf_coarse	HMF	174		M	M_b20_cov95v2_HMF_h318_m006_p83	attempt_aa6b7e7da25ee40a5a1a	source_log_basename	83	ead37515ddb64301af13c5293402899ef03733d9fb4ef3678b2d52233c667864	hmf_coarse.tsv	175	UNIQUE	source_log_basename
b20:hmf_coarse:HMF:175:0	b20	hmf_coarse	HMF	175		F				0	NA	hmf_coarse.tsv	176	NOT_RUN	TARGET_BEFORE_F
b20:hmf_coarse:HMF:175:0	b20	hmf_coarse	HMF	175		H	H_b20_cov95v2_HMF_h09_H_p318	attempt_6032f4cddee90ee0097e	source_log_basename	318	46a2375dfeed0ae98b84c1933cb680271d02c391c04120b88ad62e77fbf541d3	hmf_coarse.tsv	176	UNIQUE	source_log_basename
b20:hmf_coarse:HMF:175:0	b20	hmf_coarse	HMF	175		M	M_b20_cov95v2_HMF_h318_m007_p99	attempt_5e129e160da82b51c9ce	source_log_basename	99	8450cd5076362e158e50d1ecc355022a8c4961c633182d4c271f2574338216a2	hmf_coarse.tsv	176	UNIQUE	source_log_basename
b20:hmf_coarse:HMF:176:0	b20	hmf_coarse	HMF	176		F				0	NA	hmf_coarse.tsv	177	NOT_RUN	TARGET_BEFORE_F
b20:hmf_coarse:HMF:176:0	b20	hmf_coarse	HMF	176		H	H_b20_cov95v2_HMF_h09_H_p318	attempt_6032f4cddee90ee0097e	source_log_basename	318	46a2375dfeed0ae98b84c1933cb680271d02c391c04120b88ad62e77fbf541d3	hmf_coarse.tsv	177	UNIQUE	source_log_basename
b20:hmf_coarse:HMF:176:0	b20	hmf_coarse	HMF	176		M	M_b20_cov95v2_HMF_h318_m008_p116	attempt_c089b5792a6063fe675e	source_log_basename	116	08a70d9aeb90b14253cd6ae2be113e3c5149ff121a1c3b0ec009ef663e9b7f83	hmf_coarse.tsv	177	UNIQUE	source_log_basename
b20:hmf_coarse:HMF:177:0	b20	hmf_coarse	HMF	177		F				0	NA	hmf_coarse.tsv	178	NOT_RUN	TARGET_BEFORE_F
b20:hmf_coarse:HMF:177:0	b20	hmf_coarse	HMF	177		H	H_b20_cov95v2_HMF_h09_H_p318	attempt_6032f4cddee90ee0097e	source_log_basename	318	46a2375dfeed0ae98b84c1933cb680271d02c391c04120b88ad62e77fbf541d3	hmf_coarse.tsv	178	UNIQUE	source_log_basename
b20:hmf_coarse:HMF:177:0	b20	hmf_coarse	HMF	177		M	M_b20_cov95v2_HMF_h318_m009_p132	attempt_a8b786fd4f120e19f46e	source_log_basename	132	a0b3b1083a93bad5a7c1cf75bc474f7cb859ce6bc91647937723b7e4d59bd6a4	hmf_coarse.tsv	178	UNIQUE	source_log_basename
b20:hmf_coarse:HMF:178:0	b20	hmf_coarse	HMF	178		F				0	NA	hmf_coarse.tsv	179	NOT_RUN	TARGET_BEFORE_F
b20:hmf_coarse:HMF:178:0	b20	hmf_coarse	HMF	178		H	H_b20_cov95v2_HMF_h09_H_p318	attempt_6032f4cddee90ee0097e	source_log_basename	318	46a2375dfeed0ae98b84c1933cb680271d02c391c04120b88ad62e77fbf541d3	hmf_coarse.tsv	179	UNIQUE	source_log_basename
b20:hmf_coarse:HMF:178:0	b20	hmf_coarse	HMF	178		M	M_b20_cov95v2_HMF_h318_m010_p149	attempt_84d4fa0960d11e715d9f	source_log_basename	149	c1f4129b019d6c79ee0fcdcded6f92ee706b75abd49bfbbe14fd61d79bd16c71	hmf_coarse.tsv	179	UNIQUE	source_log_basename
b20:hmf_coarse:HMF:179:0	b20	hmf_coarse	HMF	179		F				0	NA	hmf_coarse.tsv	180	NOT_RUN	TARGET_BEFORE_F
b20:hmf_coarse:HMF:179:0	b20	hmf_coarse	HMF	179		H	H_b20_cov95v2_HMF_h09_H_p318	attempt_6032f4cddee90ee0097e	source_log_basename	318	46a2375dfeed0ae98b84c1933cb680271d02c391c04120b88ad62e77fbf541d3	hmf_coarse.tsv	180	UNIQUE	source_log_basename
b20:hmf_coarse:HMF:179:0	b20	hmf_coarse	HMF	179		M	M_b20_cov95v2_HMF_h318_m011_p166	attempt_d009f0ddd6bf0464cb60	source_log_basename	166	2fac4ec858c27dfbb9b5c1f2da78e0675b8473c8e5abc68191486e5b284fb552	hmf_coarse.tsv	180	UNIQUE	source_log_basename
b20:hmf_coarse:HMF:17:0	b20	hmf_coarse	HMF	17		F				0	NA	hmf_coarse.tsv	18	NOT_RUN	TARGET_BEFORE_F
b20:hmf_coarse:HMF:17:0	b20	hmf_coarse	HMF	17		H	H_b20_cov95v2_HMF_h01_H_p1	attempt_bc0e0a4ac7524732dd08	source_log_basename	1	d52d10ca84f3e58c0c5b82699b0efa0295216414bc28a9ee35d8844974e85efb	hmf_coarse.tsv	18	UNIQUE	source_log_basename
b20:hmf_coarse:HMF:17:0	b20	hmf_coarse	HMF	17		M	M_b20_cov95v2_HMF_h1_m017_p393	attempt_4704234d1189faa5092c	source_log_basename	393	55cac6ac6b7bb93b2fbd3a0ef7c0a5a9b76cbc2ea20a91e44163ae6275f1b859	hmf_coarse.tsv	18	UNIQUE	source_log_basename
b20:hmf_coarse:HMF:180:0	b20	hmf_coarse	HMF	180		F				0	NA	hmf_coarse.tsv	181	NOT_RUN	TARGET_BEFORE_F
b20:hmf_coarse:HMF:180:0	b20	hmf_coarse	HMF	180		H	H_b20_cov95v2_HMF_h09_H_p318	attempt_6032f4cddee90ee0097e	source_log_basename	318	46a2375dfeed0ae98b84c1933cb680271d02c391c04120b88ad62e77fbf541d3	hmf_coarse.tsv	181	UNIQUE	source_log_basename
b20:hmf_coarse:HMF:180:0	b20	hmf_coarse	HMF	180		M	M_b20_cov95v2_HMF_h318_m012_p182	attempt_0c8a4f824591e6d9334d	source_log_basename	182	38f6c2ac517d1fbf7b9a49db1be1d6a87dbc111f9308e8c00c2400f0815159c9	hmf_coarse.tsv	181	UNIQUE	source_log_basename
b20:hmf_coarse:HMF:181:0	b20	hmf_coarse	HMF	181		F				0	NA	hmf_coarse.tsv	182	NOT_RUN	TARGET_BEFORE_F
b20:hmf_coarse:HMF:181:0	b20	hmf_coarse	HMF	181		H	H_b20_cov95v2_HMF_h09_H_p318	attempt_6032f4cddee90ee0097e	source_log_basename	318	46a2375dfeed0ae98b84c1933cb680271d02c391c04120b88ad62e77fbf541d3	hmf_coarse.tsv	182	UNIQUE	source_log_basename
b20:hmf_coarse:HMF:181:0	b20	hmf_coarse	HMF	181		M	M_b20_cov95v2_HMF_h318_m013_p199	attempt_1167be83f0585090f926	source_log_basename	199	ca2cf8e4925fd8539ca19b45b8fbeaa7f8ba3fb92460ca7f6aaac23d07727626	hmf_coarse.tsv	182	UNIQUE	source_log_basename
b20:hmf_coarse:HMF:182:0	b20	hmf_coarse	HMF	182		F				0	NA	hmf_coarse.tsv	183	NOT_RUN	TARGET_BEFORE_F
b20:hmf_coarse:HMF:182:0	b20	hmf_coarse	HMF	182		H	H_b20_cov95v2_HMF_h09_H_p318	attempt_6032f4cddee90ee0097e	source_log_basename	318	46a2375dfeed0ae98b84c1933cb680271d02c391c04120b88ad62e77fbf541d3	hmf_coarse.tsv	183	UNIQUE	source_log_basename
b20:hmf_coarse:HMF:182:0	b20	hmf_coarse	HMF	182		M	M_b20_cov95v2_HMF_h318_m014_p215	attempt_c470034f0844aecafd85	source_log_basename	215	0f4776ae5bdfbba996180111d0568869cfd38cfd9504c0b34ae940de2a81b609	hmf_coarse.tsv	183	UNIQUE	source_log_basename
b20:hmf_coarse:HMF:183:0	b20	hmf_coarse	HMF	183		F				0	NA	hmf_coarse.tsv	184	NOT_RUN	TARGET_BEFORE_F
b20:hmf_coarse:HMF:183:0	b20	hmf_coarse	HMF	183		H	H_b20_cov95v2_HMF_h09_H_p318	attempt_6032f4cddee90ee0097e	source_log_basename	318	46a2375dfeed0ae98b84c1933cb680271d02c391c04120b88ad62e77fbf541d3	hmf_coarse.tsv	184	UNIQUE	source_log_basename
b20:hmf_coarse:HMF:183:0	b20	hmf_coarse	HMF	183		M	M_b20_cov95v2_HMF_h318_m015_p232	attempt_42f466baf5af710ba12c	source_log_basename	232	9af5a2fdbc396af6e664be73fe5628d4f9ef79787d5af10a51a9e8b2ec1c5428	hmf_coarse.tsv	184	UNIQUE	source_log_basename
b20:hmf_coarse:HMF:184:0	b20	hmf_coarse	HMF	184		F				0	NA	hmf_coarse.tsv	185	NOT_RUN	TARGET_BEFORE_F
b20:hmf_coarse:HMF:184:0	b20	hmf_coarse	HMF	184		H	H_b20_cov95v2_HMF_h09_H_p318	attempt_6032f4cddee90ee0097e	source_log_basename	318	46a2375dfeed0ae98b84c1933cb680271d02c391c04120b88ad62e77fbf541d3	hmf_coarse.tsv	185	UNIQUE	source_log_basename
b20:hmf_coarse:HMF:184:0	b20	hmf_coarse	HMF	184		M	M_b20_cov95v2_HMF_h318_m016_p248	attempt_58a46705c35d50b9d963	source_log_basename	248	19d96756b4201d8942baecd3369f5d285bd6cc172e2004b138a6a06268349f59	hmf_coarse.tsv	185	UNIQUE	source_log_basename
b20:hmf_coarse:HMF:185:0	b20	hmf_coarse	HMF	185		F				0	NA	hmf_coarse.tsv	186	NOT_RUN	TARGET_BEFORE_F
b20:hmf_coarse:HMF:185:0	b20	hmf_coarse	HMF	185		H	H_b20_cov95v2_HMF_h09_H_p318	attempt_6032f4cddee90ee0097e	source_log_basename	318	46a2375dfeed0ae98b84c1933cb680271d02c391c04120b88ad62e77fbf541d3	hmf_coarse.tsv	186	UNIQUE	source_log_basename
b20:hmf_coarse:HMF:185:0	b20	hmf_coarse	HMF	185		M	M_b20_cov95v2_HMF_h318_m017_p265	attempt_bcfacb77b51128816496	source_log_basename	265	0c23ff77424461f3cb04658c6deecf7cefe31e0f083c46320096d9a0b587174a	hmf_coarse.tsv	186	UNIQUE	source_log_basename
b20:hmf_coarse:HMF:186:0	b20	hmf_coarse	HMF	186		F				0	NA	hmf_coarse.tsv	187	NOT_RUN	TARGET_BEFORE_F
b20:hmf_coarse:HMF:186:0	b20	hmf_coarse	HMF	186		H	H_b20_cov95v2_HMF_h09_H_p318	attempt_6032f4cddee90ee0097e	source_log_basename	318	46a2375dfeed0ae98b84c1933cb680271d02c391c04120b88ad62e77fbf541d3	hmf_coarse.tsv	187	UNIQUE	source_log_basename
b20:hmf_coarse:HMF:186:0	b20	hmf_coarse	HMF	186		M	M_b20_cov95v2_HMF_h318_m018_p281	attempt_a0a4d8e1389644c52f1a	source_log_basename	281	72c2d76b0d77d9ac9324626f328dcffe2b3906476ede0df389074aedd668b8fa	hmf_coarse.tsv	187	UNIQUE	source_log_basename
b20:hmf_coarse:HMF:187:0	b20	hmf_coarse	HMF	187		F				0	NA	hmf_coarse.tsv	188	NOT_RUN	TARGET_BEFORE_F
b20:hmf_coarse:HMF:187:0	b20	hmf_coarse	HMF	187		H	H_b20_cov95v2_HMF_h09_H_p318	attempt_6032f4cddee90ee0097e	source_log_basename	318	46a2375dfeed0ae98b84c1933cb680271d02c391c04120b88ad62e77fbf541d3	hmf_coarse.tsv	188	UNIQUE	source_log_basename
b20:hmf_coarse:HMF:187:0	b20	hmf_coarse	HMF	187		M	M_b20_cov95v2_HMF_h318_m019_p298	attempt_0948b9571abc5eba4d76	source_log_basename	297	7687ef9020e092a039079bfd020b1eb138ca8c2321b6632af7d4f4572985af38	hmf_coarse.tsv	188	UNIQUE	source_log_basename
b20:hmf_coarse:HMF:188:0	b20	hmf_coarse	HMF	188		F				0	NA	hmf_coarse.tsv	189	NOT_RUN	TARGET_BEFORE_F
b20:hmf_coarse:HMF:188:0	b20	hmf_coarse	HMF	188		H	H_b20_cov95v2_HMF_h09_H_p318	attempt_6032f4cddee90ee0097e	source_log_basename	318	46a2375dfeed0ae98b84c1933cb680271d02c391c04120b88ad62e77fbf541d3	hmf_coarse.tsv	189	UNIQUE	source_log_basename
b20:hmf_coarse:HMF:188:0	b20	hmf_coarse	HMF	188		M	M_b20_cov95v2_HMF_h318_m020_p314	attempt_68587dc3d3f975fb67ab	source_log_basename	312	e04949967ba413aa41c8b5e46e007855fb9ec94d15e3e9b0f05e88f4ba094e58	hmf_coarse.tsv	189	UNIQUE	source_log_basename
b20:hmf_coarse:HMF:189:0	b20	hmf_coarse	HMF	189		F				0	NA	hmf_coarse.tsv	190	NOT_RUN	TARGET_BEFORE_F
b20:hmf_coarse:HMF:189:0	b20	hmf_coarse	HMF	189		H	H_b20_cov95v2_HMF_h09_H_p318	attempt_6032f4cddee90ee0097e	source_log_basename	318	46a2375dfeed0ae98b84c1933cb680271d02c391c04120b88ad62e77fbf541d3	hmf_coarse.tsv	190	UNIQUE	source_log_basename
b20:hmf_coarse:HMF:189:0	b20	hmf_coarse	HMF	189		M	M_b20_cov95v2_HMF_h318_Mfull	attempt_c01e2825025d29b78ff6	source_log_basename	331	2059f30fbb7a200d40659e6dc93d0951cf5f2ae03c8c53b41f187a4e32eaf6b5	hmf_coarse.tsv	190	UNIQUE	source_log_basename
b20:hmf_coarse:HMF:18:0	b20	hmf_coarse	HMF	18		F				0	NA	hmf_coarse.tsv	19	NOT_RUN	TARGET_BEFORE_F
b20:hmf_coarse:HMF:18:0	b20	hmf_coarse	HMF	18		H	H_b20_cov95v2_HMF_h01_H_p1	attempt_bc0e0a4ac7524732dd08	source_log_basename	1	d52d10ca84f3e58c0c5b82699b0efa0295216414bc28a9ee35d8844974e85efb	hmf_coarse.tsv	19	UNIQUE	source_log_basename
b20:hmf_coarse:HMF:18:0	b20	hmf_coarse	HMF	18		M	M_b20_cov95v2_HMF_h1_m018_p417	attempt_a61c0c1acdf940316e63	source_log_basename	417	4d45ba4ef9444703595b23626f938ac18e9a58b6caca863e6168cceaa5756e9c	hmf_coarse.tsv	19	UNIQUE	source_log_basename
b20:hmf_coarse:HMF:190:0	b20	hmf_coarse	HMF	190		F	F_b20_cov95v2_HMF_h358_m1_F_p15	attempt_e1fba5712fcd4be04efd	source_log_basename	15	5f47b9d2de0c3881a09f9a341c19c13dfcc1c4d8903bd9c0ddf5fa03ea1dda23	hmf_coarse.tsv	191	UNIQUE	source_log_basename
b20:hmf_coarse:HMF:190:0	b20	hmf_coarse	HMF	190		H	H_b20_cov95v2_HMF_h10_H_p358	attempt_7ab8e8e9b06e8348b868	source_log_basename	358	fa71ae8b4abf55c3082b97760886233b3ac2df12e1060427297c5a814520cd50	hmf_coarse.tsv	191	UNIQUE	source_log_basename
b20:hmf_coarse:HMF:190:0	b20	hmf_coarse	HMF	190		M	M_b20_cov95v2_HMF_h358_m001_p1	attempt_d69325bd0762a8293733	source_log_basename	1	5e82507d0b6bbb2cb0c07325de1378421a65d513f1dfb132fb61a3741cc7406e	hmf_coarse.tsv	191	UNIQUE	source_log_basename
b20:hmf_coarse:HMF:191:0	b20	hmf_coarse	HMF	191		F	F_b20_cov95v2_HMF_h358_m16_F_p4	attempt_1c32af39c29cbc94ff70	source_log_basename	4	7cfcc275bd2d2900310ee3794ecd319270654d25242ae3b61f35350710872659	hmf_coarse.tsv	192	UNIQUE	source_log_basename
b20:hmf_coarse:HMF:191:0	b20	hmf_coarse	HMF	191		H	H_b20_cov95v2_HMF_h10_H_p358	attempt_7ab8e8e9b06e8348b868	source_log_basename	358	fa71ae8b4abf55c3082b97760886233b3ac2df12e1060427297c5a814520cd50	hmf_coarse.tsv	192	UNIQUE	source_log_basename
b20:hmf_coarse:HMF:191:0	b20	hmf_coarse	HMF	191		M	M_b20_cov95v2_HMF_h358_m002_p16	attempt_9454ba07f3a475734d51	source_log_basename	16	9e542c533eed434054730f9890937c7c49bea5f97eaf767ebb2dbbac7a399d17	hmf_coarse.tsv	192	UNIQUE	source_log_basename
b20:hmf_coarse:HMF:192:0	b20	hmf_coarse	HMF	192		F				0	NA	hmf_coarse.tsv	193	NOT_RUN	TARGET_BEFORE_F
b20:hmf_coarse:HMF:192:0	b20	hmf_coarse	HMF	192		H	H_b20_cov95v2_HMF_h10_H_p358	attempt_7ab8e8e9b06e8348b868	source_log_basename	358	fa71ae8b4abf55c3082b97760886233b3ac2df12e1060427297c5a814520cd50	hmf_coarse.tsv	193	UNIQUE	source_log_basename
b20:hmf_coarse:HMF:192:0	b20	hmf_coarse	HMF	192		M	M_b20_cov95v2_HMF_h358_m003_p32	attempt_e4d7ea6e477b96d105bf	source_log_basename	32	79a0ea34d25dcadf14b35dec66efb14d0ff0b3c84af97472565e4cdfbd780f79	hmf_coarse.tsv	193	UNIQUE	source_log_basename
b20:hmf_coarse:HMF:193:0	b20	hmf_coarse	HMF	193		F				0	NA	hmf_coarse.tsv	194	NOT_RUN	TARGET_BEFORE_F
b20:hmf_coarse:HMF:193:0	b20	hmf_coarse	HMF	193		H	H_b20_cov95v2_HMF_h10_H_p358	attempt_7ab8e8e9b06e8348b868	source_log_basename	358	fa71ae8b4abf55c3082b97760886233b3ac2df12e1060427297c5a814520cd50	hmf_coarse.tsv	194	UNIQUE	source_log_basename
b20:hmf_coarse:HMF:193:0	b20	hmf_coarse	HMF	193		M	M_b20_cov95v2_HMF_h358_m004_p48	attempt_bc5d1cdebf9d928d2990	source_log_basename	48	93bbaefd5aa2dbc7e400f53bc8cb2275ad16c24ab4e75648d089309f8b4a00dc	hmf_coarse.tsv	194	UNIQUE	source_log_basename
b20:hmf_coarse:HMF:194:0	b20	hmf_coarse	HMF	194		F				0	NA	hmf_coarse.tsv	195	NOT_RUN	TARGET_BEFORE_F
b20:hmf_coarse:HMF:194:0	b20	hmf_coarse	HMF	194		H	H_b20_cov95v2_HMF_h10_H_p358	attempt_7ab8e8e9b06e8348b868	source_log_basename	358	fa71ae8b4abf55c3082b97760886233b3ac2df12e1060427297c5a814520cd50	hmf_coarse.tsv	195	UNIQUE	source_log_basename
b20:hmf_coarse:HMF:194:0	b20	hmf_coarse	HMF	194		M	M_b20_cov95v2_HMF_h358_m005_p64	attempt_ed6bab5141808bf82c76	source_log_basename	64	5458db787d126087b04f2bf72f59d267f63f235bb6484f657c500c43104aaf57	hmf_coarse.tsv	195	UNIQUE	source_log_basename
b20:hmf_coarse:HMF:195:0	b20	hmf_coarse	HMF	195		F				0	NA	hmf_coarse.tsv	196	NOT_RUN	TARGET_BEFORE_F
b20:hmf_coarse:HMF:195:0	b20	hmf_coarse	HMF	195		H	H_b20_cov95v2_HMF_h10_H_p358	attempt_7ab8e8e9b06e8348b868	source_log_basename	358	fa71ae8b4abf55c3082b97760886233b3ac2df12e1060427297c5a814520cd50	hmf_coarse.tsv	196	UNIQUE	source_log_basename
b20:hmf_coarse:HMF:195:0	b20	hmf_coarse	HMF	195		M	M_b20_cov95v2_HMF_h358_m006_p80	attempt_3da7672a5722403e4e04	source_log_basename	80	1a16a97134489415476dca03c9b626e74e2ea785dc4378f7117dad1aec1a3993	hmf_coarse.tsv	196	UNIQUE	source_log_basename
b20:hmf_coarse:HMF:196:0	b20	hmf_coarse	HMF	196		F				0	NA	hmf_coarse.tsv	197	NOT_RUN	TARGET_BEFORE_F
b20:hmf_coarse:HMF:196:0	b20	hmf_coarse	HMF	196		H	H_b20_cov95v2_HMF_h10_H_p358	attempt_7ab8e8e9b06e8348b868	source_log_basename	358	fa71ae8b4abf55c3082b97760886233b3ac2df12e1060427297c5a814520cd50	hmf_coarse.tsv	197	UNIQUE	source_log_basename
b20:hmf_coarse:HMF:196:0	b20	hmf_coarse	HMF	196		M	M_b20_cov95v2_HMF_h358_m007_p96	attempt_a1be94e174ba5cab39cd	source_log_basename	96	0770979cba4953c0befd211c97c65f76a9dbb5f7f7e1013d72065269b025cc16	hmf_coarse.tsv	197	UNIQUE	source_log_basename
b20:hmf_coarse:HMF:197:0	b20	hmf_coarse	HMF	197		F				0	NA	hmf_coarse.tsv	198	NOT_RUN	TARGET_BEFORE_F
b20:hmf_coarse:HMF:197:0	b20	hmf_coarse	HMF	197		H	H_b20_cov95v2_HMF_h10_H_p358	attempt_7ab8e8e9b06e8348b868	source_log_basename	358	fa71ae8b4abf55c3082b97760886233b3ac2df12e1060427297c5a814520cd50	hmf_coarse.tsv	198	UNIQUE	source_log_basename
b20:hmf_coarse:HMF:197:0	b20	hmf_coarse	HMF	197		M	M_b20_cov95v2_HMF_h358_m008_p112	attempt_66d8914eb5e04306a985	source_log_basename	112	47fe8d9cbd660bdd557852ed89dd0620eb793750b569c5df717d35aa5d8e1b34	hmf_coarse.tsv	198	UNIQUE	source_log_basename
b20:hmf_coarse:HMF:198:0	b20	hmf_coarse	HMF	198		F				0	NA	hmf_coarse.tsv	199	NOT_RUN	TARGET_BEFORE_F
b20:hmf_coarse:HMF:198:0	b20	hmf_coarse	HMF	198		H	H_b20_cov95v2_HMF_h10_H_p358	attempt_7ab8e8e9b06e8348b868	source_log_basename	358	fa71ae8b4abf55c3082b97760886233b3ac2df12e1060427297c5a814520cd50	hmf_coarse.tsv	199	UNIQUE	source_log_basename
b20:hmf_coarse:HMF:198:0	b20	hmf_coarse	HMF	198		M	M_b20_cov95v2_HMF_h358_m009_p128	attempt_ffb34a7ac7186d2603b7	source_log_basename	128	bf048c7944f9b0eb92f0c3a25ee4decb4286220b3fbc31759f7917004af75b56	hmf_coarse.tsv	199	UNIQUE	source_log_basename
b20:hmf_coarse:HMF:199:0	b20	hmf_coarse	HMF	199		F				0	NA	hmf_coarse.tsv	200	NOT_RUN	TARGET_BEFORE_F
b20:hmf_coarse:HMF:199:0	b20	hmf_coarse	HMF	199		H	H_b20_cov95v2_HMF_h10_H_p358	attempt_7ab8e8e9b06e8348b868	source_log_basename	358	fa71ae8b4abf55c3082b97760886233b3ac2df12e1060427297c5a814520cd50	hmf_coarse.tsv	200	UNIQUE	source_log_basename
b20:hmf_coarse:HMF:199:0	b20	hmf_coarse	HMF	199		M	M_b20_cov95v2_HMF_h358_m010_p144	attempt_378b0b459f818fe0b393	source_log_basename	144	7ad57e3174bc0e68b336a442f848370b95c7653887478aeec7638e5a302499d0	hmf_coarse.tsv	200	UNIQUE	source_log_basename
b20:hmf_coarse:HMF:19:0	b20	hmf_coarse	HMF	19		F				0	NA	hmf_coarse.tsv	20	NOT_RUN	TARGET_BEFORE_F
b20:hmf_coarse:HMF:19:0	b20	hmf_coarse	HMF	19		H	H_b20_cov95v2_HMF_h01_H_p1	attempt_bc0e0a4ac7524732dd08	source_log_basename	1	d52d10ca84f3e58c0c5b82699b0efa0295216414bc28a9ee35d8844974e85efb	hmf_coarse.tsv	20	UNIQUE	source_log_basename
b20:hmf_coarse:HMF:19:0	b20	hmf_coarse	HMF	19		M	M_b20_cov95v2_HMF_h1_m019_p442	attempt_2f88714ef9c945653586	source_log_basename	441	6427db3799a8f37000f218d0ec0e04ac54b94feb0b3e433d796386e39018db6a	hmf_coarse.tsv	20	UNIQUE	source_log_basename
b20:hmf_coarse:HMF:1:0	b20	hmf_coarse	HMF	1		F	F_b20_cov95v2_HMF_h1_m1_F_p170	attempt_c495a53461719ca82022	source_log_basename	170	66966801005653e776d118e57fd521388c21ea32e1a321c3b3923ed20e37c8a4	hmf_coarse.tsv	2	UNIQUE	source_log_basename
b20:hmf_coarse:HMF:1:0	b20	hmf_coarse	HMF	1		H	H_b20_cov95v2_HMF_h01_H_p1	attempt_bc0e0a4ac7524732dd08	source_log_basename	1	d52d10ca84f3e58c0c5b82699b0efa0295216414bc28a9ee35d8844974e85efb	hmf_coarse.tsv	2	UNIQUE	source_log_basename
b20:hmf_coarse:HMF:1:0	b20	hmf_coarse	HMF	1		M	M_b20_cov95v2_HMF_h1_m001_p1	attempt_63be51f273f5a5b2858e	source_log_basename	1	704980e433a3d0f15eb685f64d39ee938d96776bbff8b78b37a9484f86dd5b36	hmf_coarse.tsv	2	UNIQUE	source_log_basename
b20:hmf_coarse:HMF:200:0	b20	hmf_coarse	HMF	200		F				0	NA	hmf_coarse.tsv	201	NOT_RUN	TARGET_BEFORE_F
b20:hmf_coarse:HMF:200:0	b20	hmf_coarse	HMF	200		H	H_b20_cov95v2_HMF_h10_H_p358	attempt_7ab8e8e9b06e8348b868	source_log_basename	358	fa71ae8b4abf55c3082b97760886233b3ac2df12e1060427297c5a814520cd50	hmf_coarse.tsv	201	UNIQUE	source_log_basename
b20:hmf_coarse:HMF:200:0	b20	hmf_coarse	HMF	200		M	M_b20_cov95v2_HMF_h358_m011_p160	attempt_020b846bb9d3d52c845e	source_log_basename	160	832dfad09eb237a6bd03c55fe99318cb895c7861cba582c8c4bd879b7116837a	hmf_coarse.tsv	201	UNIQUE	source_log_basename
b20:hmf_coarse:HMF:201:0	b20	hmf_coarse	HMF	201		F				0	NA	hmf_coarse.tsv	202	NOT_RUN	TARGET_BEFORE_F
b20:hmf_coarse:HMF:201:0	b20	hmf_coarse	HMF	201		H	H_b20_cov95v2_HMF_h10_H_p358	attempt_7ab8e8e9b06e8348b868	source_log_basename	358	fa71ae8b4abf55c3082b97760886233b3ac2df12e1060427297c5a814520cd50	hmf_coarse.tsv	202	UNIQUE	source_log_basename
b20:hmf_coarse:HMF:201:0	b20	hmf_coarse	HMF	201		M	M_b20_cov95v2_HMF_h358_m012_p175	attempt_3e2709e2494f3cc71ced	source_log_basename	175	4b7d118e9b887ddd4fd83d43042c7bc9c3b6ca5f830e73bf3c8c29b1e3050c60	hmf_coarse.tsv	202	UNIQUE	source_log_basename
b20:hmf_coarse:HMF:202:0	b20	hmf_coarse	HMF	202		F				0	NA	hmf_coarse.tsv	203	NOT_RUN	TARGET_BEFORE_F
b20:hmf_coarse:HMF:202:0	b20	hmf_coarse	HMF	202		H	H_b20_cov95v2_HMF_h10_H_p358	attempt_7ab8e8e9b06e8348b868	source_log_basename	358	fa71ae8b4abf55c3082b97760886233b3ac2df12e1060427297c5a814520cd50	hmf_coarse.tsv	203	UNIQUE	source_log_basename
b20:hmf_coarse:HMF:202:0	b20	hmf_coarse	HMF	202		M	M_b20_cov95v2_HMF_h358_m013_p191	attempt_0cf94cb4f6ee3baa3b54	source_log_basename	191	aefc17ea0b2f445d36902da28fec30ed8434d82237f56e981572c08677644adc	hmf_coarse.tsv	203	UNIQUE	source_log_basename
b20:hmf_coarse:HMF:203:0	b20	hmf_coarse	HMF	203		F				0	NA	hmf_coarse.tsv	204	NOT_RUN	TARGET_BEFORE_F
b20:hmf_coarse:HMF:203:0	b20	hmf_coarse	HMF	203		H	H_b20_cov95v2_HMF_h10_H_p358	attempt_7ab8e8e9b06e8348b868	source_log_basename	358	fa71ae8b4abf55c3082b97760886233b3ac2df12e1060427297c5a814520cd50	hmf_coarse.tsv	204	UNIQUE	source_log_basename
b20:hmf_coarse:HMF:203:0	b20	hmf_coarse	HMF	203		M	M_b20_cov95v2_HMF_h358_m014_p207	attempt_acfdc629a947cb75aadf	source_log_basename	207	55ce542bdb1f02eb7e031f07582ad1bd80fec5fe68006df999af8d7cf0249fb3	hmf_coarse.tsv	204	UNIQUE	source_log_basename
b20:hmf_coarse:HMF:204:0	b20	hmf_coarse	HMF	204		F				0	NA	hmf_coarse.tsv	205	NOT_RUN	TARGET_BEFORE_F
b20:hmf_coarse:HMF:204:0	b20	hmf_coarse	HMF	204		H	H_b20_cov95v2_HMF_h10_H_p358	attempt_7ab8e8e9b06e8348b868	source_log_basename	358	fa71ae8b4abf55c3082b97760886233b3ac2df12e1060427297c5a814520cd50	hmf_coarse.tsv	205	UNIQUE	source_log_basename
b20:hmf_coarse:HMF:204:0	b20	hmf_coarse	HMF	204		M	M_b20_cov95v2_HMF_h358_m015_p223	attempt_3aeb71103d854c09a84d	source_log_basename	223	bf64e4c0b8ede9fb0d12d69197ed55afe3cbebc9279e6cb302920725fb117ba6	hmf_coarse.tsv	205	UNIQUE	source_log_basename
b20:hmf_coarse:HMF:205:0	b20	hmf_coarse	HMF	205		F				0	NA	hmf_coarse.tsv	206	NOT_RUN	TARGET_BEFORE_F
b20:hmf_coarse:HMF:205:0	b20	hmf_coarse	HMF	205		H	H_b20_cov95v2_HMF_h10_H_p358	attempt_7ab8e8e9b06e8348b868	source_log_basename	358	fa71ae8b4abf55c3082b97760886233b3ac2df12e1060427297c5a814520cd50	hmf_coarse.tsv	206	UNIQUE	source_log_basename
b20:hmf_coarse:HMF:205:0	b20	hmf_coarse	HMF	205		M	M_b20_cov95v2_HMF_h358_m016_p239	attempt_0559eb0f361d5d82fc8f	source_log_basename	239	74e39ed3d1d61bf37862e61742a8215d76fecab8868037e4b3cb60ae7449c132	hmf_coarse.tsv	206	UNIQUE	source_log_basename
b20:hmf_coarse:HMF:206:0	b20	hmf_coarse	HMF	206		F				0	NA	hmf_coarse.tsv	207	NOT_RUN	TARGET_BEFORE_F
b20:hmf_coarse:HMF:206:0	b20	hmf_coarse	HMF	206		H	H_b20_cov95v2_HMF_h10_H_p358	attempt_7ab8e8e9b06e8348b868	source_log_basename	358	fa71ae8b4abf55c3082b97760886233b3ac2df12e1060427297c5a814520cd50	hmf_coarse.tsv	207	UNIQUE	source_log_basename
b20:hmf_coarse:HMF:206:0	b20	hmf_coarse	HMF	206		M	M_b20_cov95v2_HMF_h358_m017_p255	attempt_c14ceff11cfd7ca33ff6	source_log_basename	255	adf562cdd3b791324d1ad0473f66569d7cc6521d683cf0bf72990ce7aa6d7866	hmf_coarse.tsv	207	UNIQUE	source_log_basename
b20:hmf_coarse:HMF:207:0	b20	hmf_coarse	HMF	207		F				0	NA	hmf_coarse.tsv	208	NOT_RUN	TARGET_BEFORE_F
b20:hmf_coarse:HMF:207:0	b20	hmf_coarse	HMF	207		H	H_b20_cov95v2_HMF_h10_H_p358	attempt_7ab8e8e9b06e8348b868	source_log_basename	358	fa71ae8b4abf55c3082b97760886233b3ac2df12e1060427297c5a814520cd50	hmf_coarse.tsv	208	UNIQUE	source_log_basename
b20:hmf_coarse:HMF:207:0	b20	hmf_coarse	HMF	207		M	M_b20_cov95v2_HMF_h358_m018_p271	attempt_e70cfa0a4af986e5ca18	source_log_basename	271	b75bd71698152f773c4980e700c0744fd74d790cc5f08f6461b30fa9eefc5d3d	hmf_coarse.tsv	208	UNIQUE	source_log_basename
b20:hmf_coarse:HMF:208:0	b20	hmf_coarse	HMF	208		F				0	NA	hmf_coarse.tsv	209	NOT_RUN	TARGET_BEFORE_F
b20:hmf_coarse:HMF:208:0	b20	hmf_coarse	HMF	208		H	H_b20_cov95v2_HMF_h10_H_p358	attempt_7ab8e8e9b06e8348b868	source_log_basename	358	fa71ae8b4abf55c3082b97760886233b3ac2df12e1060427297c5a814520cd50	hmf_coarse.tsv	209	UNIQUE	source_log_basename
b20:hmf_coarse:HMF:208:0	b20	hmf_coarse	HMF	208		M	M_b20_cov95v2_HMF_h358_m019_p287	attempt_c781bff537fd74d30dde	source_log_basename	287	45b0f07a0b4312d7d535bc3f5df4cc5242f3fcb2042e901309126bf67fa164c0	hmf_coarse.tsv	209	UNIQUE	source_log_basename
b20:hmf_coarse:HMF:209:0	b20	hmf_coarse	HMF	209		F				0	NA	hmf_coarse.tsv	210	NOT_RUN	TARGET_BEFORE_F
b20:hmf_coarse:HMF:209:0	b20	hmf_coarse	HMF	209		H	H_b20_cov95v2_HMF_h10_H_p358	attempt_7ab8e8e9b06e8348b868	source_log_basename	358	fa71ae8b4abf55c3082b97760886233b3ac2df12e1060427297c5a814520cd50	hmf_coarse.tsv	210	UNIQUE	source_log_basename
b20:hmf_coarse:HMF:209:0	b20	hmf_coarse	HMF	209		M	M_b20_cov95v2_HMF_h358_m020_p303	attempt_b919d11d64899f62c324	source_log_basename	303	4dbc78f769c8c2d0459cc50e6b12586d4fd4134d2dd6145b2cb1497c2dc46d93	hmf_coarse.tsv	210	UNIQUE	source_log_basename
b20:hmf_coarse:HMF:20:0	b20	hmf_coarse	HMF	20		F				0	NA	hmf_coarse.tsv	21	NOT_RUN	TARGET_BEFORE_F
b20:hmf_coarse:HMF:20:0	b20	hmf_coarse	HMF	20		H	H_b20_cov95v2_HMF_h01_H_p1	attempt_bc0e0a4ac7524732dd08	source_log_basename	1	d52d10ca84f3e58c0c5b82699b0efa0295216414bc28a9ee35d8844974e85efb	hmf_coarse.tsv	21	UNIQUE	source_log_basename
b20:hmf_coarse:HMF:20:0	b20	hmf_coarse	HMF	20		M	M_b20_cov95v2_HMF_h1_m020_p466	attempt_75cbc8fc31f0fbd9acda	source_log_basename	466	eed83c2b5b650b9d06cf84406deda5af2ddb0b19c867187eff8dad26b65fe8b8	hmf_coarse.tsv	21	UNIQUE	source_log_basename
b20:hmf_coarse:HMF:210:0	b20	hmf_coarse	HMF	210		F				0	NA	hmf_coarse.tsv	211	NOT_RUN	TARGET_BEFORE_F
b20:hmf_coarse:HMF:210:0	b20	hmf_coarse	HMF	210		H	H_b20_cov95v2_HMF_h10_H_p358	attempt_7ab8e8e9b06e8348b868	source_log_basename	358	fa71ae8b4abf55c3082b97760886233b3ac2df12e1060427297c5a814520cd50	hmf_coarse.tsv	211	UNIQUE	source_log_basename
b20:hmf_coarse:HMF:210:0	b20	hmf_coarse	HMF	210		M	M_b20_cov95v2_HMF_h358_Mfull	attempt_eb8aef735758b6380ff1	source_log_basename	319	b5de3e9f0794097aad285337e8dc56ccec558541eb5a37c2d0aaf3c280fc177b	hmf_coarse.tsv	211	UNIQUE	source_log_basename
b20:hmf_coarse:HMF:211:0	b20	hmf_coarse	HMF	211		F	F_b20_cov95v2_HMF_h398_m1_F_p14	attempt_31b543afcb01adc640ee	source_log_basename	14	9d1bbfc1a1ba5708d4b17d17c9f50aff033f1fbdf1ee2e23d21f259ec3d5b831	hmf_coarse.tsv	212	UNIQUE	source_log_basename
b20:hmf_coarse:HMF:211:0	b20	hmf_coarse	HMF	211		H	H_b20_cov95v2_HMF_h11_H_p398	attempt_b80924f76beed2d21b8c	source_log_basename	398	7d9772aa90ab48bff9e34d1c05b6d5e4fc2e413370d33bac5927431992c6e1c4	hmf_coarse.tsv	212	UNIQUE	source_log_basename
b20:hmf_coarse:HMF:211:0	b20	hmf_coarse	HMF	211		M	M_b20_cov95v2_HMF_h398_m001_p1	attempt_a79751c6351d585b6ff8	source_log_basename	1	91e28ef4e0ead5623a5989f67b6d0fd1269a530331d2a64ff8d95e0f619089dc	hmf_coarse.tsv	212	UNIQUE	source_log_basename
b20:hmf_coarse:HMF:212:0	b20	hmf_coarse	HMF	212		F	F_b20_cov95v2_HMF_h398_m15_F_p2	attempt_bd4c5ccbee744adf0d7b	source_log_basename	2	105c444872e2d05230738833346edd513cc2d95f7be684a2d1d340da32b947ad	hmf_coarse.tsv	213	UNIQUE	source_log_basename
b20:hmf_coarse:HMF:212:0	b20	hmf_coarse	HMF	212		H	H_b20_cov95v2_HMF_h11_H_p398	attempt_b80924f76beed2d21b8c	source_log_basename	398	7d9772aa90ab48bff9e34d1c05b6d5e4fc2e413370d33bac5927431992c6e1c4	hmf_coarse.tsv	213	UNIQUE	source_log_basename
b20:hmf_coarse:HMF:212:0	b20	hmf_coarse	HMF	212		M	M_b20_cov95v2_HMF_h398_m002_p15	attempt_1585d39824bd6f79c65f	source_log_basename	15	d6a5fb19374c5f638ce911becad49cf69ef8e43456930e0a7e09575e3ab7dacc	hmf_coarse.tsv	213	UNIQUE	source_log_basename
b20:hmf_coarse:HMF:213:0	b20	hmf_coarse	HMF	213		F				0	NA	hmf_coarse.tsv	214	NOT_RUN	TARGET_BEFORE_F
b20:hmf_coarse:HMF:213:0	b20	hmf_coarse	HMF	213		H	H_b20_cov95v2_HMF_h11_H_p398	attempt_b80924f76beed2d21b8c	source_log_basename	398	7d9772aa90ab48bff9e34d1c05b6d5e4fc2e413370d33bac5927431992c6e1c4	hmf_coarse.tsv	214	UNIQUE	source_log_basename
b20:hmf_coarse:HMF:213:0	b20	hmf_coarse	HMF	213		M	M_b20_cov95v2_HMF_h398_m003_p30	attempt_0b371f86d2b69062fee9	source_log_basename	30	5c5999d08d8a699d489e647ac516358d52e5151376d197a94c0c4bdfe3baa2f7	hmf_coarse.tsv	214	UNIQUE	source_log_basename
b20:hmf_coarse:HMF:214:0	b20	hmf_coarse	HMF	214		F				0	NA	hmf_coarse.tsv	215	NOT_RUN	TARGET_BEFORE_F
b20:hmf_coarse:HMF:214:0	b20	hmf_coarse	HMF	214		H	H_b20_cov95v2_HMF_h11_H_p398	attempt_b80924f76beed2d21b8c	source_log_basename	398	7d9772aa90ab48bff9e34d1c05b6d5e4fc2e413370d33bac5927431992c6e1c4	hmf_coarse.tsv	215	UNIQUE	source_log_basename
b20:hmf_coarse:HMF:214:0	b20	hmf_coarse	HMF	214		M	M_b20_cov95v2_HMF_h398_m004_p45	attempt_fe0b04745626bc05e25f	source_log_basename	45	938ef627c401ada52820f3621f49728f1740ae6992f5b9984c9c1a79a826e830	hmf_coarse.tsv	215	UNIQUE	source_log_basename
b20:hmf_coarse:HMF:215:0	b20	hmf_coarse	HMF	215		F				0	NA	hmf_coarse.tsv	216	NOT_RUN	TARGET_BEFORE_F
b20:hmf_coarse:HMF:215:0	b20	hmf_coarse	HMF	215		H	H_b20_cov95v2_HMF_h11_H_p398	attempt_b80924f76beed2d21b8c	source_log_basename	398	7d9772aa90ab48bff9e34d1c05b6d5e4fc2e413370d33bac5927431992c6e1c4	hmf_coarse.tsv	216	UNIQUE	source_log_basename
b20:hmf_coarse:HMF:215:0	b20	hmf_coarse	HMF	215		M	M_b20_cov95v2_HMF_h398_m005_p60	attempt_001b7fc0890cfaaf1bd5	source_log_basename	60	e500de8fb352a2aa8d779b309d5bdfb9fa395f4ee34788fc44cd4c20052db7d4	hmf_coarse.tsv	216	UNIQUE	source_log_basename
b20:hmf_coarse:HMF:216:0	b20	hmf_coarse	HMF	216		F				0	NA	hmf_coarse.tsv	217	NOT_RUN	TARGET_BEFORE_F
b20:hmf_coarse:HMF:216:0	b20	hmf_coarse	HMF	216		H	H_b20_cov95v2_HMF_h11_H_p398	attempt_b80924f76beed2d21b8c	source_log_basename	398	7d9772aa90ab48bff9e34d1c05b6d5e4fc2e413370d33bac5927431992c6e1c4	hmf_coarse.tsv	217	UNIQUE	source_log_basename
b20:hmf_coarse:HMF:216:0	b20	hmf_coarse	HMF	216		M	M_b20_cov95v2_HMF_h398_m006_p75	attempt_fa055644fcac05ddcc46	source_log_basename	75	10f6d28231ec6db07abc97c76d289a2f87bc605dfd374f05b412b38d42e71bfe	hmf_coarse.tsv	217	UNIQUE	source_log_basename
b20:hmf_coarse:HMF:217:0	b20	hmf_coarse	HMF	217		F				0	NA	hmf_coarse.tsv	218	NOT_RUN	TARGET_BEFORE_F
b20:hmf_coarse:HMF:217:0	b20	hmf_coarse	HMF	217		H	H_b20_cov95v2_HMF_h11_H_p398	attempt_b80924f76beed2d21b8c	source_log_basename	398	7d9772aa90ab48bff9e34d1c05b6d5e4fc2e413370d33bac5927431992c6e1c4	hmf_coarse.tsv	218	UNIQUE	source_log_basename
b20:hmf_coarse:HMF:217:0	b20	hmf_coarse	HMF	217		M	M_b20_cov95v2_HMF_h398_m007_p90	attempt_35696fbeaf9cf7d82488	source_log_basename	90	fc6fe2957582947fa468a5947c135f4a77503a7010bfbeb26cb0006b63e90c0c	hmf_coarse.tsv	218	UNIQUE	source_log_basename
b20:hmf_coarse:HMF:218:0	b20	hmf_coarse	HMF	218		F				0	NA	hmf_coarse.tsv	219	NOT_RUN	TARGET_BEFORE_F
b20:hmf_coarse:HMF:218:0	b20	hmf_coarse	HMF	218		H	H_b20_cov95v2_HMF_h11_H_p398	attempt_b80924f76beed2d21b8c	source_log_basename	398	7d9772aa90ab48bff9e34d1c05b6d5e4fc2e413370d33bac5927431992c6e1c4	hmf_coarse.tsv	219	UNIQUE	source_log_basename
b20:hmf_coarse:HMF:218:0	b20	hmf_coarse	HMF	218		M	M_b20_cov95v2_HMF_h398_m008_p105	attempt_73a6bd9435166a645dc7	source_log_basename	105	280ae34d75133d2586102395a7f9a8a489ce41098bd42d9dacbdbea675eedaf3	hmf_coarse.tsv	219	UNIQUE	source_log_basename
b20:hmf_coarse:HMF:219:0	b20	hmf_coarse	HMF	219		F				0	NA	hmf_coarse.tsv	220	NOT_RUN	TARGET_BEFORE_F
b20:hmf_coarse:HMF:219:0	b20	hmf_coarse	HMF	219		H	H_b20_cov95v2_HMF_h11_H_p398	attempt_b80924f76beed2d21b8c	source_log_basename	398	7d9772aa90ab48bff9e34d1c05b6d5e4fc2e413370d33bac5927431992c6e1c4	hmf_coarse.tsv	220	UNIQUE	source_log_basename
b20:hmf_coarse:HMF:219:0	b20	hmf_coarse	HMF	219		M	M_b20_cov95v2_HMF_h398_m009_p120	attempt_8ac618e77ba8bc4c0404	source_log_basename	120	09edc857e9915a3f9b87e1233b089a69411d2821bac04538f5a35f49079a9a61	hmf_coarse.tsv	220	UNIQUE	source_log_basename
b20:hmf_coarse:HMF:21:0	b20	hmf_coarse	HMF	21		F				0	NA	hmf_coarse.tsv	22	NOT_RUN	TARGET_BEFORE_F
b20:hmf_coarse:HMF:21:0	b20	hmf_coarse	HMF	21		H	H_b20_cov95v2_HMF_h01_H_p1	attempt_bc0e0a4ac7524732dd08	source_log_basename	1	d52d10ca84f3e58c0c5b82699b0efa0295216414bc28a9ee35d8844974e85efb	hmf_coarse.tsv	22	UNIQUE	source_log_basename
b20:hmf_coarse:HMF:21:0	b20	hmf_coarse	HMF	21		M	M_b20_cov95v2_HMF_h1_Mfull	attempt_b87c96fa67ccb6ae00bc	source_log_basename	491	6e335037a0802a6e05a64ab99131e94ca6fc9cfda6db7585762025396a49b38e	hmf_coarse.tsv	22	UNIQUE	source_log_basename
b20:hmf_coarse:HMF:220:0	b20	hmf_coarse	HMF	220		F				0	NA	hmf_coarse.tsv	221	NOT_RUN	TARGET_BEFORE_F
b20:hmf_coarse:HMF:220:0	b20	hmf_coarse	HMF	220		H	H_b20_cov95v2_HMF_h11_H_p398	attempt_b80924f76beed2d21b8c	source_log_basename	398	7d9772aa90ab48bff9e34d1c05b6d5e4fc2e413370d33bac5927431992c6e1c4	hmf_coarse.tsv	221	UNIQUE	source_log_basename
b20:hmf_coarse:HMF:220:0	b20	hmf_coarse	HMF	220		M	M_b20_cov95v2_HMF_h398_m010_p135	attempt_b0a8bb57a8ef3baf0b45	source_log_basename	135	b63c1c2fef7688501fecf225bc2759afa0c6ac42fe7c3d5392330d7624518c67	hmf_coarse.tsv	221	UNIQUE	source_log_basename
b20:hmf_coarse:HMF:221:0	b20	hmf_coarse	HMF	221		F				0	NA	hmf_coarse.tsv	222	NOT_RUN	TARGET_BEFORE_F
b20:hmf_coarse:HMF:221:0	b20	hmf_coarse	HMF	221		H	H_b20_cov95v2_HMF_h11_H_p398	attempt_b80924f76beed2d21b8c	source_log_basename	398	7d9772aa90ab48bff9e34d1c05b6d5e4fc2e413370d33bac5927431992c6e1c4	hmf_coarse.tsv	222	UNIQUE	source_log_basename
b20:hmf_coarse:HMF:221:0	b20	hmf_coarse	HMF	221		M	M_b20_cov95v2_HMF_h398_m011_p150	attempt_2dcdee3c3e88ae8605a2	source_log_basename	150	1e23028b8bf348ba43ece6d4b820d40481a11c0510f2fc268cf021ba4d8b27d9	hmf_coarse.tsv	222	UNIQUE	source_log_basename
b20:hmf_coarse:HMF:222:0	b20	hmf_coarse	HMF	222		F				0	NA	hmf_coarse.tsv	223	NOT_RUN	TARGET_BEFORE_F
b20:hmf_coarse:HMF:222:0	b20	hmf_coarse	HMF	222		H	H_b20_cov95v2_HMF_h11_H_p398	attempt_b80924f76beed2d21b8c	source_log_basename	398	7d9772aa90ab48bff9e34d1c05b6d5e4fc2e413370d33bac5927431992c6e1c4	hmf_coarse.tsv	223	UNIQUE	source_log_basename
b20:hmf_coarse:HMF:222:0	b20	hmf_coarse	HMF	222		M	M_b20_cov95v2_HMF_h398_m012_p164	attempt_c18ab60dafd4bffb5946	source_log_basename	164	dba2b861fdb918c069ff9d7275b1256f7d0b3cfdc1c6c1cd3ab289b2df1ffa90	hmf_coarse.tsv	223	UNIQUE	source_log_basename
b20:hmf_coarse:HMF:223:0	b20	hmf_coarse	HMF	223		F				0	NA	hmf_coarse.tsv	224	NOT_RUN	TARGET_BEFORE_F
b20:hmf_coarse:HMF:223:0	b20	hmf_coarse	HMF	223		H	H_b20_cov95v2_HMF_h11_H_p398	attempt_b80924f76beed2d21b8c	source_log_basename	398	7d9772aa90ab48bff9e34d1c05b6d5e4fc2e413370d33bac5927431992c6e1c4	hmf_coarse.tsv	224	UNIQUE	source_log_basename
b20:hmf_coarse:HMF:223:0	b20	hmf_coarse	HMF	223		M	M_b20_cov95v2_HMF_h398_m013_p179	attempt_b9ef3c6509cbe67fb8de	source_log_basename	179	da427155a154872a218df77b0c7802966cd6e661f8c949f7f59d826ffa6915d8	hmf_coarse.tsv	224	UNIQUE	source_log_basename
b20:hmf_coarse:HMF:224:0	b20	hmf_coarse	HMF	224		F				0	NA	hmf_coarse.tsv	225	NOT_RUN	TARGET_BEFORE_F
b20:hmf_coarse:HMF:224:0	b20	hmf_coarse	HMF	224		H	H_b20_cov95v2_HMF_h11_H_p398	attempt_b80924f76beed2d21b8c	source_log_basename	398	7d9772aa90ab48bff9e34d1c05b6d5e4fc2e413370d33bac5927431992c6e1c4	hmf_coarse.tsv	225	UNIQUE	source_log_basename
b20:hmf_coarse:HMF:224:0	b20	hmf_coarse	HMF	224		M	M_b20_cov95v2_HMF_h398_m014_p194	attempt_8ebb9aa8ad11dd35629a	source_log_basename	194	86c153317bc49fcbd561d73f9c9b260789c7a1d617fd16cadc263331f4207617	hmf_coarse.tsv	225	UNIQUE	source_log_basename
b20:hmf_coarse:HMF:225:0	b20	hmf_coarse	HMF	225		F				0	NA	hmf_coarse.tsv	226	NOT_RUN	TARGET_BEFORE_F
b20:hmf_coarse:HMF:225:0	b20	hmf_coarse	HMF	225		H	H_b20_cov95v2_HMF_h11_H_p398	attempt_b80924f76beed2d21b8c	source_log_basename	398	7d9772aa90ab48bff9e34d1c05b6d5e4fc2e413370d33bac5927431992c6e1c4	hmf_coarse.tsv	226	UNIQUE	source_log_basename
b20:hmf_coarse:HMF:225:0	b20	hmf_coarse	HMF	225		M	M_b20_cov95v2_HMF_h398_m015_p209	attempt_168e1dad73270c46fa59	source_log_basename	209	0174fcecce8a5a3bf5f3943c404caec0fb6705f166b262ef01a57b13f7c02353	hmf_coarse.tsv	226	UNIQUE	source_log_basename
b20:hmf_coarse:HMF:226:0	b20	hmf_coarse	HMF	226		F				0	NA	hmf_coarse.tsv	227	NOT_RUN	TARGET_BEFORE_F
b20:hmf_coarse:HMF:226:0	b20	hmf_coarse	HMF	226		H	H_b20_cov95v2_HMF_h11_H_p398	attempt_b80924f76beed2d21b8c	source_log_basename	398	7d9772aa90ab48bff9e34d1c05b6d5e4fc2e413370d33bac5927431992c6e1c4	hmf_coarse.tsv	227	UNIQUE	source_log_basename
b20:hmf_coarse:HMF:226:0	b20	hmf_coarse	HMF	226		M	M_b20_cov95v2_HMF_h398_m016_p224	attempt_99ac05dbe7c3a572fea3	source_log_basename	224	7f8f09d5ee3d228e274c836ebc271ca5f83fb919b0fc6d4cef8b8945358d19d9	hmf_coarse.tsv	227	UNIQUE	source_log_basename
b20:hmf_coarse:HMF:227:0	b20	hmf_coarse	HMF	227		F				0	NA	hmf_coarse.tsv	228	NOT_RUN	TARGET_BEFORE_F
b20:hmf_coarse:HMF:227:0	b20	hmf_coarse	HMF	227		H	H_b20_cov95v2_HMF_h11_H_p398	attempt_b80924f76beed2d21b8c	source_log_basename	398	7d9772aa90ab48bff9e34d1c05b6d5e4fc2e413370d33bac5927431992c6e1c4	hmf_coarse.tsv	228	UNIQUE	source_log_basename
b20:hmf_coarse:HMF:227:0	b20	hmf_coarse	HMF	227		M	M_b20_cov95v2_HMF_h398_m017_p239	attempt_930d8b6afeec403669b6	source_log_basename	239	b61ab6af12c8aa3514dcff6024a13974b9e762c9dfc4e66a6081530e7294059e	hmf_coarse.tsv	228	UNIQUE	source_log_basename
b20:hmf_coarse:HMF:228:0	b20	hmf_coarse	HMF	228		F				0	NA	hmf_coarse.tsv	229	NOT_RUN	TARGET_BEFORE_F
b20:hmf_coarse:HMF:228:0	b20	hmf_coarse	HMF	228		H	H_b20_cov95v2_HMF_h11_H_p398	attempt_b80924f76beed2d21b8c	source_log_basename	398	7d9772aa90ab48bff9e34d1c05b6d5e4fc2e413370d33bac5927431992c6e1c4	hmf_coarse.tsv	229	UNIQUE	source_log_basename
b20:hmf_coarse:HMF:228:0	b20	hmf_coarse	HMF	228		M	M_b20_cov95v2_HMF_h398_m018_p254	attempt_425689d111f5f423016c	source_log_basename	254	e9bae7d58ea8ebf1aee32afec9829ebf902fea5ce54a359350b7dcaecde3e531	hmf_coarse.tsv	229	UNIQUE	source_log_basename
b20:hmf_coarse:HMF:229:0	b20	hmf_coarse	HMF	229		F				0	NA	hmf_coarse.tsv	230	NOT_RUN	TARGET_BEFORE_F
b20:hmf_coarse:HMF:229:0	b20	hmf_coarse	HMF	229		H	H_b20_cov95v2_HMF_h11_H_p398	attempt_b80924f76beed2d21b8c	source_log_basename	398	7d9772aa90ab48bff9e34d1c05b6d5e4fc2e413370d33bac5927431992c6e1c4	hmf_coarse.tsv	230	UNIQUE	source_log_basename
b20:hmf_coarse:HMF:229:0	b20	hmf_coarse	HMF	229		M	M_b20_cov95v2_HMF_h398_m019_p269	attempt_6f61e568db5a0b5c41df	source_log_basename	269	d87521e1666d74e60cea6161c11f830a4a449243c8d7a6afe502773ae5aa2399	hmf_coarse.tsv	230	UNIQUE	source_log_basename
b20:hmf_coarse:HMF:22:0	b20	hmf_coarse	HMF	22		F	F_b20_cov95v2_HMF_h40_m1_F_p116	attempt_ddf140210581a22ae860	source_log_basename	116	a1e69fa2709da3c738263fbc8cb95de6bf9d65584dd60b9783f3f3872ce72be2	hmf_coarse.tsv	23	UNIQUE	source_log_basename
b20:hmf_coarse:HMF:22:0	b20	hmf_coarse	HMF	22		H	H_b20_cov95v2_HMF_h02_H_p40	attempt_0d54110b5a1bb0229f06	source_log_basename	40	eb2795dabafd038320b3ba057131d431a9f30ea9efa787eb5ace14e0f0831ca0	hmf_coarse.tsv	23	UNIQUE	source_log_basename
b20:hmf_coarse:HMF:22:0	b20	hmf_coarse	HMF	22		M	M_b20_cov95v2_HMF_h40_m001_p1	attempt_19d4904bf0b9bbfe16cc	source_log_basename	1	220863e94e606289a1f292848f7b9317a9aa2e6beff4660af557228092cef506	hmf_coarse.tsv	23	UNIQUE	source_log_basename
b20:hmf_coarse:HMF:230:0	b20	hmf_coarse	HMF	230		F				0	NA	hmf_coarse.tsv	231	NOT_RUN	TARGET_BEFORE_F
b20:hmf_coarse:HMF:230:0	b20	hmf_coarse	HMF	230		H	H_b20_cov95v2_HMF_h11_H_p398	attempt_b80924f76beed2d21b8c	source_log_basename	398	7d9772aa90ab48bff9e34d1c05b6d5e4fc2e413370d33bac5927431992c6e1c4	hmf_coarse.tsv	231	UNIQUE	source_log_basename
b20:hmf_coarse:HMF:230:0	b20	hmf_coarse	HMF	230		M	M_b20_cov95v2_HMF_h398_m020_p284	attempt_006737c2ca55966df857	source_log_basename	284	3533c18fdbf8d8087a21e58ed6c73ab4a93163a072b85e0fed77cb53f03770a9	hmf_coarse.tsv	231	UNIQUE	source_log_basename
b20:hmf_coarse:HMF:231:0	b20	hmf_coarse	HMF	231		F				0	NA	hmf_coarse.tsv	232	NOT_RUN	TARGET_BEFORE_F
b20:hmf_coarse:HMF:231:0	b20	hmf_coarse	HMF	231		H	H_b20_cov95v2_HMF_h11_H_p398	attempt_b80924f76beed2d21b8c	source_log_basename	398	7d9772aa90ab48bff9e34d1c05b6d5e4fc2e413370d33bac5927431992c6e1c4	hmf_coarse.tsv	232	UNIQUE	source_log_basename
b20:hmf_coarse:HMF:231:0	b20	hmf_coarse	HMF	231		M	M_b20_cov95v2_HMF_h398_Mfull	attempt_c985f94fa37f01002685	source_log_basename	299	b5de3e9f0794097aad285337e8dc56ccec558541eb5a37c2d0aaf3c280fc177b	hmf_coarse.tsv	232	UNIQUE	source_log_basename
b20:hmf_coarse:HMF:232:0	b20	hmf_coarse	HMF	232		F	F_b20_cov95v2_HMF_h437_m1_F_p10	attempt_9c65631758a4066eec11	source_log_basename	10	9eaebdf1d52c3b1ff7f1b418404abdc4e723f34e0c3711cfe2b386e9aff3c16b	hmf_coarse.tsv	233	UNIQUE	source_log_basename
b20:hmf_coarse:HMF:232:0	b20	hmf_coarse	HMF	232		H	H_b20_cov95v2_HMF_h12_H_p437	attempt_3e08070cb16e2e7121d3	source_log_basename	437	ff43936154732e4b7f483a1b9cfdf13f4183443ebac5e8453ffb5216e570183e	hmf_coarse.tsv	233	UNIQUE	source_log_basename
b20:hmf_coarse:HMF:232:0	b20	hmf_coarse	HMF	232		M	M_b20_cov95v2_HMF_h437_m001_p1	attempt_2cb3d95fb0e84ab1e337	source_log_basename	1	d6ea5071b66f4f04a68bcc3c4a68acd510657c8c05c4ac8bef2c6fe5081b1a7c	hmf_coarse.tsv	233	UNIQUE	source_log_basename
b20:hmf_coarse:HMF:233:0	b20	hmf_coarse	HMF	233		F	F_b20_cov95v2_HMF_h437_m14_F_p2	attempt_fdee1e608800ab02440c	source_log_basename	2	815b1d89270b4d2fda8f134b8f5a9bf657584b9fa91186484427b0c91e93a349	hmf_coarse.tsv	234	UNIQUE	source_log_basename
b20:hmf_coarse:HMF:233:0	b20	hmf_coarse	HMF	233		H	H_b20_cov95v2_HMF_h12_H_p437	attempt_3e08070cb16e2e7121d3	source_log_basename	437	ff43936154732e4b7f483a1b9cfdf13f4183443ebac5e8453ffb5216e570183e	hmf_coarse.tsv	234	UNIQUE	source_log_basename
b20:hmf_coarse:HMF:233:0	b20	hmf_coarse	HMF	233		M	M_b20_cov95v2_HMF_h437_m002_p14	attempt_0b1b8f2954b524c582da	source_log_basename	14	73ef1f4c205345a8e5255801ac087744abcaea5ac1ac702f25a2c506ab4ac8d9	hmf_coarse.tsv	234	UNIQUE	source_log_basename
b20:hmf_coarse:HMF:234:0	b20	hmf_coarse	HMF	234		F				0	NA	hmf_coarse.tsv	235	NOT_RUN	TARGET_BEFORE_F
b20:hmf_coarse:HMF:234:0	b20	hmf_coarse	HMF	234		H	H_b20_cov95v2_HMF_h12_H_p437	attempt_3e08070cb16e2e7121d3	source_log_basename	437	ff43936154732e4b7f483a1b9cfdf13f4183443ebac5e8453ffb5216e570183e	hmf_coarse.tsv	235	UNIQUE	source_log_basename
b20:hmf_coarse:HMF:234:0	b20	hmf_coarse	HMF	234		M	M_b20_cov95v2_HMF_h437_m003_p29	attempt_89a161175fec39ff0178	source_log_basename	29	6ca1aa76970396c75b8d645cf8d05b1c3f8786f645f8edb7acbf8b77dc61fb42	hmf_coarse.tsv	235	UNIQUE	source_log_basename
b20:hmf_coarse:HMF:235:0	b20	hmf_coarse	HMF	235		F				0	NA	hmf_coarse.tsv	236	NOT_RUN	TARGET_BEFORE_F
b20:hmf_coarse:HMF:235:0	b20	hmf_coarse	HMF	235		H	H_b20_cov95v2_HMF_h12_H_p437	attempt_3e08070cb16e2e7121d3	source_log_basename	437	ff43936154732e4b7f483a1b9cfdf13f4183443ebac5e8453ffb5216e570183e	hmf_coarse.tsv	236	UNIQUE	source_log_basename
b20:hmf_coarse:HMF:235:0	b20	hmf_coarse	HMF	235		M	M_b20_cov95v2_HMF_h437_m004_p43	attempt_6a91fc8a5a360d59ff94	source_log_basename	43	0cd137ffb24af0c53fd5752f0d1805bc96e294f667b93357a8828c1b710b8aeb	hmf_coarse.tsv	236	UNIQUE	source_log_basename
b20:hmf_coarse:HMF:236:0	b20	hmf_coarse	HMF	236		F				0	NA	hmf_coarse.tsv	237	NOT_RUN	TARGET_BEFORE_F
b20:hmf_coarse:HMF:236:0	b20	hmf_coarse	HMF	236		H	H_b20_cov95v2_HMF_h12_H_p437	attempt_3e08070cb16e2e7121d3	source_log_basename	437	ff43936154732e4b7f483a1b9cfdf13f4183443ebac5e8453ffb5216e570183e	hmf_coarse.tsv	237	UNIQUE	source_log_basename
b20:hmf_coarse:HMF:236:0	b20	hmf_coarse	HMF	236		M	M_b20_cov95v2_HMF_h437_m005_p57	attempt_7226f76ceeafadaf7a7d	source_log_basename	57	d0171131e94605d7d8e3f54d5336db08fc0e687b141c85e767a201d7e474b8a5	hmf_coarse.tsv	237	UNIQUE	source_log_basename
b20:hmf_coarse:HMF:237:0	b20	hmf_coarse	HMF	237		F				0	NA	hmf_coarse.tsv	238	NOT_RUN	TARGET_BEFORE_F
b20:hmf_coarse:HMF:237:0	b20	hmf_coarse	HMF	237		H	H_b20_cov95v2_HMF_h12_H_p437	attempt_3e08070cb16e2e7121d3	source_log_basename	437	ff43936154732e4b7f483a1b9cfdf13f4183443ebac5e8453ffb5216e570183e	hmf_coarse.tsv	238	UNIQUE	source_log_basename
b20:hmf_coarse:HMF:237:0	b20	hmf_coarse	HMF	237		M	M_b20_cov95v2_HMF_h437_m006_p72	attempt_7ca3e331a6cac186509c	source_log_basename	72	90fde42049108972b9054e262d4555a762beb0913a62c7452ff979a7bc590610	hmf_coarse.tsv	238	UNIQUE	source_log_basename
b20:hmf_coarse:HMF:238:0	b20	hmf_coarse	HMF	238		F				0	NA	hmf_coarse.tsv	239	NOT_RUN	TARGET_BEFORE_F
b20:hmf_coarse:HMF:238:0	b20	hmf_coarse	HMF	238		H	H_b20_cov95v2_HMF_h12_H_p437	attempt_3e08070cb16e2e7121d3	source_log_basename	437	ff43936154732e4b7f483a1b9cfdf13f4183443ebac5e8453ffb5216e570183e	hmf_coarse.tsv	239	UNIQUE	source_log_basename
b20:hmf_coarse:HMF:238:0	b20	hmf_coarse	HMF	238		M	M_b20_cov95v2_HMF_h437_m007_p86	attempt_b42b884fd88bd8e0f511	source_log_basename	86	a3a639c6972c47a06207f40dbcff2a3176bcb189e55d7a7fff4bf419f1b7510e	hmf_coarse.tsv	239	UNIQUE	source_log_basename
b20:hmf_coarse:HMF:239:0	b20	hmf_coarse	HMF	239		F				0	NA	hmf_coarse.tsv	240	NOT_RUN	TARGET_BEFORE_F
b20:hmf_coarse:HMF:239:0	b20	hmf_coarse	HMF	239		H	H_b20_cov95v2_HMF_h12_H_p437	attempt_3e08070cb16e2e7121d3	source_log_basename	437	ff43936154732e4b7f483a1b9cfdf13f4183443ebac5e8453ffb5216e570183e	hmf_coarse.tsv	240	UNIQUE	source_log_basename
b20:hmf_coarse:HMF:239:0	b20	hmf_coarse	HMF	239		M	M_b20_cov95v2_HMF_h437_m008_p100	attempt_8dd4678bab7f0ca061c9	source_log_basename	100	e595ed13ccea6037a3b417f297487e1abb4961c2f36c6c76d79723433870d505	hmf_coarse.tsv	240	UNIQUE	source_log_basename
b20:hmf_coarse:HMF:23:0	b20	hmf_coarse	HMF	23		F	F_b20_cov95v2_HMF_h40_m24_F_p113	attempt_58ff72982b6ce298b05c	source_log_basename	113	399ebb49dd7cc9f139ceddce604adc22acdecebd83cea123c5d52c55f101b15b	hmf_coarse.tsv	24	UNIQUE	source_log_basename
b20:hmf_coarse:HMF:23:0	b20	hmf_coarse	HMF	23		H	H_b20_cov95v2_HMF_h02_H_p40	attempt_0d54110b5a1bb0229f06	source_log_basename	40	eb2795dabafd038320b3ba057131d431a9f30ea9efa787eb5ace14e0f0831ca0	hmf_coarse.tsv	24	UNIQUE	source_log_basename
b20:hmf_coarse:HMF:23:0	b20	hmf_coarse	HMF	23		M	M_b20_cov95v2_HMF_h40_m002_p24	attempt_94679ba5ceb54c38c481	source_log_basename	24	2b8dfe8b38b2f13d55d39f05a2e2393973e3994a0698fa25fdf87e45aa835c5f	hmf_coarse.tsv	24	UNIQUE	source_log_basename
b20:hmf_coarse:HMF:240:0	b20	hmf_coarse	HMF	240		F				0	NA	hmf_coarse.tsv	241	NOT_RUN	TARGET_BEFORE_F
b20:hmf_coarse:HMF:240:0	b20	hmf_coarse	HMF	240		H	H_b20_cov95v2_HMF_h12_H_p437	attempt_3e08070cb16e2e7121d3	source_log_basename	437	ff43936154732e4b7f483a1b9cfdf13f4183443ebac5e8453ffb5216e570183e	hmf_coarse.tsv	241	UNIQUE	source_log_basename
b20:hmf_coarse:HMF:240:0	b20	hmf_coarse	HMF	240		M	M_b20_cov95v2_HMF_h437_m009_p114	attempt_c8bc585506042b838747	source_log_basename	114	ebcb26895de02456c15efd73c8094f3326b1a5d423f489f0e18d4462b97ff95b	hmf_coarse.tsv	241	UNIQUE	source_log_basename
b20:hmf_coarse:HMF:241:0	b20	hmf_coarse	HMF	241		F				0	NA	hmf_coarse.tsv	242	NOT_RUN	TARGET_BEFORE_F
b20:hmf_coarse:HMF:241:0	b20	hmf_coarse	HMF	241		H	H_b20_cov95v2_HMF_h12_H_p437	attempt_3e08070cb16e2e7121d3	source_log_basename	437	ff43936154732e4b7f483a1b9cfdf13f4183443ebac5e8453ffb5216e570183e	hmf_coarse.tsv	242	UNIQUE	source_log_basename
b20:hmf_coarse:HMF:241:0	b20	hmf_coarse	HMF	241		M	M_b20_cov95v2_HMF_h437_m010_p129	attempt_2f08f63fb35a2be8475a	source_log_basename	129	3ef03d49bfffb5437c35acb2c09a050d2d0ae086540317ba321cc390659dbfbf	hmf_coarse.tsv	242	UNIQUE	source_log_basename
b20:hmf_coarse:HMF:242:0	b20	hmf_coarse	HMF	242		F				0	NA	hmf_coarse.tsv	243	NOT_RUN	TARGET_BEFORE_F
b20:hmf_coarse:HMF:242:0	b20	hmf_coarse	HMF	242		H	H_b20_cov95v2_HMF_h12_H_p437	attempt_3e08070cb16e2e7121d3	source_log_basename	437	ff43936154732e4b7f483a1b9cfdf13f4183443ebac5e8453ffb5216e570183e	hmf_coarse.tsv	243	UNIQUE	source_log_basename
b20:hmf_coarse:HMF:242:0	b20	hmf_coarse	HMF	242		M	M_b20_cov95v2_HMF_h437_m011_p143	attempt_b26f51c3a58c9aba39b2	source_log_basename	143	504935e4b8f132ab1a49833c0540fa7b7e688df325001afffc7e29e122e10604	hmf_coarse.tsv	243	UNIQUE	source_log_basename
b20:hmf_coarse:HMF:243:0	b20	hmf_coarse	HMF	243		F				0	NA	hmf_coarse.tsv	244	NOT_RUN	TARGET_BEFORE_F
b20:hmf_coarse:HMF:243:0	b20	hmf_coarse	HMF	243		H	H_b20_cov95v2_HMF_h12_H_p437	attempt_3e08070cb16e2e7121d3	source_log_basename	437	ff43936154732e4b7f483a1b9cfdf13f4183443ebac5e8453ffb5216e570183e	hmf_coarse.tsv	244	UNIQUE	source_log_basename
b20:hmf_coarse:HMF:243:0	b20	hmf_coarse	HMF	243		M	M_b20_cov95v2_HMF_h437_m012_p157	attempt_ae94c90eebbe4115ea12	source_log_basename	157	ea4d24608af16b703bcc0b50ba023eb7d024c6c8bfffa6981d63b6ca9cda02b4	hmf_coarse.tsv	244	UNIQUE	source_log_basename
b20:hmf_coarse:HMF:244:0	b20	hmf_coarse	HMF	244		F				0	NA	hmf_coarse.tsv	245	NOT_RUN	TARGET_BEFORE_F
b20:hmf_coarse:HMF:244:0	b20	hmf_coarse	HMF	244		H	H_b20_cov95v2_HMF_h12_H_p437	attempt_3e08070cb16e2e7121d3	source_log_basename	437	ff43936154732e4b7f483a1b9cfdf13f4183443ebac5e8453ffb5216e570183e	hmf_coarse.tsv	245	UNIQUE	source_log_basename
b20:hmf_coarse:HMF:244:0	b20	hmf_coarse	HMF	244		M	M_b20_cov95v2_HMF_h437_m013_p172	attempt_4f62c0d8166dbd2c433c	source_log_basename	172	a6770466ab274988b3e065905276c191b93c40c12116e58776f6a8e463105ada	hmf_coarse.tsv	245	UNIQUE	source_log_basename
b20:hmf_coarse:HMF:245:0	b20	hmf_coarse	HMF	245		F				0	NA	hmf_coarse.tsv	246	NOT_RUN	TARGET_BEFORE_F
b20:hmf_coarse:HMF:245:0	b20	hmf_coarse	HMF	245		H	H_b20_cov95v2_HMF_h12_H_p437	attempt_3e08070cb16e2e7121d3	source_log_basename	437	ff43936154732e4b7f483a1b9cfdf13f4183443ebac5e8453ffb5216e570183e	hmf_coarse.tsv	246	UNIQUE	source_log_basename
b20:hmf_coarse:HMF:245:0	b20	hmf_coarse	HMF	245		M	M_b20_cov95v2_HMF_h437_m014_p186	attempt_76a8967bb438bc895cc1	source_log_basename	186	869370b2ee8612913d722de9dbd170b7e86ae9e6b8928cb46a73dd733ccdb0b7	hmf_coarse.tsv	246	UNIQUE	source_log_basename
b20:hmf_coarse:HMF:246:0	b20	hmf_coarse	HMF	246		F				0	NA	hmf_coarse.tsv	247	NOT_RUN	TARGET_BEFORE_F
b20:hmf_coarse:HMF:246:0	b20	hmf_coarse	HMF	246		H	H_b20_cov95v2_HMF_h12_H_p437	attempt_3e08070cb16e2e7121d3	source_log_basename	437	ff43936154732e4b7f483a1b9cfdf13f4183443ebac5e8453ffb5216e570183e	hmf_coarse.tsv	247	UNIQUE	source_log_basename
b20:hmf_coarse:HMF:246:0	b20	hmf_coarse	HMF	246		M	M_b20_cov95v2_HMF_h437_m015_p200	attempt_4b6bfc19d98f2c4759bc	source_log_basename	200	f4bd59af5442fff0270d45a89f7e9027c25abeca17d655b57e44dc59447410f9	hmf_coarse.tsv	247	UNIQUE	source_log_basename
b20:hmf_coarse:HMF:247:0	b20	hmf_coarse	HMF	247		F				0	NA	hmf_coarse.tsv	248	NOT_RUN	TARGET_BEFORE_F
b20:hmf_coarse:HMF:247:0	b20	hmf_coarse	HMF	247		H	H_b20_cov95v2_HMF_h12_H_p437	attempt_3e08070cb16e2e7121d3	source_log_basename	437	ff43936154732e4b7f483a1b9cfdf13f4183443ebac5e8453ffb5216e570183e	hmf_coarse.tsv	248	UNIQUE	source_log_basename
b20:hmf_coarse:HMF:247:0	b20	hmf_coarse	HMF	247		M	M_b20_cov95v2_HMF_h437_m016_p215	attempt_66cd3a4882e30abc4a48	source_log_basename	214	d22eec5b4e4ba2914dd7e535fd6bf1ae77ffe95d159456163b3998f24999abb3	hmf_coarse.tsv	248	UNIQUE	source_log_basename
b20:hmf_coarse:HMF:248:0	b20	hmf_coarse	HMF	248		F				0	NA	hmf_coarse.tsv	249	NOT_RUN	TARGET_BEFORE_F
b20:hmf_coarse:HMF:248:0	b20	hmf_coarse	HMF	248		H	H_b20_cov95v2_HMF_h12_H_p437	attempt_3e08070cb16e2e7121d3	source_log_basename	437	ff43936154732e4b7f483a1b9cfdf13f4183443ebac5e8453ffb5216e570183e	hmf_coarse.tsv	249	UNIQUE	source_log_basename
b20:hmf_coarse:HMF:248:0	b20	hmf_coarse	HMF	248		M	M_b20_cov95v2_HMF_h437_m017_p229	attempt_b4132ec3186ecb0268b6	source_log_basename	228	d5601c56255a87bea51590108bd6d7e996dc4ca0eb60190ff0b297f8e32dddb5	hmf_coarse.tsv	249	UNIQUE	source_log_basename
b20:hmf_coarse:HMF:249:0	b20	hmf_coarse	HMF	249		F				0	NA	hmf_coarse.tsv	250	NOT_RUN	TARGET_BEFORE_F
b20:hmf_coarse:HMF:249:0	b20	hmf_coarse	HMF	249		H	H_b20_cov95v2_HMF_h12_H_p437	attempt_3e08070cb16e2e7121d3	source_log_basename	437	ff43936154732e4b7f483a1b9cfdf13f4183443ebac5e8453ffb5216e570183e	hmf_coarse.tsv	250	UNIQUE	source_log_basename
b20:hmf_coarse:HMF:249:0	b20	hmf_coarse	HMF	249		M	M_b20_cov95v2_HMF_h437_m018_p243	attempt_5be1f15944e67491cf77	source_log_basename	243	7bda7e3fc89cd5d6153241ecc324e7955815148ba44edf6fe1d4a502dd7276fc	hmf_coarse.tsv	250	UNIQUE	source_log_basename
b20:hmf_coarse:HMF:24:0	b20	hmf_coarse	HMF	24		F	F_b20_cov95v2_HMF_h40_m47_F_p77	attempt_5a868dee1cb253cbd6da	source_log_basename	77	b836902d0e3b25ffd91bdae0ccaa17d50fe9b9175a113cdd92c753fa945a78dc	hmf_coarse.tsv	25	UNIQUE	source_log_basename
b20:hmf_coarse:HMF:24:0	b20	hmf_coarse	HMF	24		H	H_b20_cov95v2_HMF_h02_H_p40	attempt_0d54110b5a1bb0229f06	source_log_basename	40	eb2795dabafd038320b3ba057131d431a9f30ea9efa787eb5ace14e0f0831ca0	hmf_coarse.tsv	25	UNIQUE	source_log_basename
b20:hmf_coarse:HMF:24:0	b20	hmf_coarse	HMF	24		M	M_b20_cov95v2_HMF_h40_m003_p47	attempt_f3f8ab0591a99ef0cd64	source_log_basename	47	cdb63212e5246a93b3f4d8c12beaa250d614af4cc48b3c4c16dbfd2e0c0e83f5	hmf_coarse.tsv	25	UNIQUE	source_log_basename
b20:hmf_coarse:HMF:250:0	b20	hmf_coarse	HMF	250		F				0	NA	hmf_coarse.tsv	251	NOT_RUN	TARGET_BEFORE_F
b20:hmf_coarse:HMF:250:0	b20	hmf_coarse	HMF	250		H	H_b20_cov95v2_HMF_h12_H_p437	attempt_3e08070cb16e2e7121d3	source_log_basename	437	ff43936154732e4b7f483a1b9cfdf13f4183443ebac5e8453ffb5216e570183e	hmf_coarse.tsv	251	UNIQUE	source_log_basename
b20:hmf_coarse:HMF:250:0	b20	hmf_coarse	HMF	250		M	M_b20_cov95v2_HMF_h437_m019_p257	attempt_bde6c6c58475086f2a89	source_log_basename	257	652e68a05c13d49aa43a2ce3ad2625244bfe660197996e1fb4aa671d47ec954d	hmf_coarse.tsv	251	UNIQUE	source_log_basename
b20:hmf_coarse:HMF:251:0	b20	hmf_coarse	HMF	251		F				0	NA	hmf_coarse.tsv	252	NOT_RUN	TARGET_BEFORE_F
b20:hmf_coarse:HMF:251:0	b20	hmf_coarse	HMF	251		H	H_b20_cov95v2_HMF_h12_H_p437	attempt_3e08070cb16e2e7121d3	source_log_basename	437	ff43936154732e4b7f483a1b9cfdf13f4183443ebac5e8453ffb5216e570183e	hmf_coarse.tsv	252	UNIQUE	source_log_basename
b20:hmf_coarse:HMF:251:0	b20	hmf_coarse	HMF	251		M	M_b20_cov95v2_HMF_h437_m020_p272	attempt_29943e12d238c2e25b1c	source_log_basename	270	69061f35cb8aeeefebe52fd8beec821b375b428b579fda83e5a1a761303b7df1	hmf_coarse.tsv	252	UNIQUE	source_log_basename
b20:hmf_coarse:HMF:252:0	b20	hmf_coarse	HMF	252		F				0	NA	hmf_coarse.tsv	253	NOT_RUN	TARGET_BEFORE_F
b20:hmf_coarse:HMF:252:0	b20	hmf_coarse	HMF	252		H	H_b20_cov95v2_HMF_h12_H_p437	attempt_3e08070cb16e2e7121d3	source_log_basename	437	ff43936154732e4b7f483a1b9cfdf13f4183443ebac5e8453ffb5216e570183e	hmf_coarse.tsv	253	UNIQUE	source_log_basename
b20:hmf_coarse:HMF:252:0	b20	hmf_coarse	HMF	252		M	M_b20_cov95v2_HMF_h437_Mfull	attempt_3cb144a1665560b885c9	source_log_basename	286	b5de3e9f0794097aad285337e8dc56ccec558541eb5a37c2d0aaf3c280fc177b	hmf_coarse.tsv	253	UNIQUE	source_log_basename
b20:hmf_coarse:HMF:253:0	b20	hmf_coarse	HMF	253		F	F_b20_cov95v2_HMF_h477_m1_F_p6	attempt_0e234b5ba9f38b0d4c61	source_log_basename	6	d65c2d854ca9141f4e99e6081231d58c885b15d3a82b18bbe72595cc34636ac9	hmf_coarse.tsv	254	UNIQUE	source_log_basename
b20:hmf_coarse:HMF:253:0	b20	hmf_coarse	HMF	253		H	H_b20_cov95v2_HMF_h13_H_p477	attempt_94f87272ba89f51384bb	source_log_basename	477	16cb669c9fe42b40e0bc1cdffb4ff837f2e06e5d8eb6e5d93fd86fa6f591af34	hmf_coarse.tsv	254	UNIQUE	source_log_basename
b20:hmf_coarse:HMF:253:0	b20	hmf_coarse	HMF	253		M	M_b20_cov95v2_HMF_h477_m001_p1	attempt_d54332b029f3bda6e816	source_log_basename	1	2d7d4f90690a29ad460092a726ea3a99a54dc1ddb069e229c3662cac4ec739cf	hmf_coarse.tsv	254	UNIQUE	source_log_basename
b20:hmf_coarse:HMF:254:0	b20	hmf_coarse	HMF	254		F				0	NA	hmf_coarse.tsv	255	NOT_RUN	TARGET_BEFORE_F
b20:hmf_coarse:HMF:254:0	b20	hmf_coarse	HMF	254		H	H_b20_cov95v2_HMF_h13_H_p477	attempt_94f87272ba89f51384bb	source_log_basename	477	16cb669c9fe42b40e0bc1cdffb4ff837f2e06e5d8eb6e5d93fd86fa6f591af34	hmf_coarse.tsv	255	UNIQUE	source_log_basename
b20:hmf_coarse:HMF:254:0	b20	hmf_coarse	HMF	254		M	M_b20_cov95v2_HMF_h477_m002_p13	attempt_a25a1d437657921d2357	source_log_basename	13	8e38802503470cfcb579327e2875ce7738842d80e49db0e7d761408631788e65	hmf_coarse.tsv	255	UNIQUE	source_log_basename
b20:hmf_coarse:HMF:255:0	b20	hmf_coarse	HMF	255		F				0	NA	hmf_coarse.tsv	256	NOT_RUN	TARGET_BEFORE_F
b20:hmf_coarse:HMF:255:0	b20	hmf_coarse	HMF	255		H	H_b20_cov95v2_HMF_h13_H_p477	attempt_94f87272ba89f51384bb	source_log_basename	477	16cb669c9fe42b40e0bc1cdffb4ff837f2e06e5d8eb6e5d93fd86fa6f591af34	hmf_coarse.tsv	256	UNIQUE	source_log_basename
b20:hmf_coarse:HMF:255:0	b20	hmf_coarse	HMF	255		M	M_b20_cov95v2_HMF_h477_m003_p25	attempt_fbbb1267e0cd4894c40a	source_log_basename	25	57b3e81ed4f32c8dd9ad71b27fd3b5237925328796e07d7a151912d419774c3c	hmf_coarse.tsv	256	UNIQUE	source_log_basename
b20:hmf_coarse:HMF:256:0	b20	hmf_coarse	HMF	256		F				0	NA	hmf_coarse.tsv	257	NOT_RUN	TARGET_BEFORE_F
b20:hmf_coarse:HMF:256:0	b20	hmf_coarse	HMF	256		H	H_b20_cov95v2_HMF_h13_H_p477	attempt_94f87272ba89f51384bb	source_log_basename	477	16cb669c9fe42b40e0bc1cdffb4ff837f2e06e5d8eb6e5d93fd86fa6f591af34	hmf_coarse.tsv	257	UNIQUE	source_log_basename
b20:hmf_coarse:HMF:256:0	b20	hmf_coarse	HMF	256		M	M_b20_cov95v2_HMF_h477_m004_p38	attempt_ea9783909f18e35e9e97	source_log_basename	38	286470ed93fb61cf5c880da3372f95a58e25c7788216f6c0f177d98a31cd300a	hmf_coarse.tsv	257	UNIQUE	source_log_basename
b20:hmf_coarse:HMF:257:0	b20	hmf_coarse	HMF	257		F				0	NA	hmf_coarse.tsv	258	NOT_RUN	TARGET_BEFORE_F
b20:hmf_coarse:HMF:257:0	b20	hmf_coarse	HMF	257		H	H_b20_cov95v2_HMF_h13_H_p477	attempt_94f87272ba89f51384bb	source_log_basename	477	16cb669c9fe42b40e0bc1cdffb4ff837f2e06e5d8eb6e5d93fd86fa6f591af34	hmf_coarse.tsv	258	UNIQUE	source_log_basename
b20:hmf_coarse:HMF:257:0	b20	hmf_coarse	HMF	257		M	M_b20_cov95v2_HMF_h477_m005_p50	attempt_15aabf4598e6840e7fa3	source_log_basename	50	df9cbc3de32f1258e5a49e9fcbdcfd224ed5c9bd7cfe1aea9e652684b1e14456	hmf_coarse.tsv	258	UNIQUE	source_log_basename
b20:hmf_coarse:HMF:258:0	b20	hmf_coarse	HMF	258		F				0	NA	hmf_coarse.tsv	259	NOT_RUN	TARGET_BEFORE_F
b20:hmf_coarse:HMF:258:0	b20	hmf_coarse	HMF	258		H	H_b20_cov95v2_HMF_h13_H_p477	attempt_94f87272ba89f51384bb	source_log_basename	477	16cb669c9fe42b40e0bc1cdffb4ff837f2e06e5d8eb6e5d93fd86fa6f591af34	hmf_coarse.tsv	259	UNIQUE	source_log_basename
b20:hmf_coarse:HMF:258:0	b20	hmf_coarse	HMF	258		M	M_b20_cov95v2_HMF_h477_m006_p63	attempt_c475df6633330a28a0be	source_log_basename	63	28fc458aad94bcb3faf1e42a7ca885ec88fea207393285ca43da5518faab6c8d	hmf_coarse.tsv	259	UNIQUE	source_log_basename
b20:hmf_coarse:HMF:259:0	b20	hmf_coarse	HMF	259		F				0	NA	hmf_coarse.tsv	260	NOT_RUN	TARGET_BEFORE_F
b20:hmf_coarse:HMF:259:0	b20	hmf_coarse	HMF	259		H	H_b20_cov95v2_HMF_h13_H_p477	attempt_94f87272ba89f51384bb	source_log_basename	477	16cb669c9fe42b40e0bc1cdffb4ff837f2e06e5d8eb6e5d93fd86fa6f591af34	hmf_coarse.tsv	260	UNIQUE	source_log_basename
b20:hmf_coarse:HMF:259:0	b20	hmf_coarse	HMF	259		M	M_b20_cov95v2_HMF_h477_m007_p75	attempt_41454b8dc5b3f02be711	source_log_basename	75	37bde07cd54bf136825710833457ff64dcf364c4356874ac9eac2043fe6d6304	hmf_coarse.tsv	260	UNIQUE	source_log_basename
b20:hmf_coarse:HMF:25:0	b20	hmf_coarse	HMF	25		F	F_b20_cov95v2_HMF_h40_m71_F_p55	attempt_5f99a369dad861ff8e51	source_log_basename	55	a2d44fb914bf684400e7cb8d10b676fadcd7a7fd70962185ea44e864af3f22a5	hmf_coarse.tsv	26	UNIQUE	source_log_basename
b20:hmf_coarse:HMF:25:0	b20	hmf_coarse	HMF	25		H	H_b20_cov95v2_HMF_h02_H_p40	attempt_0d54110b5a1bb0229f06	source_log_basename	40	eb2795dabafd038320b3ba057131d431a9f30ea9efa787eb5ace14e0f0831ca0	hmf_coarse.tsv	26	UNIQUE	source_log_basename
b20:hmf_coarse:HMF:25:0	b20	hmf_coarse	HMF	25		M	M_b20_cov95v2_HMF_h40_m004_p71	attempt_b1ea643787c272573d82	source_log_basename	71	29dce308b5534a2241c5d9c14429c12ae4924385c19d8bb639c082edd8a8bf7a	hmf_coarse.tsv	26	UNIQUE	source_log_basename
b20:hmf_coarse:HMF:260:0	b20	hmf_coarse	HMF	260		F				0	NA	hmf_coarse.tsv	261	NOT_RUN	TARGET_BEFORE_F
b20:hmf_coarse:HMF:260:0	b20	hmf_coarse	HMF	260		H	H_b20_cov95v2_HMF_h13_H_p477	attempt_94f87272ba89f51384bb	source_log_basename	477	16cb669c9fe42b40e0bc1cdffb4ff837f2e06e5d8eb6e5d93fd86fa6f591af34	hmf_coarse.tsv	261	UNIQUE	source_log_basename
b20:hmf_coarse:HMF:260:0	b20	hmf_coarse	HMF	260		M	M_b20_cov95v2_HMF_h477_m008_p88	attempt_3e792b14618b736d0955	source_log_basename	88	134eada0b63c9a4b2c5828a8c5f8a90166e7034ffe15b6f553c20973a3938c02	hmf_coarse.tsv	261	UNIQUE	source_log_basename
b20:hmf_coarse:HMF:261:0	b20	hmf_coarse	HMF	261		F				0	NA	hmf_coarse.tsv	262	NOT_RUN	TARGET_BEFORE_F
b20:hmf_coarse:HMF:261:0	b20	hmf_coarse	HMF	261		H	H_b20_cov95v2_HMF_h13_H_p477	attempt_94f87272ba89f51384bb	source_log_basename	477	16cb669c9fe42b40e0bc1cdffb4ff837f2e06e5d8eb6e5d93fd86fa6f591af34	hmf_coarse.tsv	262	UNIQUE	source_log_basename
b20:hmf_coarse:HMF:261:0	b20	hmf_coarse	HMF	261		M	M_b20_cov95v2_HMF_h477_m009_p100	attempt_ff3e06842e805982fc4e	source_log_basename	100	1df0a3a0b9082a4a1a5bbca351d263d65e914620e79283efb5e54c5dbda7ee0a	hmf_coarse.tsv	262	UNIQUE	source_log_basename
b20:hmf_coarse:HMF:262:0	b20	hmf_coarse	HMF	262		F				0	NA	hmf_coarse.tsv	263	NOT_RUN	TARGET_BEFORE_F
b20:hmf_coarse:HMF:262:0	b20	hmf_coarse	HMF	262		H	H_b20_cov95v2_HMF_h13_H_p477	attempt_94f87272ba89f51384bb	source_log_basename	477	16cb669c9fe42b40e0bc1cdffb4ff837f2e06e5d8eb6e5d93fd86fa6f591af34	hmf_coarse.tsv	263	UNIQUE	source_log_basename
b20:hmf_coarse:HMF:262:0	b20	hmf_coarse	HMF	262		M	M_b20_cov95v2_HMF_h477_m010_p113	attempt_3bb563628fce7f5b686c	source_log_basename	113	59411cd5ee6a7a6bd3d9f2c726456ca98a1c3ea6e7e75af031973bd0a0cf00b1	hmf_coarse.tsv	263	UNIQUE	source_log_basename
b20:hmf_coarse:HMF:263:0	b20	hmf_coarse	HMF	263		F				0	NA	hmf_coarse.tsv	264	NOT_RUN	TARGET_BEFORE_F
b20:hmf_coarse:HMF:263:0	b20	hmf_coarse	HMF	263		H	H_b20_cov95v2_HMF_h13_H_p477	attempt_94f87272ba89f51384bb	source_log_basename	477	16cb669c9fe42b40e0bc1cdffb4ff837f2e06e5d8eb6e5d93fd86fa6f591af34	hmf_coarse.tsv	264	UNIQUE	source_log_basename
b20:hmf_coarse:HMF:263:0	b20	hmf_coarse	HMF	263		M	M_b20_cov95v2_HMF_h477_m011_p125	attempt_a03f8c024066c811113d	source_log_basename	125	5e900cd201af30849bd63166caef1f0f9e1b8e3a48b1c0ea072f240bd8356e5b	hmf_coarse.tsv	264	UNIQUE	source_log_basename
b20:hmf_coarse:HMF:264:0	b20	hmf_coarse	HMF	264		F				0	NA	hmf_coarse.tsv	265	NOT_RUN	TARGET_BEFORE_F
b20:hmf_coarse:HMF:264:0	b20	hmf_coarse	HMF	264		H	H_b20_cov95v2_HMF_h13_H_p477	attempt_94f87272ba89f51384bb	source_log_basename	477	16cb669c9fe42b40e0bc1cdffb4ff837f2e06e5d8eb6e5d93fd86fa6f591af34	hmf_coarse.tsv	265	UNIQUE	source_log_basename
b20:hmf_coarse:HMF:264:0	b20	hmf_coarse	HMF	264		M	M_b20_cov95v2_HMF_h477_m012_p138	attempt_3b560092454cecefd064	source_log_basename	138	b6cc8bd1c62827787aa9172c287dd6dab39dc41ad77e42096d1721ceb430185d	hmf_coarse.tsv	265	UNIQUE	source_log_basename
b20:hmf_coarse:HMF:265:0	b20	hmf_coarse	HMF	265		F				0	NA	hmf_coarse.tsv	266	NOT_RUN	TARGET_BEFORE_F
b20:hmf_coarse:HMF:265:0	b20	hmf_coarse	HMF	265		H	H_b20_cov95v2_HMF_h13_H_p477	attempt_94f87272ba89f51384bb	source_log_basename	477	16cb669c9fe42b40e0bc1cdffb4ff837f2e06e5d8eb6e5d93fd86fa6f591af34	hmf_coarse.tsv	266	UNIQUE	source_log_basename
b20:hmf_coarse:HMF:265:0	b20	hmf_coarse	HMF	265		M	M_b20_cov95v2_HMF_h477_m013_p150	attempt_286ecee97136bf0f3b8a	source_log_basename	150	63b91a9bdbcdea15fa1285231d76264050a165832d0aa40ff1874b3e2f7aa98d	hmf_coarse.tsv	266	UNIQUE	source_log_basename
b20:hmf_coarse:HMF:266:0	b20	hmf_coarse	HMF	266		F				0	NA	hmf_coarse.tsv	267	NOT_RUN	TARGET_BEFORE_F
b20:hmf_coarse:HMF:266:0	b20	hmf_coarse	HMF	266		H	H_b20_cov95v2_HMF_h13_H_p477	attempt_94f87272ba89f51384bb	source_log_basename	477	16cb669c9fe42b40e0bc1cdffb4ff837f2e06e5d8eb6e5d93fd86fa6f591af34	hmf_coarse.tsv	267	UNIQUE	source_log_basename
b20:hmf_coarse:HMF:266:0	b20	hmf_coarse	HMF	266		M	M_b20_cov95v2_HMF_h477_m014_p163	attempt_d04c13f137fb1e7c609e	source_log_basename	163	add747e36ff53fd01dec4548b51e6217db1f53b20b2cb382d303010b501d66c4	hmf_coarse.tsv	267	UNIQUE	source_log_basename
b20:hmf_coarse:HMF:267:0	b20	hmf_coarse	HMF	267		F				0	NA	hmf_coarse.tsv	268	NOT_RUN	TARGET_BEFORE_F
b20:hmf_coarse:HMF:267:0	b20	hmf_coarse	HMF	267		H	H_b20_cov95v2_HMF_h13_H_p477	attempt_94f87272ba89f51384bb	source_log_basename	477	16cb669c9fe42b40e0bc1cdffb4ff837f2e06e5d8eb6e5d93fd86fa6f591af34	hmf_coarse.tsv	268	UNIQUE	source_log_basename
b20:hmf_coarse:HMF:267:0	b20	hmf_coarse	HMF	267		M	M_b20_cov95v2_HMF_h477_m015_p175	attempt_88674c3e7875ee6c09ab	source_log_basename	175	ee52cf010e3f97a31ca80aa87b7662cfee4e7691b438c1971acf1d8a8239dfa3	hmf_coarse.tsv	268	UNIQUE	source_log_basename
b20:hmf_coarse:HMF:268:0	b20	hmf_coarse	HMF	268		F				0	NA	hmf_coarse.tsv	269	NOT_RUN	TARGET_BEFORE_F
b20:hmf_coarse:HMF:268:0	b20	hmf_coarse	HMF	268		H	H_b20_cov95v2_HMF_h13_H_p477	attempt_94f87272ba89f51384bb	source_log_basename	477	16cb669c9fe42b40e0bc1cdffb4ff837f2e06e5d8eb6e5d93fd86fa6f591af34	hmf_coarse.tsv	269	UNIQUE	source_log_basename
b20:hmf_coarse:HMF:268:0	b20	hmf_coarse	HMF	268		M	M_b20_cov95v2_HMF_h477_m016_p188	attempt_236b5e12d7a4db07ce16	source_log_basename	188	d2a4210533a28d4429fee07d12095af4b2517c3fc3d60832768e5b352d6a695f	hmf_coarse.tsv	269	UNIQUE	source_log_basename
b20:hmf_coarse:HMF:269:0	b20	hmf_coarse	HMF	269		F				0	NA	hmf_coarse.tsv	270	NOT_RUN	TARGET_BEFORE_F
b20:hmf_coarse:HMF:269:0	b20	hmf_coarse	HMF	269		H	H_b20_cov95v2_HMF_h13_H_p477	attempt_94f87272ba89f51384bb	source_log_basename	477	16cb669c9fe42b40e0bc1cdffb4ff837f2e06e5d8eb6e5d93fd86fa6f591af34	hmf_coarse.tsv	270	UNIQUE	source_log_basename
b20:hmf_coarse:HMF:269:0	b20	hmf_coarse	HMF	269		M	M_b20_cov95v2_HMF_h477_m017_p200	attempt_c68fba1315a84185b6e0	source_log_basename	200	69a13ce043f42758a119e4c803a2c2258600fbd666f0993809efd85a6b3a922d	hmf_coarse.tsv	270	UNIQUE	source_log_basename
b20:hmf_coarse:HMF:26:0	b20	hmf_coarse	HMF	26		F	F_b20_cov95v2_HMF_h40_m94_F_p40	attempt_ba8b69ced9b7e2acba5e	source_log_basename	40	ed17f601c05470e894819a1d9ffff5a4fc4aebb65d4c4407a29e7640da4739d0	hmf_coarse.tsv	27	UNIQUE	source_log_basename
b20:hmf_coarse:HMF:26:0	b20	hmf_coarse	HMF	26		H	H_b20_cov95v2_HMF_h02_H_p40	attempt_0d54110b5a1bb0229f06	source_log_basename	40	eb2795dabafd038320b3ba057131d431a9f30ea9efa787eb5ace14e0f0831ca0	hmf_coarse.tsv	27	UNIQUE	source_log_basename
b20:hmf_coarse:HMF:26:0	b20	hmf_coarse	HMF	26		M	M_b20_cov95v2_HMF_h40_m005_p94	attempt_798e45146c23c6da9bad	source_log_basename	94	167a760bb8ff8929fcb637b2fa00f7bc38c994681553725557a913278eec6136	hmf_coarse.tsv	27	UNIQUE	source_log_basename
b20:hmf_coarse:HMF:270:0	b20	hmf_coarse	HMF	270		F				0	NA	hmf_coarse.tsv	271	NOT_RUN	TARGET_BEFORE_F
b20:hmf_coarse:HMF:270:0	b20	hmf_coarse	HMF	270		H	H_b20_cov95v2_HMF_h13_H_p477	attempt_94f87272ba89f51384bb	source_log_basename	477	16cb669c9fe42b40e0bc1cdffb4ff837f2e06e5d8eb6e5d93fd86fa6f591af34	hmf_coarse.tsv	271	UNIQUE	source_log_basename
b20:hmf_coarse:HMF:270:0	b20	hmf_coarse	HMF	270		M	M_b20_cov95v2_HMF_h477_m018_p213	attempt_946df8d23d8f80a4c668	source_log_basename	213	35ed85e4beab2ef3f5fb616c14f5ab970c399b41302569041f43cb83468c7d8a	hmf_coarse.tsv	271	UNIQUE	source_log_basename
b20:hmf_coarse:HMF:271:0	b20	hmf_coarse	HMF	271		F				0	NA	hmf_coarse.tsv	272	NOT_RUN	TARGET_BEFORE_F
b20:hmf_coarse:HMF:271:0	b20	hmf_coarse	HMF	271		H	H_b20_cov95v2_HMF_h13_H_p477	attempt_94f87272ba89f51384bb	source_log_basename	477	16cb669c9fe42b40e0bc1cdffb4ff837f2e06e5d8eb6e5d93fd86fa6f591af34	hmf_coarse.tsv	272	UNIQUE	source_log_basename
b20:hmf_coarse:HMF:271:0	b20	hmf_coarse	HMF	271		M	M_b20_cov95v2_HMF_h477_m019_p225	attempt_14cb38dae278a181ad5f	source_log_basename	225	dd4c54c062f4ea7dcb36f6ec43b3cddccd98a7fb4d21732cd5441ce2f2e0860c	hmf_coarse.tsv	272	UNIQUE	source_log_basename
b20:hmf_coarse:HMF:272:0	b20	hmf_coarse	HMF	272		F				0	NA	hmf_coarse.tsv	273	NOT_RUN	TARGET_BEFORE_F
b20:hmf_coarse:HMF:272:0	b20	hmf_coarse	HMF	272		H	H_b20_cov95v2_HMF_h13_H_p477	attempt_94f87272ba89f51384bb	source_log_basename	477	16cb669c9fe42b40e0bc1cdffb4ff837f2e06e5d8eb6e5d93fd86fa6f591af34	hmf_coarse.tsv	273	UNIQUE	source_log_basename
b20:hmf_coarse:HMF:272:0	b20	hmf_coarse	HMF	272		M	M_b20_cov95v2_HMF_h477_m020_p238	attempt_4950c8c215e74863f8c0	source_log_basename	237	8486e67e24cf3fd5fbf2ecfb838c399ca4b9a32d843c0281060ecec6f7a20c27	hmf_coarse.tsv	273	UNIQUE	source_log_basename
b20:hmf_coarse:HMF:273:0	b20	hmf_coarse	HMF	273		F				0	NA	hmf_coarse.tsv	274	NOT_RUN	TARGET_BEFORE_F
b20:hmf_coarse:HMF:273:0	b20	hmf_coarse	HMF	273		H	H_b20_cov95v2_HMF_h13_H_p477	attempt_94f87272ba89f51384bb	source_log_basename	477	16cb669c9fe42b40e0bc1cdffb4ff837f2e06e5d8eb6e5d93fd86fa6f591af34	hmf_coarse.tsv	274	UNIQUE	source_log_basename
b20:hmf_coarse:HMF:273:0	b20	hmf_coarse	HMF	273		M	M_b20_cov95v2_HMF_h477_Mfull	attempt_93ca696b889dcd733a27	source_log_basename	250	b5de3e9f0794097aad285337e8dc56ccec558541eb5a37c2d0aaf3c280fc177b	hmf_coarse.tsv	274	UNIQUE	source_log_basename
b20:hmf_coarse:HMF:274:0	b20	hmf_coarse	HMF	274		F	F_b20_cov95v2_HMF_h517_m1_F_p5	attempt_46ae67458030300a48e1	source_log_basename	5	fae12a96617759667586e94e5e97c6360d99de93ff7a9a7aaa6a6e04b93c9761	hmf_coarse.tsv	275	UNIQUE	source_log_basename
b20:hmf_coarse:HMF:274:0	b20	hmf_coarse	HMF	274		H	H_b20_cov95v2_HMF_h14_H_p517	attempt_35616d03f0cc6ec01213	source_log_basename	517	d1620292cd2f9c934a3e181862d599bcaf229795299d36b353392cdc99465a92	hmf_coarse.tsv	275	UNIQUE	source_log_basename
b20:hmf_coarse:HMF:274:0	b20	hmf_coarse	HMF	274		M	M_b20_cov95v2_HMF_h517_m001_p1	attempt_e9c73d7757c310753df2	source_log_basename	1	d8d0146d810f90520473f10e79a89b0afb00e58a4ea34a5ac6ddc75966635fc9	hmf_coarse.tsv	275	UNIQUE	source_log_basename
b20:hmf_coarse:HMF:275:0	b20	hmf_coarse	HMF	275		F				0	NA	hmf_coarse.tsv	276	NOT_RUN	TARGET_BEFORE_F
b20:hmf_coarse:HMF:275:0	b20	hmf_coarse	HMF	275		H	H_b20_cov95v2_HMF_h14_H_p517	attempt_35616d03f0cc6ec01213	source_log_basename	517	d1620292cd2f9c934a3e181862d599bcaf229795299d36b353392cdc99465a92	hmf_coarse.tsv	276	UNIQUE	source_log_basename
b20:hmf_coarse:HMF:275:0	b20	hmf_coarse	HMF	275		M	M_b20_cov95v2_HMF_h517_m002_p12	attempt_7c65d70297975f870006	source_log_basename	12	ebf55c691674c8ba3a75f039bc9656c4294dba79e8824b63dc72b91ce6048c57	hmf_coarse.tsv	276	UNIQUE	source_log_basename
b20:hmf_coarse:HMF:276:0	b20	hmf_coarse	HMF	276		F				0	NA	hmf_coarse.tsv	277	NOT_RUN	TARGET_BEFORE_F
b20:hmf_coarse:HMF:276:0	b20	hmf_coarse	HMF	276		H	H_b20_cov95v2_HMF_h14_H_p517	attempt_35616d03f0cc6ec01213	source_log_basename	517	d1620292cd2f9c934a3e181862d599bcaf229795299d36b353392cdc99465a92	hmf_coarse.tsv	277	UNIQUE	source_log_basename
b20:hmf_coarse:HMF:276:0	b20	hmf_coarse	HMF	276		M	M_b20_cov95v2_HMF_h517_m003_p23	attempt_0b8fb75c442645a8fd20	source_log_basename	23	5b4e88c21118c11507e7f167cd8661ccec9c4695279ad32628895edf9842509c	hmf_coarse.tsv	277	UNIQUE	source_log_basename
b20:hmf_coarse:HMF:277:0	b20	hmf_coarse	HMF	277		F				0	NA	hmf_coarse.tsv	278	NOT_RUN	TARGET_BEFORE_F
b20:hmf_coarse:HMF:277:0	b20	hmf_coarse	HMF	277		H	H_b20_cov95v2_HMF_h14_H_p517	attempt_35616d03f0cc6ec01213	source_log_basename	517	d1620292cd2f9c934a3e181862d599bcaf229795299d36b353392cdc99465a92	hmf_coarse.tsv	278	UNIQUE	source_log_basename
b20:hmf_coarse:HMF:277:0	b20	hmf_coarse	HMF	277		M	M_b20_cov95v2_HMF_h517_m004_p35	attempt_e51e283ac397f8df2b71	source_log_basename	35	3f2163dcc8715be158a4833b2d05a107e7dab9349ae59470c9cfa24382283703	hmf_coarse.tsv	278	UNIQUE	source_log_basename
b20:hmf_coarse:HMF:278:0	b20	hmf_coarse	HMF	278		F				0	NA	hmf_coarse.tsv	279	NOT_RUN	TARGET_BEFORE_F
b20:hmf_coarse:HMF:278:0	b20	hmf_coarse	HMF	278		H	H_b20_cov95v2_HMF_h14_H_p517	attempt_35616d03f0cc6ec01213	source_log_basename	517	d1620292cd2f9c934a3e181862d599bcaf229795299d36b353392cdc99465a92	hmf_coarse.tsv	279	UNIQUE	source_log_basename
b20:hmf_coarse:HMF:278:0	b20	hmf_coarse	HMF	278		M	M_b20_cov95v2_HMF_h517_m005_p47	attempt_b2d6582377d8fd5e6662	source_log_basename	47	d0f2a6416a976b88c09b841a7cad982a71d7b4ee9076451eff28fe509a626c2b	hmf_coarse.tsv	279	UNIQUE	source_log_basename
b20:hmf_coarse:HMF:279:0	b20	hmf_coarse	HMF	279		F				0	NA	hmf_coarse.tsv	280	NOT_RUN	TARGET_BEFORE_F
b20:hmf_coarse:HMF:279:0	b20	hmf_coarse	HMF	279		H	H_b20_cov95v2_HMF_h14_H_p517	attempt_35616d03f0cc6ec01213	source_log_basename	517	d1620292cd2f9c934a3e181862d599bcaf229795299d36b353392cdc99465a92	hmf_coarse.tsv	280	UNIQUE	source_log_basename
b20:hmf_coarse:HMF:279:0	b20	hmf_coarse	HMF	279		M	M_b20_cov95v2_HMF_h517_m006_p58	attempt_109d3ad2dafc4e0ad3c5	source_log_basename	58	f250dc79c89577fdfb3fe75b4de6ed5630ada72780f835a198e8cfe1a90cb789	hmf_coarse.tsv	280	UNIQUE	source_log_basename
b20:hmf_coarse:HMF:27:0	b20	hmf_coarse	HMF	27		F	F_b20_cov95v2_HMF_h40_m118_F_p18	attempt_dd51292480e76c9efadc	source_log_basename	18	9685c24e858835bc62589c747792630fbea88f4660256cc326d7233aac920146	hmf_coarse.tsv	28	UNIQUE	source_log_basename
b20:hmf_coarse:HMF:27:0	b20	hmf_coarse	HMF	27		H	H_b20_cov95v2_HMF_h02_H_p40	attempt_0d54110b5a1bb0229f06	source_log_basename	40	eb2795dabafd038320b3ba057131d431a9f30ea9efa787eb5ace14e0f0831ca0	hmf_coarse.tsv	28	UNIQUE	source_log_basename
b20:hmf_coarse:HMF:27:0	b20	hmf_coarse	HMF	27		M	M_b20_cov95v2_HMF_h40_m006_p118	attempt_a8cd911e94e08a0ca1e8	source_log_basename	118	a0a2bc5e1713184e3c0bd89da26e4f6f37b7d1f46249afdf98849bc4929ce4b8	hmf_coarse.tsv	28	UNIQUE	source_log_basename
b20:hmf_coarse:HMF:280:0	b20	hmf_coarse	HMF	280		F				0	NA	hmf_coarse.tsv	281	NOT_RUN	TARGET_BEFORE_F
b20:hmf_coarse:HMF:280:0	b20	hmf_coarse	HMF	280		H	H_b20_cov95v2_HMF_h14_H_p517	attempt_35616d03f0cc6ec01213	source_log_basename	517	d1620292cd2f9c934a3e181862d599bcaf229795299d36b353392cdc99465a92	hmf_coarse.tsv	281	UNIQUE	source_log_basename
b20:hmf_coarse:HMF:280:0	b20	hmf_coarse	HMF	280		M	M_b20_cov95v2_HMF_h517_m007_p70	attempt_175f5ac5dbc7f4b241c6	source_log_basename	70	ebac8b1e67160bbd92761908901be8730982f1edf94c6cc981780a8985580e4f	hmf_coarse.tsv	281	UNIQUE	source_log_basename
b20:hmf_coarse:HMF:281:0	b20	hmf_coarse	HMF	281		F				0	NA	hmf_coarse.tsv	282	NOT_RUN	TARGET_BEFORE_F
b20:hmf_coarse:HMF:281:0	b20	hmf_coarse	HMF	281		H	H_b20_cov95v2_HMF_h14_H_p517	attempt_35616d03f0cc6ec01213	source_log_basename	517	d1620292cd2f9c934a3e181862d599bcaf229795299d36b353392cdc99465a92	hmf_coarse.tsv	282	UNIQUE	source_log_basename
b20:hmf_coarse:HMF:281:0	b20	hmf_coarse	HMF	281		M	M_b20_cov95v2_HMF_h517_m008_p82	attempt_646c8d93a76c279c39dc	source_log_basename	82	0b6950f6870550761f5ed00298b46ebbe950afcf2a3c50a556ed2ce74d33bde2	hmf_coarse.tsv	282	UNIQUE	source_log_basename
b20:hmf_coarse:HMF:282:0	b20	hmf_coarse	HMF	282		F				0	NA	hmf_coarse.tsv	283	NOT_RUN	TARGET_BEFORE_F
b20:hmf_coarse:HMF:282:0	b20	hmf_coarse	HMF	282		H	H_b20_cov95v2_HMF_h14_H_p517	attempt_35616d03f0cc6ec01213	source_log_basename	517	d1620292cd2f9c934a3e181862d599bcaf229795299d36b353392cdc99465a92	hmf_coarse.tsv	283	UNIQUE	source_log_basename
b20:hmf_coarse:HMF:282:0	b20	hmf_coarse	HMF	282		M	M_b20_cov95v2_HMF_h517_m009_p93	attempt_d4d2587b1ee565b5896c	source_log_basename	93	08776f3e3d10b3f3e007a7abc73e6cc37d79917dfec192a86f5098fb39bf6e27	hmf_coarse.tsv	283	UNIQUE	source_log_basename
b20:hmf_coarse:HMF:283:0	b20	hmf_coarse	HMF	283		F				0	NA	hmf_coarse.tsv	284	NOT_RUN	TARGET_BEFORE_F
b20:hmf_coarse:HMF:283:0	b20	hmf_coarse	HMF	283		H	H_b20_cov95v2_HMF_h14_H_p517	attempt_35616d03f0cc6ec01213	source_log_basename	517	d1620292cd2f9c934a3e181862d599bcaf229795299d36b353392cdc99465a92	hmf_coarse.tsv	284	UNIQUE	source_log_basename
b20:hmf_coarse:HMF:283:0	b20	hmf_coarse	HMF	283		M	M_b20_cov95v2_HMF_h517_m010_p105	attempt_9eb025e161d689f277a8	source_log_basename	105	b781a1ace0e45350f164d481ffd69202ee1f2bb00aeee09b66ae1354836627f0	hmf_coarse.tsv	284	UNIQUE	source_log_basename
b20:hmf_coarse:HMF:284:0	b20	hmf_coarse	HMF	284		F				0	NA	hmf_coarse.tsv	285	NOT_RUN	TARGET_BEFORE_F
b20:hmf_coarse:HMF:284:0	b20	hmf_coarse	HMF	284		H	H_b20_cov95v2_HMF_h14_H_p517	attempt_35616d03f0cc6ec01213	source_log_basename	517	d1620292cd2f9c934a3e181862d599bcaf229795299d36b353392cdc99465a92	hmf_coarse.tsv	285	UNIQUE	source_log_basename
b20:hmf_coarse:HMF:284:0	b20	hmf_coarse	HMF	284		M	M_b20_cov95v2_HMF_h517_m011_p117	attempt_6f213dedac0cc473d3b8	source_log_basename	117	08025893224b7612db7408969fd383d2372781c85bb354e070699b2aad06f5e7	hmf_coarse.tsv	285	UNIQUE	source_log_basename
b20:hmf_coarse:HMF:285:0	b20	hmf_coarse	HMF	285		F				0	NA	hmf_coarse.tsv	286	NOT_RUN	TARGET_BEFORE_F
b20:hmf_coarse:HMF:285:0	b20	hmf_coarse	HMF	285		H	H_b20_cov95v2_HMF_h14_H_p517	attempt_35616d03f0cc6ec01213	source_log_basename	517	d1620292cd2f9c934a3e181862d599bcaf229795299d36b353392cdc99465a92	hmf_coarse.tsv	286	UNIQUE	source_log_basename
b20:hmf_coarse:HMF:285:0	b20	hmf_coarse	HMF	285		M	M_b20_cov95v2_HMF_h517_m012_p128	attempt_05edbac62bb45ec12eae	source_log_basename	128	631b43d5f4a7a3be002065b1ff6dd6a819198b4849adc158aa12526d2e76ebee	hmf_coarse.tsv	286	UNIQUE	source_log_basename
b20:hmf_coarse:HMF:286:0	b20	hmf_coarse	HMF	286		F				0	NA	hmf_coarse.tsv	287	NOT_RUN	TARGET_BEFORE_F
b20:hmf_coarse:HMF:286:0	b20	hmf_coarse	HMF	286		H	H_b20_cov95v2_HMF_h14_H_p517	attempt_35616d03f0cc6ec01213	source_log_basename	517	d1620292cd2f9c934a3e181862d599bcaf229795299d36b353392cdc99465a92	hmf_coarse.tsv	287	UNIQUE	source_log_basename
b20:hmf_coarse:HMF:286:0	b20	hmf_coarse	HMF	286		M	M_b20_cov95v2_HMF_h517_m013_p140	attempt_b31557ff4198e0aaadd7	source_log_basename	140	02eed50b213f8cd40437f9e769769bf17e2c522d67dbd254c9ab4ff6bd130c22	hmf_coarse.tsv	287	UNIQUE	source_log_basename
b20:hmf_coarse:HMF:287:0	b20	hmf_coarse	HMF	287		F				0	NA	hmf_coarse.tsv	288	NOT_RUN	TARGET_BEFORE_F
b20:hmf_coarse:HMF:287:0	b20	hmf_coarse	HMF	287		H	H_b20_cov95v2_HMF_h14_H_p517	attempt_35616d03f0cc6ec01213	source_log_basename	517	d1620292cd2f9c934a3e181862d599bcaf229795299d36b353392cdc99465a92	hmf_coarse.tsv	288	UNIQUE	source_log_basename
b20:hmf_coarse:HMF:287:0	b20	hmf_coarse	HMF	287		M	M_b20_cov95v2_HMF_h517_m014_p151	attempt_2b1aa7c33af2c6ee3438	source_log_basename	151	9a9dcf658aba40bca9c9cee0a023772e7d71d561cc6460eb3cbdddaf9fb38bef	hmf_coarse.tsv	288	UNIQUE	source_log_basename
b20:hmf_coarse:HMF:288:0	b20	hmf_coarse	HMF	288		F				0	NA	hmf_coarse.tsv	289	NOT_RUN	TARGET_BEFORE_F
b20:hmf_coarse:HMF:288:0	b20	hmf_coarse	HMF	288		H	H_b20_cov95v2_HMF_h14_H_p517	attempt_35616d03f0cc6ec01213	source_log_basename	517	d1620292cd2f9c934a3e181862d599bcaf229795299d36b353392cdc99465a92	hmf_coarse.tsv	289	UNIQUE	source_log_basename
b20:hmf_coarse:HMF:288:0	b20	hmf_coarse	HMF	288		M	M_b20_cov95v2_HMF_h517_m015_p163	attempt_3a5cf8b97e7a237f2827	source_log_basename	163	39fee5361db3f180fe6204a8f57566b9dc41e805677b6821d66549e899671c33	hmf_coarse.tsv	289	UNIQUE	source_log_basename
b20:hmf_coarse:HMF:289:0	b20	hmf_coarse	HMF	289		F				0	NA	hmf_coarse.tsv	290	NOT_RUN	TARGET_BEFORE_F
b20:hmf_coarse:HMF:289:0	b20	hmf_coarse	HMF	289		H	H_b20_cov95v2_HMF_h14_H_p517	attempt_35616d03f0cc6ec01213	source_log_basename	517	d1620292cd2f9c934a3e181862d599bcaf229795299d36b353392cdc99465a92	hmf_coarse.tsv	290	UNIQUE	source_log_basename
b20:hmf_coarse:HMF:289:0	b20	hmf_coarse	HMF	289		M	M_b20_cov95v2_HMF_h517_m016_p175	attempt_69a59ffedac25f52b12b	source_log_basename	175	3dcb4cbc8691d6f876b9c5f17ebb1da71e7aa43e40796e618edcc6351ad41023	hmf_coarse.tsv	290	UNIQUE	source_log_basename
b20:hmf_coarse:HMF:28:0	b20	hmf_coarse	HMF	28		F	F_b20_cov95v2_HMF_h40_m141_F_p3	attempt_c019a4eb65931fe41be6	source_log_basename	3	f7e79454db7da492b4a6711cdbda5d153293b79c6bb4b423a1d66f6a51945b51	hmf_coarse.tsv	29	UNIQUE	source_log_basename
b20:hmf_coarse:HMF:28:0	b20	hmf_coarse	HMF	28		H	H_b20_cov95v2_HMF_h02_H_p40	attempt_0d54110b5a1bb0229f06	source_log_basename	40	eb2795dabafd038320b3ba057131d431a9f30ea9efa787eb5ace14e0f0831ca0	hmf_coarse.tsv	29	UNIQUE	source_log_basename
b20:hmf_coarse:HMF:28:0	b20	hmf_coarse	HMF	28		M	M_b20_cov95v2_HMF_h40_m007_p141	attempt_5ba808319a49ae60892a	source_log_basename	141	93a835fd0e37e1729650a8c6399c7154399067356b36816bd850588799b56f1e	hmf_coarse.tsv	29	UNIQUE	source_log_basename
b20:hmf_coarse:HMF:290:0	b20	hmf_coarse	HMF	290		F				0	NA	hmf_coarse.tsv	291	NOT_RUN	TARGET_BEFORE_F
b20:hmf_coarse:HMF:290:0	b20	hmf_coarse	HMF	290		H	H_b20_cov95v2_HMF_h14_H_p517	attempt_35616d03f0cc6ec01213	source_log_basename	517	d1620292cd2f9c934a3e181862d599bcaf229795299d36b353392cdc99465a92	hmf_coarse.tsv	291	UNIQUE	source_log_basename
b20:hmf_coarse:HMF:290:0	b20	hmf_coarse	HMF	290		M	M_b20_cov95v2_HMF_h517_m017_p186	attempt_2a97d8c1eb0e9b7cfe37	source_log_basename	185	94c264f2572ab9fbc1d85180b0f73dffdd8f29225c407f0d0aeefa2f9fd94e12	hmf_coarse.tsv	291	UNIQUE	source_log_basename
b20:hmf_coarse:HMF:291:0	b20	hmf_coarse	HMF	291		F				0	NA	hmf_coarse.tsv	292	NOT_RUN	TARGET_BEFORE_F
b20:hmf_coarse:HMF:291:0	b20	hmf_coarse	HMF	291		H	H_b20_cov95v2_HMF_h14_H_p517	attempt_35616d03f0cc6ec01213	source_log_basename	517	d1620292cd2f9c934a3e181862d599bcaf229795299d36b353392cdc99465a92	hmf_coarse.tsv	292	UNIQUE	source_log_basename
b20:hmf_coarse:HMF:291:0	b20	hmf_coarse	HMF	291		M	M_b20_cov95v2_HMF_h517_m018_p198	attempt_b760d337e6b7d5aa00fd	source_log_basename	198	2587955e41d27f1cd84e357d02d36c8958dea9d24e5da75bd56ed89300f6d93d	hmf_coarse.tsv	292	UNIQUE	source_log_basename
b20:hmf_coarse:HMF:292:0	b20	hmf_coarse	HMF	292		F				0	NA	hmf_coarse.tsv	293	NOT_RUN	TARGET_BEFORE_F
b20:hmf_coarse:HMF:292:0	b20	hmf_coarse	HMF	292		H	H_b20_cov95v2_HMF_h14_H_p517	attempt_35616d03f0cc6ec01213	source_log_basename	517	d1620292cd2f9c934a3e181862d599bcaf229795299d36b353392cdc99465a92	hmf_coarse.tsv	293	UNIQUE	source_log_basename
b20:hmf_coarse:HMF:292:0	b20	hmf_coarse	HMF	292		M	M_b20_cov95v2_HMF_h517_m019_p210	attempt_45be3a7580e2e45ac01a	source_log_basename	210	328ed04874550b37feef5c0ed908684593aa3cabb1cdb5619c77f4d52d84b6ba	hmf_coarse.tsv	293	UNIQUE	source_log_basename
b20:hmf_coarse:HMF:293:0	b20	hmf_coarse	HMF	293		F				0	NA	hmf_coarse.tsv	294	NOT_RUN	TARGET_BEFORE_F
b20:hmf_coarse:HMF:293:0	b20	hmf_coarse	HMF	293		H	H_b20_cov95v2_HMF_h14_H_p517	attempt_35616d03f0cc6ec01213	source_log_basename	517	d1620292cd2f9c934a3e181862d599bcaf229795299d36b353392cdc99465a92	hmf_coarse.tsv	294	UNIQUE	source_log_basename
b20:hmf_coarse:HMF:293:0	b20	hmf_coarse	HMF	293		M	M_b20_cov95v2_HMF_h517_m020_p221	attempt_bd266c679ed2c3c3f2cc	source_log_basename	219	b56d2cd75fade173642e5c8b5a3e6a53f709c937762bfda9686722e481168929	hmf_coarse.tsv	294	UNIQUE	source_log_basename
b20:hmf_coarse:HMF:294:0	b20	hmf_coarse	HMF	294		F				0	NA	hmf_coarse.tsv	295	NOT_RUN	TARGET_BEFORE_F
b20:hmf_coarse:HMF:294:0	b20	hmf_coarse	HMF	294		H	H_b20_cov95v2_HMF_h14_H_p517	attempt_35616d03f0cc6ec01213	source_log_basename	517	d1620292cd2f9c934a3e181862d599bcaf229795299d36b353392cdc99465a92	hmf_coarse.tsv	295	UNIQUE	source_log_basename
b20:hmf_coarse:HMF:294:0	b20	hmf_coarse	HMF	294		M	M_b20_cov95v2_HMF_h517_Mfull	attempt_8297115aff06c4017e3e	source_log_basename	233	b5de3e9f0794097aad285337e8dc56ccec558541eb5a37c2d0aaf3c280fc177b	hmf_coarse.tsv	295	UNIQUE	source_log_basename
b20:hmf_coarse:HMF:295:0	b20	hmf_coarse	HMF	295		F	F_b20_cov95v2_HMF_h557_m1_F_p4	attempt_e850a9bffab5ed9d78b7	source_log_basename	4	473bc4cff6e4cd844fa639e3037ed09e5e6199b11fd3aed6de086dd8be042618	hmf_coarse.tsv	296	UNIQUE	source_log_basename
b20:hmf_coarse:HMF:295:0	b20	hmf_coarse	HMF	295		H	H_b20_cov95v2_HMF_h15_H_p557	attempt_7aae44c549c952a3f136	source_log_basename	557	cb4ac92a1274d6818b12c3d661b82b687da7e89cb061221549cecebbc8e12c84	hmf_coarse.tsv	296	UNIQUE	source_log_basename
b20:hmf_coarse:HMF:295:0	b20	hmf_coarse	HMF	295		M	M_b20_cov95v2_HMF_h557_m001_p1	attempt_5fe3201e0acca9e77d79	source_log_basename	1	92ffa89467ef5d336f637afdb6daac3e4b10150a8e3fd96939db108367f0498a	hmf_coarse.tsv	296	UNIQUE	source_log_basename
b20:hmf_coarse:HMF:296:0	b20	hmf_coarse	HMF	296		F				0	NA	hmf_coarse.tsv	297	NOT_RUN	TARGET_BEFORE_F
b20:hmf_coarse:HMF:296:0	b20	hmf_coarse	HMF	296		H	H_b20_cov95v2_HMF_h15_H_p557	attempt_7aae44c549c952a3f136	source_log_basename	557	cb4ac92a1274d6818b12c3d661b82b687da7e89cb061221549cecebbc8e12c84	hmf_coarse.tsv	297	UNIQUE	source_log_basename
b20:hmf_coarse:HMF:296:0	b20	hmf_coarse	HMF	296		M	M_b20_cov95v2_HMF_h557_m002_p11	attempt_1947de7ea1841009e055	source_log_basename	11	2e6b714082e74a7b4d74112576503a2aa91f48b34da990da16a83c62d0323922	hmf_coarse.tsv	297	UNIQUE	source_log_basename
b20:hmf_coarse:HMF:297:0	b20	hmf_coarse	HMF	297		F				0	NA	hmf_coarse.tsv	298	NOT_RUN	TARGET_BEFORE_F
b20:hmf_coarse:HMF:297:0	b20	hmf_coarse	HMF	297		H	H_b20_cov95v2_HMF_h15_H_p557	attempt_7aae44c549c952a3f136	source_log_basename	557	cb4ac92a1274d6818b12c3d661b82b687da7e89cb061221549cecebbc8e12c84	hmf_coarse.tsv	298	UNIQUE	source_log_basename
b20:hmf_coarse:HMF:297:0	b20	hmf_coarse	HMF	297		M	M_b20_cov95v2_HMF_h557_m003_p22	attempt_eb331f723c1732db270b	source_log_basename	22	13e27de796fdc63fef25df523153705691bac946dd389df8139773f16865b3d2	hmf_coarse.tsv	298	UNIQUE	source_log_basename
b20:hmf_coarse:HMF:298:0	b20	hmf_coarse	HMF	298		F				0	NA	hmf_coarse.tsv	299	NOT_RUN	TARGET_BEFORE_F
b20:hmf_coarse:HMF:298:0	b20	hmf_coarse	HMF	298		H	H_b20_cov95v2_HMF_h15_H_p557	attempt_7aae44c549c952a3f136	source_log_basename	557	cb4ac92a1274d6818b12c3d661b82b687da7e89cb061221549cecebbc8e12c84	hmf_coarse.tsv	299	UNIQUE	source_log_basename
b20:hmf_coarse:HMF:298:0	b20	hmf_coarse	HMF	298		M	M_b20_cov95v2_HMF_h557_m004_p33	attempt_dfb64ada398085311ecd	source_log_basename	33	94155670399839b3af2a6dac8e17ebe49bdc3a30c5722bb3fb61d9cce818b0b5	hmf_coarse.tsv	299	UNIQUE	source_log_basename
b20:hmf_coarse:HMF:299:0	b20	hmf_coarse	HMF	299		F				0	NA	hmf_coarse.tsv	300	NOT_RUN	TARGET_BEFORE_F
b20:hmf_coarse:HMF:299:0	b20	hmf_coarse	HMF	299		H	H_b20_cov95v2_HMF_h15_H_p557	attempt_7aae44c549c952a3f136	source_log_basename	557	cb4ac92a1274d6818b12c3d661b82b687da7e89cb061221549cecebbc8e12c84	hmf_coarse.tsv	300	UNIQUE	source_log_basename
b20:hmf_coarse:HMF:299:0	b20	hmf_coarse	HMF	299		M	M_b20_cov95v2_HMF_h557_m005_p43	attempt_58d0f0ffe105b49bbf9f	source_log_basename	43	d0ef782affd59aa730f06a10c2126ea75fb6406131330f81dd2f65c71fb84e3f	hmf_coarse.tsv	300	UNIQUE	source_log_basename
b20:hmf_coarse:HMF:29:0	b20	hmf_coarse	HMF	29		F				0	NA	hmf_coarse.tsv	30	NOT_RUN	TARGET_BEFORE_F
b20:hmf_coarse:HMF:29:0	b20	hmf_coarse	HMF	29		H	H_b20_cov95v2_HMF_h02_H_p40	attempt_0d54110b5a1bb0229f06	source_log_basename	40	eb2795dabafd038320b3ba057131d431a9f30ea9efa787eb5ace14e0f0831ca0	hmf_coarse.tsv	30	UNIQUE	source_log_basename
b20:hmf_coarse:HMF:29:0	b20	hmf_coarse	HMF	29		M	M_b20_cov95v2_HMF_h40_m008_p165	attempt_edf23f98e128bb4711f8	source_log_basename	165	26db5b5950faaac108eae4350bb32e6596cb03aa80af292e32db16e67d494047	hmf_coarse.tsv	30	UNIQUE	source_log_basename
b20:hmf_coarse:HMF:2:0	b20	hmf_coarse	HMF	2		F	F_b20_cov95v2_HMF_h1_m25_F_p128	attempt_7f9407b4b787c920e194	source_log_basename	128	e9a6d49e1ea847e54c931814b8b383e706499c0f9e7102c7abffa390b7ad2c8d	hmf_coarse.tsv	3	UNIQUE	source_log_basename
b20:hmf_coarse:HMF:2:0	b20	hmf_coarse	HMF	2		H	H_b20_cov95v2_HMF_h01_H_p1	attempt_bc0e0a4ac7524732dd08	source_log_basename	1	d52d10ca84f3e58c0c5b82699b0efa0295216414bc28a9ee35d8844974e85efb	hmf_coarse.tsv	3	UNIQUE	source_log_basename
b20:hmf_coarse:HMF:2:0	b20	hmf_coarse	HMF	2		M	M_b20_cov95v2_HMF_h1_m002_p25	attempt_7acf250ed0114e077802	source_log_basename	25	bc40526127badd8bb553f9f195ecec3a93b3dc6d816310694bb988a24a58a25c	hmf_coarse.tsv	3	UNIQUE	source_log_basename
b20:hmf_coarse:HMF:300:0	b20	hmf_coarse	HMF	300		F				0	NA	hmf_coarse.tsv	301	NOT_RUN	TARGET_BEFORE_F
b20:hmf_coarse:HMF:300:0	b20	hmf_coarse	HMF	300		H	H_b20_cov95v2_HMF_h15_H_p557	attempt_7aae44c549c952a3f136	source_log_basename	557	cb4ac92a1274d6818b12c3d661b82b687da7e89cb061221549cecebbc8e12c84	hmf_coarse.tsv	301	UNIQUE	source_log_basename
b20:hmf_coarse:HMF:300:0	b20	hmf_coarse	HMF	300		M	M_b20_cov95v2_HMF_h557_m006_p54	attempt_4eab2f94f8baf3fcf1ac	source_log_basename	54	224093eed42f6dcce0ac720a5e553fe14042721c0741c0c1bfef1caadb5c37ba	hmf_coarse.tsv	301	UNIQUE	source_log_basename
b20:hmf_coarse:HMF:301:0	b20	hmf_coarse	HMF	301		F				0	NA	hmf_coarse.tsv	302	NOT_RUN	TARGET_BEFORE_F
b20:hmf_coarse:HMF:301:0	b20	hmf_coarse	HMF	301		H	H_b20_cov95v2_HMF_h15_H_p557	attempt_7aae44c549c952a3f136	source_log_basename	557	cb4ac92a1274d6818b12c3d661b82b687da7e89cb061221549cecebbc8e12c84	hmf_coarse.tsv	302	UNIQUE	source_log_basename
b20:hmf_coarse:HMF:301:0	b20	hmf_coarse	HMF	301		M	M_b20_cov95v2_HMF_h557_m007_p65	attempt_ed93a3a9a961c5cc0e34	source_log_basename	65	8f84658bffa8a21eddc980de82f6309bc92e33815e7c99d203ff9abe0156b738	hmf_coarse.tsv	302	UNIQUE	source_log_basename
b20:hmf_coarse:HMF:302:0	b20	hmf_coarse	HMF	302		F				0	NA	hmf_coarse.tsv	303	NOT_RUN	TARGET_BEFORE_F
b20:hmf_coarse:HMF:302:0	b20	hmf_coarse	HMF	302		H	H_b20_cov95v2_HMF_h15_H_p557	attempt_7aae44c549c952a3f136	source_log_basename	557	cb4ac92a1274d6818b12c3d661b82b687da7e89cb061221549cecebbc8e12c84	hmf_coarse.tsv	303	UNIQUE	source_log_basename
b20:hmf_coarse:HMF:302:0	b20	hmf_coarse	HMF	302		M	M_b20_cov95v2_HMF_h557_m008_p76	attempt_ad1a9850ada4f6b12e7a	source_log_basename	76	0523bc1cc82d2b90548bd099b604a565ea16f52c2a153b13809711b131a54c5b	hmf_coarse.tsv	303	UNIQUE	source_log_basename
b20:hmf_coarse:HMF:303:0	b20	hmf_coarse	HMF	303		F				0	NA	hmf_coarse.tsv	304	NOT_RUN	TARGET_BEFORE_F
b20:hmf_coarse:HMF:303:0	b20	hmf_coarse	HMF	303		H	H_b20_cov95v2_HMF_h15_H_p557	attempt_7aae44c549c952a3f136	source_log_basename	557	cb4ac92a1274d6818b12c3d661b82b687da7e89cb061221549cecebbc8e12c84	hmf_coarse.tsv	304	UNIQUE	source_log_basename
b20:hmf_coarse:HMF:303:0	b20	hmf_coarse	HMF	303		M	M_b20_cov95v2_HMF_h557_m009_p87	attempt_ea3056564db524ff982d	source_log_basename	87	a02919fb4e61ecf5ffd4568ea1af6fa9339565ea0af7fceaf5377f35897281ef	hmf_coarse.tsv	304	UNIQUE	source_log_basename
b20:hmf_coarse:HMF:304:0	b20	hmf_coarse	HMF	304		F				0	NA	hmf_coarse.tsv	305	NOT_RUN	TARGET_BEFORE_F
b20:hmf_coarse:HMF:304:0	b20	hmf_coarse	HMF	304		H	H_b20_cov95v2_HMF_h15_H_p557	attempt_7aae44c549c952a3f136	source_log_basename	557	cb4ac92a1274d6818b12c3d661b82b687da7e89cb061221549cecebbc8e12c84	hmf_coarse.tsv	305	UNIQUE	source_log_basename
b20:hmf_coarse:HMF:304:0	b20	hmf_coarse	HMF	304		M	M_b20_cov95v2_HMF_h557_m010_p98	attempt_dcedccb2f5295d05612c	source_log_basename	98	9540bba023e6635238e339b807130f6602ade3c8b32508d9fd64c7fbe1c1ae6b	hmf_coarse.tsv	305	UNIQUE	source_log_basename
b20:hmf_coarse:HMF:305:0	b20	hmf_coarse	HMF	305		F				0	NA	hmf_coarse.tsv	306	NOT_RUN	TARGET_BEFORE_F
b20:hmf_coarse:HMF:305:0	b20	hmf_coarse	HMF	305		H	H_b20_cov95v2_HMF_h15_H_p557	attempt_7aae44c549c952a3f136	source_log_basename	557	cb4ac92a1274d6818b12c3d661b82b687da7e89cb061221549cecebbc8e12c84	hmf_coarse.tsv	306	UNIQUE	source_log_basename
b20:hmf_coarse:HMF:305:0	b20	hmf_coarse	HMF	305		M	M_b20_cov95v2_HMF_h557_m011_p109	attempt_f6a7f803ccd5e2341607	source_log_basename	109	fe3f71255598471d45fc1836e953aa4adf87fc1af2bd2c519cb92c08f7319be4	hmf_coarse.tsv	306	UNIQUE	source_log_basename
b20:hmf_coarse:HMF:306:0	b20	hmf_coarse	HMF	306		F				0	NA	hmf_coarse.tsv	307	NOT_RUN	TARGET_BEFORE_F
b20:hmf_coarse:HMF:306:0	b20	hmf_coarse	HMF	306		H	H_b20_cov95v2_HMF_h15_H_p557	attempt_7aae44c549c952a3f136	source_log_basename	557	cb4ac92a1274d6818b12c3d661b82b687da7e89cb061221549cecebbc8e12c84	hmf_coarse.tsv	307	UNIQUE	source_log_basename
b20:hmf_coarse:HMF:306:0	b20	hmf_coarse	HMF	306		M	M_b20_cov95v2_HMF_h557_m012_p119	attempt_b6e3190c49c40e327d77	source_log_basename	119	a739c5595fbba03a4a8f6f03d2e6392968f62064af571224260c131aa52bcbf3	hmf_coarse.tsv	307	UNIQUE	source_log_basename
b20:hmf_coarse:HMF:307:0	b20	hmf_coarse	HMF	307		F				0	NA	hmf_coarse.tsv	308	NOT_RUN	TARGET_BEFORE_F
b20:hmf_coarse:HMF:307:0	b20	hmf_coarse	HMF	307		H	H_b20_cov95v2_HMF_h15_H_p557	attempt_7aae44c549c952a3f136	source_log_basename	557	cb4ac92a1274d6818b12c3d661b82b687da7e89cb061221549cecebbc8e12c84	hmf_coarse.tsv	308	UNIQUE	source_log_basename
b20:hmf_coarse:HMF:307:0	b20	hmf_coarse	HMF	307		M	M_b20_cov95v2_HMF_h557_m013_p130	attempt_ea7a2c639b021d9671dd	source_log_basename	130	d872d7d3dea2dd7a2940b183bc970690b8876a25115c5a418047f60738e2c10c	hmf_coarse.tsv	308	UNIQUE	source_log_basename
b20:hmf_coarse:HMF:308:0	b20	hmf_coarse	HMF	308		F				0	NA	hmf_coarse.tsv	309	NOT_RUN	TARGET_BEFORE_F
b20:hmf_coarse:HMF:308:0	b20	hmf_coarse	HMF	308		H	H_b20_cov95v2_HMF_h15_H_p557	attempt_7aae44c549c952a3f136	source_log_basename	557	cb4ac92a1274d6818b12c3d661b82b687da7e89cb061221549cecebbc8e12c84	hmf_coarse.tsv	309	UNIQUE	source_log_basename
b20:hmf_coarse:HMF:308:0	b20	hmf_coarse	HMF	308		M	M_b20_cov95v2_HMF_h557_m014_p141	attempt_febf0e3fce211ed4fa1a	source_log_basename	141	4da78af09fc0a88c37493ca873e6ce987d69e1b2c4eef23aed6a47b09b7959e7	hmf_coarse.tsv	309	UNIQUE	source_log_basename
b20:hmf_coarse:HMF:309:0	b20	hmf_coarse	HMF	309		F				0	NA	hmf_coarse.tsv	310	NOT_RUN	TARGET_BEFORE_F
b20:hmf_coarse:HMF:309:0	b20	hmf_coarse	HMF	309		H	H_b20_cov95v2_HMF_h15_H_p557	attempt_7aae44c549c952a3f136	source_log_basename	557	cb4ac92a1274d6818b12c3d661b82b687da7e89cb061221549cecebbc8e12c84	hmf_coarse.tsv	310	UNIQUE	source_log_basename
b20:hmf_coarse:HMF:309:0	b20	hmf_coarse	HMF	309		M	M_b20_cov95v2_HMF_h557_m015_p152	attempt_28f3d89db6454243ccef	source_log_basename	152	4f7fa2cd9856c434a7b2b258f725113310e4944f31dfac7841edaeb4a2c601ed	hmf_coarse.tsv	310	UNIQUE	source_log_basename
b20:hmf_coarse:HMF:30:0	b20	hmf_coarse	HMF	30		F				0	NA	hmf_coarse.tsv	31	NOT_RUN	TARGET_BEFORE_F
b20:hmf_coarse:HMF:30:0	b20	hmf_coarse	HMF	30		H	H_b20_cov95v2_HMF_h02_H_p40	attempt_0d54110b5a1bb0229f06	source_log_basename	40	eb2795dabafd038320b3ba057131d431a9f30ea9efa787eb5ace14e0f0831ca0	hmf_coarse.tsv	31	UNIQUE	source_log_basename
b20:hmf_coarse:HMF:30:0	b20	hmf_coarse	HMF	30		M	M_b20_cov95v2_HMF_h40_m009_p188	attempt_b6bc1edb97fc68cb1c5f	source_log_basename	188	6a8e78e592a49a06778fed25edfef0ee72302435dc91bb2bea74612e96d794be	hmf_coarse.tsv	31	UNIQUE	source_log_basename
b20:hmf_coarse:HMF:310:0	b20	hmf_coarse	HMF	310		F				0	NA	hmf_coarse.tsv	311	NOT_RUN	TARGET_BEFORE_F
b20:hmf_coarse:HMF:310:0	b20	hmf_coarse	HMF	310		H	H_b20_cov95v2_HMF_h15_H_p557	attempt_7aae44c549c952a3f136	source_log_basename	557	cb4ac92a1274d6818b12c3d661b82b687da7e89cb061221549cecebbc8e12c84	hmf_coarse.tsv	311	UNIQUE	source_log_basename
b20:hmf_coarse:HMF:310:0	b20	hmf_coarse	HMF	310		M	M_b20_cov95v2_HMF_h557_m016_p163	attempt_5221d9ec134ff75f93ca	source_log_basename	162	e3dd9e08d7941605df60516e32c4ff181240601e89b28f713cc533973001103a	hmf_coarse.tsv	311	UNIQUE	source_log_basename
b20:hmf_coarse:HMF:311:0	b20	hmf_coarse	HMF	311		F				0	NA	hmf_coarse.tsv	312	NOT_RUN	TARGET_BEFORE_F
b20:hmf_coarse:HMF:311:0	b20	hmf_coarse	HMF	311		H	H_b20_cov95v2_HMF_h15_H_p557	attempt_7aae44c549c952a3f136	source_log_basename	557	cb4ac92a1274d6818b12c3d661b82b687da7e89cb061221549cecebbc8e12c84	hmf_coarse.tsv	312	UNIQUE	source_log_basename
b20:hmf_coarse:HMF:311:0	b20	hmf_coarse	HMF	311		M	M_b20_cov95v2_HMF_h557_m017_p174	attempt_7a287c5b9c9b3e59880e	source_log_basename	172	cc160c7983262b23b250f69c95c15effad068510eced6ba8d3416e66f42ace5e	hmf_coarse.tsv	312	UNIQUE	source_log_basename
b20:hmf_coarse:HMF:312:0	b20	hmf_coarse	HMF	312		F				0	NA	hmf_coarse.tsv	313	NOT_RUN	TARGET_BEFORE_F
b20:hmf_coarse:HMF:312:0	b20	hmf_coarse	HMF	312		H	H_b20_cov95v2_HMF_h15_H_p557	attempt_7aae44c549c952a3f136	source_log_basename	557	cb4ac92a1274d6818b12c3d661b82b687da7e89cb061221549cecebbc8e12c84	hmf_coarse.tsv	313	UNIQUE	source_log_basename
b20:hmf_coarse:HMF:312:0	b20	hmf_coarse	HMF	312		M	M_b20_cov95v2_HMF_h557_m018_p184	attempt_7a1126ccd7935317b078	source_log_basename	180	455211abf49789c9bd7fe53ceda9a062e7698f3908e1feaf7ad86c1ea91200ea	hmf_coarse.tsv	313	UNIQUE	source_log_basename
b20:hmf_coarse:HMF:313:0	b20	hmf_coarse	HMF	313		F				0	NA	hmf_coarse.tsv	314	NOT_RUN	TARGET_BEFORE_F
b20:hmf_coarse:HMF:313:0	b20	hmf_coarse	HMF	313		H	H_b20_cov95v2_HMF_h15_H_p557	attempt_7aae44c549c952a3f136	source_log_basename	557	cb4ac92a1274d6818b12c3d661b82b687da7e89cb061221549cecebbc8e12c84	hmf_coarse.tsv	314	UNIQUE	source_log_basename
b20:hmf_coarse:HMF:313:0	b20	hmf_coarse	HMF	313		M	M_b20_cov95v2_HMF_h557_m019_p195	attempt_e9967f8a10f0fa246cd8	source_log_basename	195	60e0cde805bb0d1f8908e4c71bbf9a8ada4c69f64847eee79746d6d1fb9d10c5	hmf_coarse.tsv	314	UNIQUE	source_log_basename
b20:hmf_coarse:HMF:314:0	b20	hmf_coarse	HMF	314		F				0	NA	hmf_coarse.tsv	315	NOT_RUN	TARGET_BEFORE_F
b20:hmf_coarse:HMF:314:0	b20	hmf_coarse	HMF	314		H	H_b20_cov95v2_HMF_h15_H_p557	attempt_7aae44c549c952a3f136	source_log_basename	557	cb4ac92a1274d6818b12c3d661b82b687da7e89cb061221549cecebbc8e12c84	hmf_coarse.tsv	315	UNIQUE	source_log_basename
b20:hmf_coarse:HMF:314:0	b20	hmf_coarse	HMF	314		M	M_b20_cov95v2_HMF_h557_m020_p206	attempt_a8888023fe8ebddd1e18	source_log_basename	206	971aca1cd0e8a346f8fb19a091d3d1446aab1c3e2ca92323682af96ab3b800c4	hmf_coarse.tsv	315	UNIQUE	source_log_basename
b20:hmf_coarse:HMF:315:0	b20	hmf_coarse	HMF	315		F				0	NA	hmf_coarse.tsv	316	NOT_RUN	TARGET_BEFORE_F
b20:hmf_coarse:HMF:315:0	b20	hmf_coarse	HMF	315		H	H_b20_cov95v2_HMF_h15_H_p557	attempt_7aae44c549c952a3f136	source_log_basename	557	cb4ac92a1274d6818b12c3d661b82b687da7e89cb061221549cecebbc8e12c84	hmf_coarse.tsv	316	UNIQUE	source_log_basename
b20:hmf_coarse:HMF:315:0	b20	hmf_coarse	HMF	315		M	M_b20_cov95v2_HMF_h557_Mfull	attempt_92426381a4eae3a7bde2	source_log_basename	217	0545fc03a09c82982663eb3683abe7b18630128ed3896272e63ddbfc55d594f9	hmf_coarse.tsv	316	UNIQUE	source_log_basename
b20:hmf_coarse:HMF:316:0	b20	hmf_coarse	HMF	316		F	F_b20_cov95v2_HMF_h596_m1_F_p3	attempt_aa242315f48667023272	source_log_basename	3	bcbf3921c42c69a9fd1d01aa512415d3a3e0787939be2593deff4fb3f9ef474f	hmf_coarse.tsv	317	UNIQUE	source_log_basename
b20:hmf_coarse:HMF:316:0	b20	hmf_coarse	HMF	316		H	H_b20_cov95v2_HMF_h16_H_p596	attempt_1fdbb8e160f72fd28913	source_log_basename	596	e136a7c47d3bc8c6e061a27e7a42a18941cdc1a8e0c664a23b002822dd284db0	hmf_coarse.tsv	317	UNIQUE	source_log_basename
b20:hmf_coarse:HMF:316:0	b20	hmf_coarse	HMF	316		M	M_b20_cov95v2_HMF_h596_m001_p1	attempt_0a5ffb2ce13c8f683300	source_log_basename	1	152476636672215054825b21eb859f5e56f97ceb8ec5590319e1bf5ad83d8a2a	hmf_coarse.tsv	317	UNIQUE	source_log_basename
b20:hmf_coarse:HMF:317:0	b20	hmf_coarse	HMF	317		F				0	NA	hmf_coarse.tsv	318	NOT_RUN	TARGET_BEFORE_F
b20:hmf_coarse:HMF:317:0	b20	hmf_coarse	HMF	317		H	H_b20_cov95v2_HMF_h16_H_p596	attempt_1fdbb8e160f72fd28913	source_log_basename	596	e136a7c47d3bc8c6e061a27e7a42a18941cdc1a8e0c664a23b002822dd284db0	hmf_coarse.tsv	318	UNIQUE	source_log_basename
b20:hmf_coarse:HMF:317:0	b20	hmf_coarse	HMF	317		M	M_b20_cov95v2_HMF_h596_m002_p10	attempt_4755c9c425186ba7f480	source_log_basename	10	c07e392d1086ed59b10a2027baf723a86a03ddd1ac85b61276b35c08f1473db4	hmf_coarse.tsv	318	UNIQUE	source_log_basename
b20:hmf_coarse:HMF:318:0	b20	hmf_coarse	HMF	318		F				0	NA	hmf_coarse.tsv	319	NOT_RUN	TARGET_BEFORE_F
b20:hmf_coarse:HMF:318:0	b20	hmf_coarse	HMF	318		H	H_b20_cov95v2_HMF_h16_H_p596	attempt_1fdbb8e160f72fd28913	source_log_basename	596	e136a7c47d3bc8c6e061a27e7a42a18941cdc1a8e0c664a23b002822dd284db0	hmf_coarse.tsv	319	UNIQUE	source_log_basename
b20:hmf_coarse:HMF:318:0	b20	hmf_coarse	HMF	318		M	M_b20_cov95v2_HMF_h596_m003_p21	attempt_9a82c78837a2ca12d63c	source_log_basename	21	4eca2d049be8b6f34e98d680616e9934780106b26355483184538cc4448bf569	hmf_coarse.tsv	319	UNIQUE	source_log_basename
b20:hmf_coarse:HMF:319:0	b20	hmf_coarse	HMF	319		F				0	NA	hmf_coarse.tsv	320	NOT_RUN	TARGET_BEFORE_F
b20:hmf_coarse:HMF:319:0	b20	hmf_coarse	HMF	319		H	H_b20_cov95v2_HMF_h16_H_p596	attempt_1fdbb8e160f72fd28913	source_log_basename	596	e136a7c47d3bc8c6e061a27e7a42a18941cdc1a8e0c664a23b002822dd284db0	hmf_coarse.tsv	320	UNIQUE	source_log_basename
b20:hmf_coarse:HMF:319:0	b20	hmf_coarse	HMF	319		M	M_b20_cov95v2_HMF_h596_m004_p31	attempt_e0b2d43ee381e962a99b	source_log_basename	31	654813797407a3ac363a8b455658de0b51b7f2edd262f4736122b11e4d906418	hmf_coarse.tsv	320	UNIQUE	source_log_basename
b20:hmf_coarse:HMF:31:0	b20	hmf_coarse	HMF	31		F				0	NA	hmf_coarse.tsv	32	NOT_RUN	TARGET_BEFORE_F
b20:hmf_coarse:HMF:31:0	b20	hmf_coarse	HMF	31		H	H_b20_cov95v2_HMF_h02_H_p40	attempt_0d54110b5a1bb0229f06	source_log_basename	40	eb2795dabafd038320b3ba057131d431a9f30ea9efa787eb5ace14e0f0831ca0	hmf_coarse.tsv	32	UNIQUE	source_log_basename
b20:hmf_coarse:HMF:31:0	b20	hmf_coarse	HMF	31		M	M_b20_cov95v2_HMF_h40_m010_p212	attempt_e9c8a3f3d64959e18dba	source_log_basename	212	134c0abdd2413e411acfc2ee1a3e531f28bb7da1835d83347a4a8771dddaa0a2	hmf_coarse.tsv	32	UNIQUE	source_log_basename
b20:hmf_coarse:HMF:320:0	b20	hmf_coarse	HMF	320		F				0	NA	hmf_coarse.tsv	321	NOT_RUN	TARGET_BEFORE_F
b20:hmf_coarse:HMF:320:0	b20	hmf_coarse	HMF	320		H	H_b20_cov95v2_HMF_h16_H_p596	attempt_1fdbb8e160f72fd28913	source_log_basename	596	e136a7c47d3bc8c6e061a27e7a42a18941cdc1a8e0c664a23b002822dd284db0	hmf_coarse.tsv	321	UNIQUE	source_log_basename
b20:hmf_coarse:HMF:320:0	b20	hmf_coarse	HMF	320		M	M_b20_cov95v2_HMF_h596_m005_p41	attempt_49b7f5378abd04112263	source_log_basename	41	aa0e2afbf5f54d67f5b7a4485373390692f8c4ea50e684c9000574ae89260ad4	hmf_coarse.tsv	321	UNIQUE	source_log_basename
b20:hmf_coarse:HMF:321:0	b20	hmf_coarse	HMF	321		F				0	NA	hmf_coarse.tsv	322	NOT_RUN	TARGET_BEFORE_F
b20:hmf_coarse:HMF:321:0	b20	hmf_coarse	HMF	321		H	H_b20_cov95v2_HMF_h16_H_p596	attempt_1fdbb8e160f72fd28913	source_log_basename	596	e136a7c47d3bc8c6e061a27e7a42a18941cdc1a8e0c664a23b002822dd284db0	hmf_coarse.tsv	322	UNIQUE	source_log_basename
b20:hmf_coarse:HMF:321:0	b20	hmf_coarse	HMF	321		M	M_b20_cov95v2_HMF_h596_m006_p52	attempt_f18ac665fd7e817bf386	source_log_basename	52	d52e01763c2559b1a814b393e0151f14e99193b75a6a31f33e9584835c329052	hmf_coarse.tsv	322	UNIQUE	source_log_basename
b20:hmf_coarse:HMF:322:0	b20	hmf_coarse	HMF	322		F				0	NA	hmf_coarse.tsv	323	NOT_RUN	TARGET_BEFORE_F
b20:hmf_coarse:HMF:322:0	b20	hmf_coarse	HMF	322		H	H_b20_cov95v2_HMF_h16_H_p596	attempt_1fdbb8e160f72fd28913	source_log_basename	596	e136a7c47d3bc8c6e061a27e7a42a18941cdc1a8e0c664a23b002822dd284db0	hmf_coarse.tsv	323	UNIQUE	source_log_basename
b20:hmf_coarse:HMF:322:0	b20	hmf_coarse	HMF	322		M	M_b20_cov95v2_HMF_h596_m007_p62	attempt_1269aba2fa36521ff66e	source_log_basename	62	af4fb4f632cd37b3f76049db50fa72d0246d478e4e70c2f6506696063d1ab575	hmf_coarse.tsv	323	UNIQUE	source_log_basename
b20:hmf_coarse:HMF:323:0	b20	hmf_coarse	HMF	323		F				0	NA	hmf_coarse.tsv	324	NOT_RUN	TARGET_BEFORE_F
b20:hmf_coarse:HMF:323:0	b20	hmf_coarse	HMF	323		H	H_b20_cov95v2_HMF_h16_H_p596	attempt_1fdbb8e160f72fd28913	source_log_basename	596	e136a7c47d3bc8c6e061a27e7a42a18941cdc1a8e0c664a23b002822dd284db0	hmf_coarse.tsv	324	UNIQUE	source_log_basename
b20:hmf_coarse:HMF:323:0	b20	hmf_coarse	HMF	323		M	M_b20_cov95v2_HMF_h596_m008_p72	attempt_5b964c8d18e7ae3fc763	source_log_basename	72	a4b91ecf3ebb5201e2af7251011611156f1e8da49906dd0a3b745703b9de2c9c	hmf_coarse.tsv	324	UNIQUE	source_log_basename
b20:hmf_coarse:HMF:324:0	b20	hmf_coarse	HMF	324		F				0	NA	hmf_coarse.tsv	325	NOT_RUN	TARGET_BEFORE_F
b20:hmf_coarse:HMF:324:0	b20	hmf_coarse	HMF	324		H	H_b20_cov95v2_HMF_h16_H_p596	attempt_1fdbb8e160f72fd28913	source_log_basename	596	e136a7c47d3bc8c6e061a27e7a42a18941cdc1a8e0c664a23b002822dd284db0	hmf_coarse.tsv	325	UNIQUE	source_log_basename
b20:hmf_coarse:HMF:324:0	b20	hmf_coarse	HMF	324		M	M_b20_cov95v2_HMF_h596_m009_p82	attempt_b8131a86ac9712ac3e59	source_log_basename	82	f44f8e87bcae0b431e4cd05a58886e2f6a2ca26b51258779baaf53cbee9effcd	hmf_coarse.tsv	325	UNIQUE	source_log_basename
b20:hmf_coarse:HMF:325:0	b20	hmf_coarse	HMF	325		F				0	NA	hmf_coarse.tsv	326	NOT_RUN	TARGET_BEFORE_F
b20:hmf_coarse:HMF:325:0	b20	hmf_coarse	HMF	325		H	H_b20_cov95v2_HMF_h16_H_p596	attempt_1fdbb8e160f72fd28913	source_log_basename	596	e136a7c47d3bc8c6e061a27e7a42a18941cdc1a8e0c664a23b002822dd284db0	hmf_coarse.tsv	326	UNIQUE	source_log_basename
b20:hmf_coarse:HMF:325:0	b20	hmf_coarse	HMF	325		M	M_b20_cov95v2_HMF_h596_m010_p93	attempt_8a1d7a884c4b58af813f	source_log_basename	93	6704b1bbe7fbc01097fea8da43db377e36b706bea2d6ec46c11b82795672cc9d	hmf_coarse.tsv	326	UNIQUE	source_log_basename
b20:hmf_coarse:HMF:326:0	b20	hmf_coarse	HMF	326		F				0	NA	hmf_coarse.tsv	327	NOT_RUN	TARGET_BEFORE_F
b20:hmf_coarse:HMF:326:0	b20	hmf_coarse	HMF	326		H	H_b20_cov95v2_HMF_h16_H_p596	attempt_1fdbb8e160f72fd28913	source_log_basename	596	e136a7c47d3bc8c6e061a27e7a42a18941cdc1a8e0c664a23b002822dd284db0	hmf_coarse.tsv	327	UNIQUE	source_log_basename
b20:hmf_coarse:HMF:326:0	b20	hmf_coarse	HMF	326		M	M_b20_cov95v2_HMF_h596_m011_p103	attempt_7dd763bf0e24d864e67b	source_log_basename	103	2684a5db6081021e16709d5ae427f861a075da3727272b0db85c8c5662615af7	hmf_coarse.tsv	327	UNIQUE	source_log_basename
b20:hmf_coarse:HMF:327:0	b20	hmf_coarse	HMF	327		F				0	NA	hmf_coarse.tsv	328	NOT_RUN	TARGET_BEFORE_F
b20:hmf_coarse:HMF:327:0	b20	hmf_coarse	HMF	327		H	H_b20_cov95v2_HMF_h16_H_p596	attempt_1fdbb8e160f72fd28913	source_log_basename	596	e136a7c47d3bc8c6e061a27e7a42a18941cdc1a8e0c664a23b002822dd284db0	hmf_coarse.tsv	328	UNIQUE	source_log_basename
b20:hmf_coarse:HMF:327:0	b20	hmf_coarse	HMF	327		M	M_b20_cov95v2_HMF_h596_m012_p113	attempt_3dedc6755808eace6aff	source_log_basename	113	9c7ef1091db4e3c84e79f1bb68fbae7950a984215570d02538f47fa1337142f3	hmf_coarse.tsv	328	UNIQUE	source_log_basename
b20:hmf_coarse:HMF:328:0	b20	hmf_coarse	HMF	328		F				0	NA	hmf_coarse.tsv	329	NOT_RUN	TARGET_BEFORE_F
b20:hmf_coarse:HMF:328:0	b20	hmf_coarse	HMF	328		H	H_b20_cov95v2_HMF_h16_H_p596	attempt_1fdbb8e160f72fd28913	source_log_basename	596	e136a7c47d3bc8c6e061a27e7a42a18941cdc1a8e0c664a23b002822dd284db0	hmf_coarse.tsv	329	UNIQUE	source_log_basename
b20:hmf_coarse:HMF:328:0	b20	hmf_coarse	HMF	328		M	M_b20_cov95v2_HMF_h596_m013_p124	attempt_77069435c8c5a751a193	source_log_basename	124	c855cb06e26c5033d7d2c1592dcc8c94e37de8089898cca0639a67f55c02b413	hmf_coarse.tsv	329	UNIQUE	source_log_basename
b20:hmf_coarse:HMF:329:0	b20	hmf_coarse	HMF	329		F				0	NA	hmf_coarse.tsv	330	NOT_RUN	TARGET_BEFORE_F
b20:hmf_coarse:HMF:329:0	b20	hmf_coarse	HMF	329		H	H_b20_cov95v2_HMF_h16_H_p596	attempt_1fdbb8e160f72fd28913	source_log_basename	596	e136a7c47d3bc8c6e061a27e7a42a18941cdc1a8e0c664a23b002822dd284db0	hmf_coarse.tsv	330	UNIQUE	source_log_basename
b20:hmf_coarse:HMF:329:0	b20	hmf_coarse	HMF	329		M	M_b20_cov95v2_HMF_h596_m014_p134	attempt_8c8dba150cd9f5173e9d	source_log_basename	134	20860833c094bf28aeb1de8439fe176ee7c35fe6dd446bc5c3bf08c15f7314c8	hmf_coarse.tsv	330	UNIQUE	source_log_basename
b20:hmf_coarse:HMF:32:0	b20	hmf_coarse	HMF	32		F				0	NA	hmf_coarse.tsv	33	NOT_RUN	TARGET_BEFORE_F
b20:hmf_coarse:HMF:32:0	b20	hmf_coarse	HMF	32		H	H_b20_cov95v2_HMF_h02_H_p40	attempt_0d54110b5a1bb0229f06	source_log_basename	40	eb2795dabafd038320b3ba057131d431a9f30ea9efa787eb5ace14e0f0831ca0	hmf_coarse.tsv	33	UNIQUE	source_log_basename
b20:hmf_coarse:HMF:32:0	b20	hmf_coarse	HMF	32		M	M_b20_cov95v2_HMF_h40_m011_p236	attempt_74d0221643c30aae2766	source_log_basename	236	af2f61cd113708b53709817ecc1474f1f74fe1050d7eb7f3b319b2d909c45ab9	hmf_coarse.tsv	33	UNIQUE	source_log_basename
b20:hmf_coarse:HMF:330:0	b20	hmf_coarse	HMF	330		F				0	NA	hmf_coarse.tsv	331	NOT_RUN	TARGET_BEFORE_F
b20:hmf_coarse:HMF:330:0	b20	hmf_coarse	HMF	330		H	H_b20_cov95v2_HMF_h16_H_p596	attempt_1fdbb8e160f72fd28913	source_log_basename	596	e136a7c47d3bc8c6e061a27e7a42a18941cdc1a8e0c664a23b002822dd284db0	hmf_coarse.tsv	331	UNIQUE	source_log_basename
b20:hmf_coarse:HMF:330:0	b20	hmf_coarse	HMF	330		M	M_b20_cov95v2_HMF_h596_m015_p144	attempt_647386a8a08594435c0e	source_log_basename	144	19271c98fb63c1d2940e0d77cce3ae7fe44b3652b8887836f26a7f59ecf07e94	hmf_coarse.tsv	331	UNIQUE	source_log_basename
b20:hmf_coarse:HMF:331:0	b20	hmf_coarse	HMF	331		F				0	NA	hmf_coarse.tsv	332	NOT_RUN	TARGET_BEFORE_F
b20:hmf_coarse:HMF:331:0	b20	hmf_coarse	HMF	331		H	H_b20_cov95v2_HMF_h16_H_p596	attempt_1fdbb8e160f72fd28913	source_log_basename	596	e136a7c47d3bc8c6e061a27e7a42a18941cdc1a8e0c664a23b002822dd284db0	hmf_coarse.tsv	332	UNIQUE	source_log_basename
b20:hmf_coarse:HMF:331:0	b20	hmf_coarse	HMF	331		M	M_b20_cov95v2_HMF_h596_m016_p155	attempt_f562d59f725c2d0775b2	source_log_basename	155	da029978737180561a8445b79245ce81e92e09ebc88b3c5071e9931ec37c9a07	hmf_coarse.tsv	332	UNIQUE	source_log_basename
b20:hmf_coarse:HMF:332:0	b20	hmf_coarse	HMF	332		F				0	NA	hmf_coarse.tsv	333	NOT_RUN	TARGET_BEFORE_F
b20:hmf_coarse:HMF:332:0	b20	hmf_coarse	HMF	332		H	H_b20_cov95v2_HMF_h16_H_p596	attempt_1fdbb8e160f72fd28913	source_log_basename	596	e136a7c47d3bc8c6e061a27e7a42a18941cdc1a8e0c664a23b002822dd284db0	hmf_coarse.tsv	333	UNIQUE	source_log_basename
b20:hmf_coarse:HMF:332:0	b20	hmf_coarse	HMF	332		M	M_b20_cov95v2_HMF_h596_m017_p165	attempt_ebc14159a16238c5b32e	source_log_basename	165	a1e71dcb1d4d889c40244a0b6bb1c05724b1c074b776a89517825f41b0795f22	hmf_coarse.tsv	333	UNIQUE	source_log_basename
b20:hmf_coarse:HMF:333:0	b20	hmf_coarse	HMF	333		F				0	NA	hmf_coarse.tsv	334	NOT_RUN	TARGET_BEFORE_F
b20:hmf_coarse:HMF:333:0	b20	hmf_coarse	HMF	333		H	H_b20_cov95v2_HMF_h16_H_p596	attempt_1fdbb8e160f72fd28913	source_log_basename	596	e136a7c47d3bc8c6e061a27e7a42a18941cdc1a8e0c664a23b002822dd284db0	hmf_coarse.tsv	334	UNIQUE	source_log_basename
b20:hmf_coarse:HMF:333:0	b20	hmf_coarse	HMF	333		M	M_b20_cov95v2_HMF_h596_m018_p175	attempt_678b6bb976236652af48	source_log_basename	174	12935e3ef73d52a04b15e2ca041bf923be6e9c42adae15c76c5c50f63a1a09f5	hmf_coarse.tsv	334	UNIQUE	source_log_basename
b20:hmf_coarse:HMF:334:0	b20	hmf_coarse	HMF	334		F				0	NA	hmf_coarse.tsv	335	NOT_RUN	TARGET_BEFORE_F
b20:hmf_coarse:HMF:334:0	b20	hmf_coarse	HMF	334		H	H_b20_cov95v2_HMF_h16_H_p596	attempt_1fdbb8e160f72fd28913	source_log_basename	596	e136a7c47d3bc8c6e061a27e7a42a18941cdc1a8e0c664a23b002822dd284db0	hmf_coarse.tsv	335	UNIQUE	source_log_basename
b20:hmf_coarse:HMF:334:0	b20	hmf_coarse	HMF	334		M	M_b20_cov95v2_HMF_h596_m019_p185	attempt_f374221b987bdc44db01	source_log_basename	184	2ad6fc44fef4bde06c6fddc20028d87a602daef7f5f862ede960e3fb234a9726	hmf_coarse.tsv	335	UNIQUE	source_log_basename
b20:hmf_coarse:HMF:335:0	b20	hmf_coarse	HMF	335		F				0	NA	hmf_coarse.tsv	336	NOT_RUN	TARGET_BEFORE_F
b20:hmf_coarse:HMF:335:0	b20	hmf_coarse	HMF	335		H	H_b20_cov95v2_HMF_h16_H_p596	attempt_1fdbb8e160f72fd28913	source_log_basename	596	e136a7c47d3bc8c6e061a27e7a42a18941cdc1a8e0c664a23b002822dd284db0	hmf_coarse.tsv	336	UNIQUE	source_log_basename
b20:hmf_coarse:HMF:335:0	b20	hmf_coarse	HMF	335		M	M_b20_cov95v2_HMF_h596_m020_p196	attempt_e0de78258b2e4eeadb29	source_log_basename	195	ec8c37da07bde4cc6ea46f03d9f63f20e697e75019b4d8f75a0f32c196227293	hmf_coarse.tsv	336	UNIQUE	source_log_basename
b20:hmf_coarse:HMF:336:0	b20	hmf_coarse	HMF	336		F				0	NA	hmf_coarse.tsv	337	NOT_RUN	TARGET_BEFORE_F
b20:hmf_coarse:HMF:336:0	b20	hmf_coarse	HMF	336		H	H_b20_cov95v2_HMF_h16_H_p596	attempt_1fdbb8e160f72fd28913	source_log_basename	596	e136a7c47d3bc8c6e061a27e7a42a18941cdc1a8e0c664a23b002822dd284db0	hmf_coarse.tsv	337	UNIQUE	source_log_basename
b20:hmf_coarse:HMF:336:0	b20	hmf_coarse	HMF	336		M	M_b20_cov95v2_HMF_h596_Mfull	attempt_251b0bf0e3b755ade302	source_log_basename	206	0545fc03a09c82982663eb3683abe7b18630128ed3896272e63ddbfc55d594f9	hmf_coarse.tsv	337	UNIQUE	source_log_basename
b20:hmf_coarse:HMF:337:0	b20	hmf_coarse	HMF	337		F	F_b20_cov95v2_HMF_h636_m1_F_p3	attempt_5c75eea1cd91f0845768	source_log_basename	3	e8f51ae9d2b771a955534ade7aaf655315a7e7dc105eca51b3141824ecf11657	hmf_coarse.tsv	338	UNIQUE	source_log_basename
b20:hmf_coarse:HMF:337:0	b20	hmf_coarse	HMF	337		H	H_b20_cov95v2_HMF_h17_H_p636	attempt_21f0aa6946f450a56526	source_log_basename	636	bfad6edf92d093987a1d944773f9d1d58f09cc4671cabcc399abdc1eb3121bc8	hmf_coarse.tsv	338	UNIQUE	source_log_basename
b20:hmf_coarse:HMF:337:0	b20	hmf_coarse	HMF	337		M	M_b20_cov95v2_HMF_h636_m001_p1	attempt_8cd1ce67e532c3cf5e58	source_log_basename	1	8e664a3cdfc9f3135358125ef23192fbbb8e38e607f9ad3cdbf2a0a383191f6f	hmf_coarse.tsv	338	UNIQUE	source_log_basename
b20:hmf_coarse:HMF:338:0	b20	hmf_coarse	HMF	338		F				0	NA	hmf_coarse.tsv	339	NOT_RUN	TARGET_BEFORE_F
b20:hmf_coarse:HMF:338:0	b20	hmf_coarse	HMF	338		H	H_b20_cov95v2_HMF_h17_H_p636	attempt_21f0aa6946f450a56526	source_log_basename	636	bfad6edf92d093987a1d944773f9d1d58f09cc4671cabcc399abdc1eb3121bc8	hmf_coarse.tsv	339	UNIQUE	source_log_basename
b20:hmf_coarse:HMF:338:0	b20	hmf_coarse	HMF	338		M	M_b20_cov95v2_HMF_h636_m002_p9	attempt_a2114b51f5484d665e43	source_log_basename	9	4c09a8e60b06591f6b6d75cca6f2a6765589726853e502f62dad928382e87000	hmf_coarse.tsv	339	UNIQUE	source_log_basename
b20:hmf_coarse:HMF:339:0	b20	hmf_coarse	HMF	339		F				0	NA	hmf_coarse.tsv	340	NOT_RUN	TARGET_BEFORE_F
b20:hmf_coarse:HMF:339:0	b20	hmf_coarse	HMF	339		H	H_b20_cov95v2_HMF_h17_H_p636	attempt_21f0aa6946f450a56526	source_log_basename	636	bfad6edf92d093987a1d944773f9d1d58f09cc4671cabcc399abdc1eb3121bc8	hmf_coarse.tsv	340	UNIQUE	source_log_basename
b20:hmf_coarse:HMF:339:0	b20	hmf_coarse	HMF	339		M	M_b20_cov95v2_HMF_h636_m003_p19	attempt_149d45d0787e674defa7	source_log_basename	19	289d9308c103cb4c48c9e80657596f88d8477ed019ee93404cbe5b7ee6ad8764	hmf_coarse.tsv	340	UNIQUE	source_log_basename
b20:hmf_coarse:HMF:33:0	b20	hmf_coarse	HMF	33		F				0	NA	hmf_coarse.tsv	34	NOT_RUN	TARGET_BEFORE_F
b20:hmf_coarse:HMF:33:0	b20	hmf_coarse	HMF	33		H	H_b20_cov95v2_HMF_h02_H_p40	attempt_0d54110b5a1bb0229f06	source_log_basename	40	eb2795dabafd038320b3ba057131d431a9f30ea9efa787eb5ace14e0f0831ca0	hmf_coarse.tsv	34	UNIQUE	source_log_basename
b20:hmf_coarse:HMF:33:0	b20	hmf_coarse	HMF	33		M	M_b20_cov95v2_HMF_h40_m012_p259	attempt_69ab9d8b23ada7e8f08c	source_log_basename	259	dbc7c93265dc115266ff686ab76bd78de50216bad9a7dc3d8c6ea41b56c08d21	hmf_coarse.tsv	34	UNIQUE	source_log_basename
b20:hmf_coarse:HMF:340:0	b20	hmf_coarse	HMF	340		F				0	NA	hmf_coarse.tsv	341	NOT_RUN	TARGET_BEFORE_F
b20:hmf_coarse:HMF:340:0	b20	hmf_coarse	HMF	340		H	H_b20_cov95v2_HMF_h17_H_p636	attempt_21f0aa6946f450a56526	source_log_basename	636	bfad6edf92d093987a1d944773f9d1d58f09cc4671cabcc399abdc1eb3121bc8	hmf_coarse.tsv	341	UNIQUE	source_log_basename
b20:hmf_coarse:HMF:340:0	b20	hmf_coarse	HMF	340		M	M_b20_cov95v2_HMF_h636_m004_p28	attempt_65f42f3bac964980789b	source_log_basename	28	515d9a392caaf3321dfa0df98ad765d5451e1b6fe8c2d4725186e76b548e398d	hmf_coarse.tsv	341	UNIQUE	source_log_basename
b20:hmf_coarse:HMF:341:0	b20	hmf_coarse	HMF	341		F				0	NA	hmf_coarse.tsv	342	NOT_RUN	TARGET_BEFORE_F
b20:hmf_coarse:HMF:341:0	b20	hmf_coarse	HMF	341		H	H_b20_cov95v2_HMF_h17_H_p636	attempt_21f0aa6946f450a56526	source_log_basename	636	bfad6edf92d093987a1d944773f9d1d58f09cc4671cabcc399abdc1eb3121bc8	hmf_coarse.tsv	342	UNIQUE	source_log_basename
b20:hmf_coarse:HMF:341:0	b20	hmf_coarse	HMF	341		M	M_b20_cov95v2_HMF_h636_m005_p37	attempt_0c93f05ee35450f3ad34	source_log_basename	37	b7d7973304270e3acb9b365929eef9370fe2585e39b3b951c65801cf6842c42d	hmf_coarse.tsv	342	UNIQUE	source_log_basename
b20:hmf_coarse:HMF:342:0	b20	hmf_coarse	HMF	342		F				0	NA	hmf_coarse.tsv	343	NOT_RUN	TARGET_BEFORE_F
b20:hmf_coarse:HMF:342:0	b20	hmf_coarse	HMF	342		H	H_b20_cov95v2_HMF_h17_H_p636	attempt_21f0aa6946f450a56526	source_log_basename	636	bfad6edf92d093987a1d944773f9d1d58f09cc4671cabcc399abdc1eb3121bc8	hmf_coarse.tsv	343	UNIQUE	source_log_basename
b20:hmf_coarse:HMF:342:0	b20	hmf_coarse	HMF	342		M	M_b20_cov95v2_HMF_h636_m006_p47	attempt_e208e7a673e621008a1b	source_log_basename	47	c0dda229b1fc0405f1697e00d1c1cd9ef9ff6b478061412d0995ad82459e325f	hmf_coarse.tsv	343	UNIQUE	source_log_basename
b20:hmf_coarse:HMF:343:0	b20	hmf_coarse	HMF	343		F				0	NA	hmf_coarse.tsv	344	NOT_RUN	TARGET_BEFORE_F
b20:hmf_coarse:HMF:343:0	b20	hmf_coarse	HMF	343		H	H_b20_cov95v2_HMF_h17_H_p636	attempt_21f0aa6946f450a56526	source_log_basename	636	bfad6edf92d093987a1d944773f9d1d58f09cc4671cabcc399abdc1eb3121bc8	hmf_coarse.tsv	344	UNIQUE	source_log_basename
b20:hmf_coarse:HMF:343:0	b20	hmf_coarse	HMF	343		M	M_b20_cov95v2_HMF_h636_m007_p56	attempt_08618c25e7e459b35029	source_log_basename	56	3946c48865aa10c660e1ab76dfbaac3da3a90f0ce16850459788b242b78d1bc1	hmf_coarse.tsv	344	UNIQUE	source_log_basename
b20:hmf_coarse:HMF:344:0	b20	hmf_coarse	HMF	344		F				0	NA	hmf_coarse.tsv	345	NOT_RUN	TARGET_BEFORE_F
b20:hmf_coarse:HMF:344:0	b20	hmf_coarse	HMF	344		H	H_b20_cov95v2_HMF_h17_H_p636	attempt_21f0aa6946f450a56526	source_log_basename	636	bfad6edf92d093987a1d944773f9d1d58f09cc4671cabcc399abdc1eb3121bc8	hmf_coarse.tsv	345	UNIQUE	source_log_basename
b20:hmf_coarse:HMF:344:0	b20	hmf_coarse	HMF	344		M	M_b20_cov95v2_HMF_h636_m008_p65	attempt_82104b9bf07d737925cc	source_log_basename	65	a0ba96cda1ba1f49d8ea348b74246891463e2fd82847013de9114a80d40d4940	hmf_coarse.tsv	345	UNIQUE	source_log_basename
b20:hmf_coarse:HMF:345:0	b20	hmf_coarse	HMF	345		F				0	NA	hmf_coarse.tsv	346	NOT_RUN	TARGET_BEFORE_F
b20:hmf_coarse:HMF:345:0	b20	hmf_coarse	HMF	345		H	H_b20_cov95v2_HMF_h17_H_p636	attempt_21f0aa6946f450a56526	source_log_basename	636	bfad6edf92d093987a1d944773f9d1d58f09cc4671cabcc399abdc1eb3121bc8	hmf_coarse.tsv	346	UNIQUE	source_log_basename
b20:hmf_coarse:HMF:345:0	b20	hmf_coarse	HMF	345		M	M_b20_cov95v2_HMF_h636_m009_p75	attempt_b071a65f6653e980369c	source_log_basename	75	c6913798e1abd1894ce661c442fd1e7b47224ed3a1d93ef98906bd62d9b1bc7a	hmf_coarse.tsv	346	UNIQUE	source_log_basename
b20:hmf_coarse:HMF:346:0	b20	hmf_coarse	HMF	346		F				0	NA	hmf_coarse.tsv	347	NOT_RUN	TARGET_BEFORE_F
b20:hmf_coarse:HMF:346:0	b20	hmf_coarse	HMF	346		H	H_b20_cov95v2_HMF_h17_H_p636	attempt_21f0aa6946f450a56526	source_log_basename	636	bfad6edf92d093987a1d944773f9d1d58f09cc4671cabcc399abdc1eb3121bc8	hmf_coarse.tsv	347	UNIQUE	source_log_basename
b20:hmf_coarse:HMF:346:0	b20	hmf_coarse	HMF	346		M	M_b20_cov95v2_HMF_h636_m010_p84	attempt_efacc3904dfc4c03b50c	source_log_basename	84	907a6babd6f2e30c3f8ebf4812e5b4b6ae75e4d4a31a2cb29ecf4473f465613b	hmf_coarse.tsv	347	UNIQUE	source_log_basename
b20:hmf_coarse:HMF:347:0	b20	hmf_coarse	HMF	347		F				0	NA	hmf_coarse.tsv	348	NOT_RUN	TARGET_BEFORE_F
b20:hmf_coarse:HMF:347:0	b20	hmf_coarse	HMF	347		H	H_b20_cov95v2_HMF_h17_H_p636	attempt_21f0aa6946f450a56526	source_log_basename	636	bfad6edf92d093987a1d944773f9d1d58f09cc4671cabcc399abdc1eb3121bc8	hmf_coarse.tsv	348	UNIQUE	source_log_basename
b20:hmf_coarse:HMF:347:0	b20	hmf_coarse	HMF	347		M	M_b20_cov95v2_HMF_h636_m011_p94	attempt_17d26bc73cc143aa7c48	source_log_basename	94	76b722a61ba143e86d4e70dc1f4909f541a5896f083bf40dcc64357c26aa33f1	hmf_coarse.tsv	348	UNIQUE	source_log_basename
b20:hmf_coarse:HMF:348:0	b20	hmf_coarse	HMF	348		F				0	NA	hmf_coarse.tsv	349	NOT_RUN	TARGET_BEFORE_F
b20:hmf_coarse:HMF:348:0	b20	hmf_coarse	HMF	348		H	H_b20_cov95v2_HMF_h17_H_p636	attempt_21f0aa6946f450a56526	source_log_basename	636	bfad6edf92d093987a1d944773f9d1d58f09cc4671cabcc399abdc1eb3121bc8	hmf_coarse.tsv	349	UNIQUE	source_log_basename
b20:hmf_coarse:HMF:348:0	b20	hmf_coarse	HMF	348		M	M_b20_cov95v2_HMF_h636_m012_p103	attempt_9ba1f804c913ed81294b	source_log_basename	103	c39db45524da009da43e7f0c83038d52a5a41064b5e85762ef9c6ec83e4d1ec5	hmf_coarse.tsv	349	UNIQUE	source_log_basename
b20:hmf_coarse:HMF:349:0	b20	hmf_coarse	HMF	349		F				0	NA	hmf_coarse.tsv	350	NOT_RUN	TARGET_BEFORE_F
b20:hmf_coarse:HMF:349:0	b20	hmf_coarse	HMF	349		H	H_b20_cov95v2_HMF_h17_H_p636	attempt_21f0aa6946f450a56526	source_log_basename	636	bfad6edf92d093987a1d944773f9d1d58f09cc4671cabcc399abdc1eb3121bc8	hmf_coarse.tsv	350	UNIQUE	source_log_basename
b20:hmf_coarse:HMF:349:0	b20	hmf_coarse	HMF	349		M	M_b20_cov95v2_HMF_h636_m013_p112	attempt_c4d5eba96bb1acd922b0	source_log_basename	112	35a378a194664b987d04799b3b45edb4a6062455a8caebc074d029da9930da3f	hmf_coarse.tsv	350	UNIQUE	source_log_basename
b20:hmf_coarse:HMF:34:0	b20	hmf_coarse	HMF	34		F				0	NA	hmf_coarse.tsv	35	NOT_RUN	TARGET_BEFORE_F
b20:hmf_coarse:HMF:34:0	b20	hmf_coarse	HMF	34		H	H_b20_cov95v2_HMF_h02_H_p40	attempt_0d54110b5a1bb0229f06	source_log_basename	40	eb2795dabafd038320b3ba057131d431a9f30ea9efa787eb5ace14e0f0831ca0	hmf_coarse.tsv	35	UNIQUE	source_log_basename
b20:hmf_coarse:HMF:34:0	b20	hmf_coarse	HMF	34		M	M_b20_cov95v2_HMF_h40_m013_p283	attempt_8d5b41069f72f6a02df4	source_log_basename	283	ca98f75e9516a342459540e289299f8b633ec643e6456fa442736384fbb746a6	hmf_coarse.tsv	35	UNIQUE	source_log_basename
b20:hmf_coarse:HMF:350:0	b20	hmf_coarse	HMF	350		F				0	NA	hmf_coarse.tsv	351	NOT_RUN	TARGET_BEFORE_F
b20:hmf_coarse:HMF:350:0	b20	hmf_coarse	HMF	350		H	H_b20_cov95v2_HMF_h17_H_p636	attempt_21f0aa6946f450a56526	source_log_basename	636	bfad6edf92d093987a1d944773f9d1d58f09cc4671cabcc399abdc1eb3121bc8	hmf_coarse.tsv	351	UNIQUE	source_log_basename
b20:hmf_coarse:HMF:350:0	b20	hmf_coarse	HMF	350		M	M_b20_cov95v2_HMF_h636_m014_p122	attempt_1918898e7c189d770c37	source_log_basename	122	c7c5d8347f61a9d35e7dac339c604d1cc7b641a92c25482477ab28010bdaa8db	hmf_coarse.tsv	351	UNIQUE	source_log_basename
b20:hmf_coarse:HMF:351:0	b20	hmf_coarse	HMF	351		F				0	NA	hmf_coarse.tsv	352	NOT_RUN	TARGET_BEFORE_F
b20:hmf_coarse:HMF:351:0	b20	hmf_coarse	HMF	351		H	H_b20_cov95v2_HMF_h17_H_p636	attempt_21f0aa6946f450a56526	source_log_basename	636	bfad6edf92d093987a1d944773f9d1d58f09cc4671cabcc399abdc1eb3121bc8	hmf_coarse.tsv	352	UNIQUE	source_log_basename
b20:hmf_coarse:HMF:351:0	b20	hmf_coarse	HMF	351		M	M_b20_cov95v2_HMF_h636_m015_p131	attempt_2ae64a76e0aa6b763bcc	source_log_basename	131	efa089e4e9b5a650069be58619a9ef0f2d5a4f676aec61fdb93bcf11e06789da	hmf_coarse.tsv	352	UNIQUE	source_log_basename
b20:hmf_coarse:HMF:352:0	b20	hmf_coarse	HMF	352		F				0	NA	hmf_coarse.tsv	353	NOT_RUN	TARGET_BEFORE_F
b20:hmf_coarse:HMF:352:0	b20	hmf_coarse	HMF	352		H	H_b20_cov95v2_HMF_h17_H_p636	attempt_21f0aa6946f450a56526	source_log_basename	636	bfad6edf92d093987a1d944773f9d1d58f09cc4671cabcc399abdc1eb3121bc8	hmf_coarse.tsv	353	UNIQUE	source_log_basename
b20:hmf_coarse:HMF:352:0	b20	hmf_coarse	HMF	352		M	M_b20_cov95v2_HMF_h636_m016_p140	attempt_15a0880d30a1ecff1c8f	source_log_basename	140	a96940be498383e0eb0b825eb0168d45b18e431b5a8cdb3ef499647af2ed339b	hmf_coarse.tsv	353	UNIQUE	source_log_basename
b20:hmf_coarse:HMF:353:0	b20	hmf_coarse	HMF	353		F				0	NA	hmf_coarse.tsv	354	NOT_RUN	TARGET_BEFORE_F
b20:hmf_coarse:HMF:353:0	b20	hmf_coarse	HMF	353		H	H_b20_cov95v2_HMF_h17_H_p636	attempt_21f0aa6946f450a56526	source_log_basename	636	bfad6edf92d093987a1d944773f9d1d58f09cc4671cabcc399abdc1eb3121bc8	hmf_coarse.tsv	354	UNIQUE	source_log_basename
b20:hmf_coarse:HMF:353:0	b20	hmf_coarse	HMF	353		M	M_b20_cov95v2_HMF_h636_m017_p150	attempt_bcc198e79e0aac6cdd44	source_log_basename	150	36e482d0682e66e1588dbdd8da898df1330ccaaa28e337a964fe39f44ec42c82	hmf_coarse.tsv	354	UNIQUE	source_log_basename
b20:hmf_coarse:HMF:354:0	b20	hmf_coarse	HMF	354		F				0	NA	hmf_coarse.tsv	355	NOT_RUN	TARGET_BEFORE_F
b20:hmf_coarse:HMF:354:0	b20	hmf_coarse	HMF	354		H	H_b20_cov95v2_HMF_h17_H_p636	attempt_21f0aa6946f450a56526	source_log_basename	636	bfad6edf92d093987a1d944773f9d1d58f09cc4671cabcc399abdc1eb3121bc8	hmf_coarse.tsv	355	UNIQUE	source_log_basename
b20:hmf_coarse:HMF:354:0	b20	hmf_coarse	HMF	354		M	M_b20_cov95v2_HMF_h636_m018_p159	attempt_b244e87115b7a1e8786f	source_log_basename	159	5cc9806bd954995b946bedee35e6af5f33a4fde4035929efe49c906b98690f5b	hmf_coarse.tsv	355	UNIQUE	source_log_basename
b20:hmf_coarse:HMF:355:0	b20	hmf_coarse	HMF	355		F				0	NA	hmf_coarse.tsv	356	NOT_RUN	TARGET_BEFORE_F
b20:hmf_coarse:HMF:355:0	b20	hmf_coarse	HMF	355		H	H_b20_cov95v2_HMF_h17_H_p636	attempt_21f0aa6946f450a56526	source_log_basename	636	bfad6edf92d093987a1d944773f9d1d58f09cc4671cabcc399abdc1eb3121bc8	hmf_coarse.tsv	356	UNIQUE	source_log_basename
b20:hmf_coarse:HMF:355:0	b20	hmf_coarse	HMF	355		M	M_b20_cov95v2_HMF_h636_m019_p168	attempt_364f9a2995b64069ca73	source_log_basename	166	9e661f11538235591cd95ae6b5fa5313fe48ed5c147fb0c2763e2afa1b2e5748	hmf_coarse.tsv	356	UNIQUE	source_log_basename
b20:hmf_coarse:HMF:356:0	b20	hmf_coarse	HMF	356		F				0	NA	hmf_coarse.tsv	357	NOT_RUN	TARGET_BEFORE_F
b20:hmf_coarse:HMF:356:0	b20	hmf_coarse	HMF	356		H	H_b20_cov95v2_HMF_h17_H_p636	attempt_21f0aa6946f450a56526	source_log_basename	636	bfad6edf92d093987a1d944773f9d1d58f09cc4671cabcc399abdc1eb3121bc8	hmf_coarse.tsv	357	UNIQUE	source_log_basename
b20:hmf_coarse:HMF:356:0	b20	hmf_coarse	HMF	356		M	M_b20_cov95v2_HMF_h636_m020_p178	attempt_a85df03ceed1478560c1	source_log_basename	174	c59b99146916e08060703616cea4e9774f2305ac01b572b2791e53494dd34e27	hmf_coarse.tsv	357	UNIQUE	source_log_basename
b20:hmf_coarse:HMF:357:0	b20	hmf_coarse	HMF	357		F				0	NA	hmf_coarse.tsv	358	NOT_RUN	TARGET_BEFORE_F
b20:hmf_coarse:HMF:357:0	b20	hmf_coarse	HMF	357		H	H_b20_cov95v2_HMF_h17_H_p636	attempt_21f0aa6946f450a56526	source_log_basename	636	bfad6edf92d093987a1d944773f9d1d58f09cc4671cabcc399abdc1eb3121bc8	hmf_coarse.tsv	358	UNIQUE	source_log_basename
b20:hmf_coarse:HMF:357:0	b20	hmf_coarse	HMF	357		M	M_b20_cov95v2_HMF_h636_Mfull	attempt_021fe427b1f1a1f019ab	source_log_basename	187	0545fc03a09c82982663eb3683abe7b18630128ed3896272e63ddbfc55d594f9	hmf_coarse.tsv	358	UNIQUE	source_log_basename
b20:hmf_coarse:HMF:358:0	b20	hmf_coarse	HMF	358		F	F_b20_cov95v2_HMF_h676_m1_F_p2	attempt_9653ccedf8678ff0acdb	source_log_basename	2	9c2cd4d94b64d776fe873385bdd7294e9c35e2d93dbec6d94bf5f98b16a1e3ed	hmf_coarse.tsv	359	UNIQUE	source_log_basename
b20:hmf_coarse:HMF:358:0	b20	hmf_coarse	HMF	358		H	H_b20_cov95v2_HMF_h18_H_p676	attempt_0a394b234cf2bbf4ac57	source_log_basename	676	f8a110d62382329deb4121b3673cbc8b870cf5ee9b51955f097b3aed69a624b6	hmf_coarse.tsv	359	UNIQUE	source_log_basename
b20:hmf_coarse:HMF:358:0	b20	hmf_coarse	HMF	358		M	M_b20_cov95v2_HMF_h676_m001_p1	attempt_ebf3e717834660d6f4a2	source_log_basename	1	0778f966251bafe28a77848dc740a164a0da003b8c6bb41c43c71ad986c2d23a	hmf_coarse.tsv	359	UNIQUE	source_log_basename
b20:hmf_coarse:HMF:359:0	b20	hmf_coarse	HMF	359		F				0	NA	hmf_coarse.tsv	360	NOT_RUN	TARGET_BEFORE_F
b20:hmf_coarse:HMF:359:0	b20	hmf_coarse	HMF	359		H	H_b20_cov95v2_HMF_h18_H_p676	attempt_0a394b234cf2bbf4ac57	source_log_basename	676	f8a110d62382329deb4121b3673cbc8b870cf5ee9b51955f097b3aed69a624b6	hmf_coarse.tsv	360	UNIQUE	source_log_basename
b20:hmf_coarse:HMF:359:0	b20	hmf_coarse	HMF	359		M	M_b20_cov95v2_HMF_h676_m002_p8	attempt_61be13c6ea57bf16981d	source_log_basename	8	5a30153f478d456479c465ba410c6a7791eaac627118250937aceb1a7c40a56e	hmf_coarse.tsv	360	UNIQUE	source_log_basename
b20:hmf_coarse:HMF:35:0	b20	hmf_coarse	HMF	35		F				0	NA	hmf_coarse.tsv	36	NOT_RUN	TARGET_BEFORE_F
b20:hmf_coarse:HMF:35:0	b20	hmf_coarse	HMF	35		H	H_b20_cov95v2_HMF_h02_H_p40	attempt_0d54110b5a1bb0229f06	source_log_basename	40	eb2795dabafd038320b3ba057131d431a9f30ea9efa787eb5ace14e0f0831ca0	hmf_coarse.tsv	36	UNIQUE	source_log_basename
b20:hmf_coarse:HMF:35:0	b20	hmf_coarse	HMF	35		M	M_b20_cov95v2_HMF_h40_m014_p306	attempt_436692058b2556e643c8	source_log_basename	306	16d0e43957ec7c0c7c3faf3944a5a7524c1fcc5e3ed7d5b8c8087811d968671d	hmf_coarse.tsv	36	UNIQUE	source_log_basename
b20:hmf_coarse:HMF:360:0	b20	hmf_coarse	HMF	360		F				0	NA	hmf_coarse.tsv	361	NOT_RUN	TARGET_BEFORE_F
b20:hmf_coarse:HMF:360:0	b20	hmf_coarse	HMF	360		H	H_b20_cov95v2_HMF_h18_H_p676	attempt_0a394b234cf2bbf4ac57	source_log_basename	676	f8a110d62382329deb4121b3673cbc8b870cf5ee9b51955f097b3aed69a624b6	hmf_coarse.tsv	361	UNIQUE	source_log_basename
b20:hmf_coarse:HMF:360:0	b20	hmf_coarse	HMF	360		M	M_b20_cov95v2_HMF_h676_m003_p16	attempt_ee9bc689a96eb07a0937	source_log_basename	16	c29e4c43b75d8efb98bc918c01b997697aca3ee041b4ac2e258a7cc5576d9e78	hmf_coarse.tsv	361	UNIQUE	source_log_basename
b20:hmf_coarse:HMF:361:0	b20	hmf_coarse	HMF	361		F				0	NA	hmf_coarse.tsv	362	NOT_RUN	TARGET_BEFORE_F
b20:hmf_coarse:HMF:361:0	b20	hmf_coarse	HMF	361		H	H_b20_cov95v2_HMF_h18_H_p676	attempt_0a394b234cf2bbf4ac57	source_log_basename	676	f8a110d62382329deb4121b3673cbc8b870cf5ee9b51955f097b3aed69a624b6	hmf_coarse.tsv	362	UNIQUE	source_log_basename
b20:hmf_coarse:HMF:361:0	b20	hmf_coarse	HMF	361		M	M_b20_cov95v2_HMF_h676_m004_p24	attempt_6d4553d30c4c2ddc2f27	source_log_basename	24	ac603dca555b65ce80ecc9ed9c46137e81c0a1bfcf0ae5e03ae44679bd54f3be	hmf_coarse.tsv	362	UNIQUE	source_log_basename
b20:hmf_coarse:HMF:362:0	b20	hmf_coarse	HMF	362		F				0	NA	hmf_coarse.tsv	363	NOT_RUN	TARGET_BEFORE_F
b20:hmf_coarse:HMF:362:0	b20	hmf_coarse	HMF	362		H	H_b20_cov95v2_HMF_h18_H_p676	attempt_0a394b234cf2bbf4ac57	source_log_basename	676	f8a110d62382329deb4121b3673cbc8b870cf5ee9b51955f097b3aed69a624b6	hmf_coarse.tsv	363	UNIQUE	source_log_basename
b20:hmf_coarse:HMF:362:0	b20	hmf_coarse	HMF	362		M	M_b20_cov95v2_HMF_h676_m005_p33	attempt_5e752870df811db8a231	source_log_basename	33	735b0ed9a2c72e8195eb7e6038d326ac985121a64a584df4fafd1f6f6818285f	hmf_coarse.tsv	363	UNIQUE	source_log_basename
b20:hmf_coarse:HMF:363:0	b20	hmf_coarse	HMF	363		F				0	NA	hmf_coarse.tsv	364	NOT_RUN	TARGET_BEFORE_F
b20:hmf_coarse:HMF:363:0	b20	hmf_coarse	HMF	363		H	H_b20_cov95v2_HMF_h18_H_p676	attempt_0a394b234cf2bbf4ac57	source_log_basename	676	f8a110d62382329deb4121b3673cbc8b870cf5ee9b51955f097b3aed69a624b6	hmf_coarse.tsv	364	UNIQUE	source_log_basename
b20:hmf_coarse:HMF:363:0	b20	hmf_coarse	HMF	363		M	M_b20_cov95v2_HMF_h676_m006_p41	attempt_72abb9380e7573785e40	source_log_basename	41	3a09fa7e68ecfdd755f0685be466cfb7f642645f96db6af9721df7f689e5a767	hmf_coarse.tsv	364	UNIQUE	source_log_basename
b20:hmf_coarse:HMF:364:0	b20	hmf_coarse	HMF	364		F				0	NA	hmf_coarse.tsv	365	NOT_RUN	TARGET_BEFORE_F
b20:hmf_coarse:HMF:364:0	b20	hmf_coarse	HMF	364		H	H_b20_cov95v2_HMF_h18_H_p676	attempt_0a394b234cf2bbf4ac57	source_log_basename	676	f8a110d62382329deb4121b3673cbc8b870cf5ee9b51955f097b3aed69a624b6	hmf_coarse.tsv	365	UNIQUE	source_log_basename
b20:hmf_coarse:HMF:364:0	b20	hmf_coarse	HMF	364		M	M_b20_cov95v2_HMF_h676_m007_p49	attempt_e0520e54ab039ed72c5f	source_log_basename	49	aef1faa4d1b38a10e9dee7c83d5015a2acbe558152022260b498a2f9ae3b5c03	hmf_coarse.tsv	365	UNIQUE	source_log_basename
b20:hmf_coarse:HMF:365:0	b20	hmf_coarse	HMF	365		F				0	NA	hmf_coarse.tsv	366	NOT_RUN	TARGET_BEFORE_F
b20:hmf_coarse:HMF:365:0	b20	hmf_coarse	HMF	365		H	H_b20_cov95v2_HMF_h18_H_p676	attempt_0a394b234cf2bbf4ac57	source_log_basename	676	f8a110d62382329deb4121b3673cbc8b870cf5ee9b51955f097b3aed69a624b6	hmf_coarse.tsv	366	UNIQUE	source_log_basename
b20:hmf_coarse:HMF:365:0	b20	hmf_coarse	HMF	365		M	M_b20_cov95v2_HMF_h676_m008_p57	attempt_6a5ec864fc31fcf8d776	source_log_basename	57	a79fc4c9930ddc0e814f65d02a38d86b04ad1fd9387a71f50c64a7a07f47dc4a	hmf_coarse.tsv	366	UNIQUE	source_log_basename
b20:hmf_coarse:HMF:366:0	b20	hmf_coarse	HMF	366		F				0	NA	hmf_coarse.tsv	367	NOT_RUN	TARGET_BEFORE_F
b20:hmf_coarse:HMF:366:0	b20	hmf_coarse	HMF	366		H	H_b20_cov95v2_HMF_h18_H_p676	attempt_0a394b234cf2bbf4ac57	source_log_basename	676	f8a110d62382329deb4121b3673cbc8b870cf5ee9b51955f097b3aed69a624b6	hmf_coarse.tsv	367	UNIQUE	source_log_basename
b20:hmf_coarse:HMF:366:0	b20	hmf_coarse	HMF	366		M	M_b20_cov95v2_HMF_h676_m009_p65	attempt_8ebd30e6351f8edcda77	source_log_basename	65	89df6a8b6726f1d13672442ceb0dae1f60e69885f986d0ac79ff9d208cee4d6a	hmf_coarse.tsv	367	UNIQUE	source_log_basename
b20:hmf_coarse:HMF:367:0	b20	hmf_coarse	HMF	367		F				0	NA	hmf_coarse.tsv	368	NOT_RUN	TARGET_BEFORE_F
b20:hmf_coarse:HMF:367:0	b20	hmf_coarse	HMF	367		H	H_b20_cov95v2_HMF_h18_H_p676	attempt_0a394b234cf2bbf4ac57	source_log_basename	676	f8a110d62382329deb4121b3673cbc8b870cf5ee9b51955f097b3aed69a624b6	hmf_coarse.tsv	368	UNIQUE	source_log_basename
b20:hmf_coarse:HMF:367:0	b20	hmf_coarse	HMF	367		M	M_b20_cov95v2_HMF_h676_m010_p73	attempt_fd62710ed15e8b4067eb	source_log_basename	73	7336515eb64594a89463486ddbf2b4809ff839bc542718dcd1ae64d2a4e5fc44	hmf_coarse.tsv	368	UNIQUE	source_log_basename
b20:hmf_coarse:HMF:368:0	b20	hmf_coarse	HMF	368		F				0	NA	hmf_coarse.tsv	369	NOT_RUN	TARGET_BEFORE_F
b20:hmf_coarse:HMF:368:0	b20	hmf_coarse	HMF	368		H	H_b20_cov95v2_HMF_h18_H_p676	attempt_0a394b234cf2bbf4ac57	source_log_basename	676	f8a110d62382329deb4121b3673cbc8b870cf5ee9b51955f097b3aed69a624b6	hmf_coarse.tsv	369	UNIQUE	source_log_basename
b20:hmf_coarse:HMF:368:0	b20	hmf_coarse	HMF	368		M	M_b20_cov95v2_HMF_h676_m011_p82	attempt_aa77d5b83c881442b1ec	source_log_basename	82	860d27b3429bd200c1a846e8f27098603314797806f9d3b172a829aa1e4421be	hmf_coarse.tsv	369	UNIQUE	source_log_basename
b20:hmf_coarse:HMF:369:0	b20	hmf_coarse	HMF	369		F				0	NA	hmf_coarse.tsv	370	NOT_RUN	TARGET_BEFORE_F
b20:hmf_coarse:HMF:369:0	b20	hmf_coarse	HMF	369		H	H_b20_cov95v2_HMF_h18_H_p676	attempt_0a394b234cf2bbf4ac57	source_log_basename	676	f8a110d62382329deb4121b3673cbc8b870cf5ee9b51955f097b3aed69a624b6	hmf_coarse.tsv	370	UNIQUE	source_log_basename
b20:hmf_coarse:HMF:369:0	b20	hmf_coarse	HMF	369		M	M_b20_cov95v2_HMF_h676_m012_p90	attempt_9ae712808199d964b724	source_log_basename	90	cd64203537c4f36cfd53426f74c439ebcbd4c9bb6b88ce680daa207bb338b621	hmf_coarse.tsv	370	UNIQUE	source_log_basename
b20:hmf_coarse:HMF:36:0	b20	hmf_coarse	HMF	36		F				0	NA	hmf_coarse.tsv	37	NOT_RUN	TARGET_BEFORE_F
b20:hmf_coarse:HMF:36:0	b20	hmf_coarse	HMF	36		H	H_b20_cov95v2_HMF_h02_H_p40	attempt_0d54110b5a1bb0229f06	source_log_basename	40	eb2795dabafd038320b3ba057131d431a9f30ea9efa787eb5ace14e0f0831ca0	hmf_coarse.tsv	37	UNIQUE	source_log_basename
b20:hmf_coarse:HMF:36:0	b20	hmf_coarse	HMF	36		M	M_b20_cov95v2_HMF_h40_m015_p330	attempt_ba0aa441efea9442af17	source_log_basename	330	121e02cfa0710bbf52a606ac8225d009c7c6803049420bbbc30bce9b8a76eb35	hmf_coarse.tsv	37	UNIQUE	source_log_basename
b20:hmf_coarse:HMF:370:0	b20	hmf_coarse	HMF	370		F				0	NA	hmf_coarse.tsv	371	NOT_RUN	TARGET_BEFORE_F
b20:hmf_coarse:HMF:370:0	b20	hmf_coarse	HMF	370		H	H_b20_cov95v2_HMF_h18_H_p676	attempt_0a394b234cf2bbf4ac57	source_log_basename	676	f8a110d62382329deb4121b3673cbc8b870cf5ee9b51955f097b3aed69a624b6	hmf_coarse.tsv	371	UNIQUE	source_log_basename
b20:hmf_coarse:HMF:370:0	b20	hmf_coarse	HMF	370		M	M_b20_cov95v2_HMF_h676_m013_p98	attempt_f136480300ce1cd25250	source_log_basename	98	db8139cd3cc6cb1f75779dd516b749ec546b5996a2cb4dc7ff797cbd2856f244	hmf_coarse.tsv	371	UNIQUE	source_log_basename
b20:hmf_coarse:HMF:371:0	b20	hmf_coarse	HMF	371		F				0	NA	hmf_coarse.tsv	372	NOT_RUN	TARGET_BEFORE_F
b20:hmf_coarse:HMF:371:0	b20	hmf_coarse	HMF	371		H	H_b20_cov95v2_HMF_h18_H_p676	attempt_0a394b234cf2bbf4ac57	source_log_basename	676	f8a110d62382329deb4121b3673cbc8b870cf5ee9b51955f097b3aed69a624b6	hmf_coarse.tsv	372	UNIQUE	source_log_basename
b20:hmf_coarse:HMF:371:0	b20	hmf_coarse	HMF	371		M	M_b20_cov95v2_HMF_h676_m014_p106	attempt_b0a89faa31b17eae7047	source_log_basename	106	382d31dbdacc9122ad56d5ac7ac4e5505f3c39a5565575dc0e85bb72328b406b	hmf_coarse.tsv	372	UNIQUE	source_log_basename
b20:hmf_coarse:HMF:372:0	b20	hmf_coarse	HMF	372		F				0	NA	hmf_coarse.tsv	373	NOT_RUN	TARGET_BEFORE_F
b20:hmf_coarse:HMF:372:0	b20	hmf_coarse	HMF	372		H	H_b20_cov95v2_HMF_h18_H_p676	attempt_0a394b234cf2bbf4ac57	source_log_basename	676	f8a110d62382329deb4121b3673cbc8b870cf5ee9b51955f097b3aed69a624b6	hmf_coarse.tsv	373	UNIQUE	source_log_basename
b20:hmf_coarse:HMF:372:0	b20	hmf_coarse	HMF	372		M	M_b20_cov95v2_HMF_h676_m015_p114	attempt_5e09f3475dc2de6ce7e9	source_log_basename	114	9479bef25b59f166fde880b9c59039f043380bf475f605e57407d0310e9eac9b	hmf_coarse.tsv	373	UNIQUE	source_log_basename
b20:hmf_coarse:HMF:373:0	b20	hmf_coarse	HMF	373		F				0	NA	hmf_coarse.tsv	374	NOT_RUN	TARGET_BEFORE_F
b20:hmf_coarse:HMF:373:0	b20	hmf_coarse	HMF	373		H	H_b20_cov95v2_HMF_h18_H_p676	attempt_0a394b234cf2bbf4ac57	source_log_basename	676	f8a110d62382329deb4121b3673cbc8b870cf5ee9b51955f097b3aed69a624b6	hmf_coarse.tsv	374	UNIQUE	source_log_basename
b20:hmf_coarse:HMF:373:0	b20	hmf_coarse	HMF	373		M	M_b20_cov95v2_HMF_h676_m016_p122	attempt_0ddf393d28236667e6b8	source_log_basename	122	a73d63faee2318555bbe8e2f80f0aa5759374b499147450fd6f60e304e688c98	hmf_coarse.tsv	374	UNIQUE	source_log_basename
b20:hmf_coarse:HMF:374:0	b20	hmf_coarse	HMF	374		F				0	NA	hmf_coarse.tsv	375	NOT_RUN	TARGET_BEFORE_F
b20:hmf_coarse:HMF:374:0	b20	hmf_coarse	HMF	374		H	H_b20_cov95v2_HMF_h18_H_p676	attempt_0a394b234cf2bbf4ac57	source_log_basename	676	f8a110d62382329deb4121b3673cbc8b870cf5ee9b51955f097b3aed69a624b6	hmf_coarse.tsv	375	UNIQUE	source_log_basename
b20:hmf_coarse:HMF:374:0	b20	hmf_coarse	HMF	374		M	M_b20_cov95v2_HMF_h676_m017_p130	attempt_8c91cc9786d38b974d22	source_log_basename	130	d2b7f2022d202df968b90749b954c2dd89d3592cb43757849422b5dc944a5ffc	hmf_coarse.tsv	375	UNIQUE	source_log_basename
b20:hmf_coarse:HMF:375:0	b20	hmf_coarse	HMF	375		F				0	NA	hmf_coarse.tsv	376	NOT_RUN	TARGET_BEFORE_F
b20:hmf_coarse:HMF:375:0	b20	hmf_coarse	HMF	375		H	H_b20_cov95v2_HMF_h18_H_p676	attempt_0a394b234cf2bbf4ac57	source_log_basename	676	f8a110d62382329deb4121b3673cbc8b870cf5ee9b51955f097b3aed69a624b6	hmf_coarse.tsv	376	UNIQUE	source_log_basename
b20:hmf_coarse:HMF:375:0	b20	hmf_coarse	HMF	375		M	M_b20_cov95v2_HMF_h676_m018_p139	attempt_8b36c34e61f63b504b46	source_log_basename	139	a2bee0032ddd0041d18543aa6064f84bc42b761cbc9120662de4f69e112572e6	hmf_coarse.tsv	376	UNIQUE	source_log_basename
b20:hmf_coarse:HMF:376:0	b20	hmf_coarse	HMF	376		F				0	NA	hmf_coarse.tsv	377	NOT_RUN	TARGET_BEFORE_F
b20:hmf_coarse:HMF:376:0	b20	hmf_coarse	HMF	376		H	H_b20_cov95v2_HMF_h18_H_p676	attempt_0a394b234cf2bbf4ac57	source_log_basename	676	f8a110d62382329deb4121b3673cbc8b870cf5ee9b51955f097b3aed69a624b6	hmf_coarse.tsv	377	UNIQUE	source_log_basename
b20:hmf_coarse:HMF:376:0	b20	hmf_coarse	HMF	376		M	M_b20_cov95v2_HMF_h676_m019_p147	attempt_4c3fc45f921431c27d59	source_log_basename	147	f4fad617d7b84b172ac73905ba334932e0479ab82ef89716ca0861af47eeb56a	hmf_coarse.tsv	377	UNIQUE	source_log_basename
b20:hmf_coarse:HMF:377:0	b20	hmf_coarse	HMF	377		F				0	NA	hmf_coarse.tsv	378	NOT_RUN	TARGET_BEFORE_F
b20:hmf_coarse:HMF:377:0	b20	hmf_coarse	HMF	377		H	H_b20_cov95v2_HMF_h18_H_p676	attempt_0a394b234cf2bbf4ac57	source_log_basename	676	f8a110d62382329deb4121b3673cbc8b870cf5ee9b51955f097b3aed69a624b6	hmf_coarse.tsv	378	UNIQUE	source_log_basename
b20:hmf_coarse:HMF:377:0	b20	hmf_coarse	HMF	377		M	M_b20_cov95v2_HMF_h676_m020_p155	attempt_a0b05cad278ea0c9c8b3	source_log_basename	154	770569b1bd0fe528e18e523f74bfba86699bc0a7e915b3797e36913fc0a47457	hmf_coarse.tsv	378	UNIQUE	source_log_basename
b20:hmf_coarse:HMF:378:0	b20	hmf_coarse	HMF	378		F				0	NA	hmf_coarse.tsv	379	NOT_RUN	TARGET_BEFORE_F
b20:hmf_coarse:HMF:378:0	b20	hmf_coarse	HMF	378		H	H_b20_cov95v2_HMF_h18_H_p676	attempt_0a394b234cf2bbf4ac57	source_log_basename	676	f8a110d62382329deb4121b3673cbc8b870cf5ee9b51955f097b3aed69a624b6	hmf_coarse.tsv	379	UNIQUE	source_log_basename
b20:hmf_coarse:HMF:378:0	b20	hmf_coarse	HMF	378		M	M_b20_cov95v2_HMF_h676_Mfull	attempt_e1d32088f0285f5b5341	source_log_basename	163	0545fc03a09c82982663eb3683abe7b18630128ed3896272e63ddbfc55d594f9	hmf_coarse.tsv	379	UNIQUE	source_log_basename
b20:hmf_coarse:HMF:379:0	b20	hmf_coarse	HMF	379		F	F_b20_cov95v2_HMF_h716_m1_F_p2	attempt_0c745c900d3c5f06d028	source_log_basename	2	9d57f6c7a09b9b0051dfa10eac2c73aed102bb5f7c84dc786fe2873b10214976	hmf_coarse.tsv	380	UNIQUE	source_log_basename
b20:hmf_coarse:HMF:379:0	b20	hmf_coarse	HMF	379		H	H_b20_cov95v2_HMF_h19_H_p716	attempt_ad5d755bd75dbcaed85a	source_log_basename	716	25864adbdaf06b05aa676e9d7d9353888056962b5e4886c7e3ade2154ce09de1	hmf_coarse.tsv	380	UNIQUE	source_log_basename
b20:hmf_coarse:HMF:379:0	b20	hmf_coarse	HMF	379		M	M_b20_cov95v2_HMF_h716_m001_p1	attempt_c7ec0cc8edfbb6c3c179	source_log_basename	1	3e7cde38bb41cf57ae4f8831e5a005628062bc1dc1397f2aece00c1cb91497a2	hmf_coarse.tsv	380	UNIQUE	source_log_basename
b20:hmf_coarse:HMF:37:0	b20	hmf_coarse	HMF	37		F				0	NA	hmf_coarse.tsv	38	NOT_RUN	TARGET_BEFORE_F
b20:hmf_coarse:HMF:37:0	b20	hmf_coarse	HMF	37		H	H_b20_cov95v2_HMF_h02_H_p40	attempt_0d54110b5a1bb0229f06	source_log_basename	40	eb2795dabafd038320b3ba057131d431a9f30ea9efa787eb5ace14e0f0831ca0	hmf_coarse.tsv	38	UNIQUE	source_log_basename
b20:hmf_coarse:HMF:37:0	b20	hmf_coarse	HMF	37		M	M_b20_cov95v2_HMF_h40_m016_p353	attempt_5945621f06c052d82de4	source_log_basename	353	e94631de218002eb9364a86b67c48cdb7d6736ff1312634ef5f7f3350d3ce879	hmf_coarse.tsv	38	UNIQUE	source_log_basename
b20:hmf_coarse:HMF:380:0	b20	hmf_coarse	HMF	380		F				0	NA	hmf_coarse.tsv	381	NOT_RUN	TARGET_BEFORE_F
b20:hmf_coarse:HMF:380:0	b20	hmf_coarse	HMF	380		H	H_b20_cov95v2_HMF_h19_H_p716	attempt_ad5d755bd75dbcaed85a	source_log_basename	716	25864adbdaf06b05aa676e9d7d9353888056962b5e4886c7e3ade2154ce09de1	hmf_coarse.tsv	381	UNIQUE	source_log_basename
b20:hmf_coarse:HMF:380:0	b20	hmf_coarse	HMF	380		M	M_b20_cov95v2_HMF_h716_m002_p8	attempt_5b6ac0e647daf04ea06e	source_log_basename	8	1189a533c5b0abdf17e53d9228c950cf5f5143ae92cfccbeb2311fc72b8dd1ad	hmf_coarse.tsv	381	UNIQUE	source_log_basename
b20:hmf_coarse:HMF:381:0	b20	hmf_coarse	HMF	381		F				0	NA	hmf_coarse.tsv	382	NOT_RUN	TARGET_BEFORE_F
b20:hmf_coarse:HMF:381:0	b20	hmf_coarse	HMF	381		H	H_b20_cov95v2_HMF_h19_H_p716	attempt_ad5d755bd75dbcaed85a	source_log_basename	716	25864adbdaf06b05aa676e9d7d9353888056962b5e4886c7e3ade2154ce09de1	hmf_coarse.tsv	382	UNIQUE	source_log_basename
b20:hmf_coarse:HMF:381:0	b20	hmf_coarse	HMF	381		M	M_b20_cov95v2_HMF_h716_m003_p15	attempt_5b17380e35704f07a01b	source_log_basename	15	7c2d423027607a70c06bc327bbbeb8dc4ad5f04b723b34cd3e1490348a20cd47	hmf_coarse.tsv	382	UNIQUE	source_log_basename
b20:hmf_coarse:HMF:382:0	b20	hmf_coarse	HMF	382		F				0	NA	hmf_coarse.tsv	383	NOT_RUN	TARGET_BEFORE_F
b20:hmf_coarse:HMF:382:0	b20	hmf_coarse	HMF	382		H	H_b20_cov95v2_HMF_h19_H_p716	attempt_ad5d755bd75dbcaed85a	source_log_basename	716	25864adbdaf06b05aa676e9d7d9353888056962b5e4886c7e3ade2154ce09de1	hmf_coarse.tsv	383	UNIQUE	source_log_basename
b20:hmf_coarse:HMF:382:0	b20	hmf_coarse	HMF	382		M	M_b20_cov95v2_HMF_h716_m004_p23	attempt_576c6ed82fbea2ee9c5a	source_log_basename	23	b32a065f633b9340b3000954931e43942b9d808bc19308cc80e66e461ee2d803	hmf_coarse.tsv	383	UNIQUE	source_log_basename
b20:hmf_coarse:HMF:383:0	b20	hmf_coarse	HMF	383		F				0	NA	hmf_coarse.tsv	384	NOT_RUN	TARGET_BEFORE_F
b20:hmf_coarse:HMF:383:0	b20	hmf_coarse	HMF	383		H	H_b20_cov95v2_HMF_h19_H_p716	attempt_ad5d755bd75dbcaed85a	source_log_basename	716	25864adbdaf06b05aa676e9d7d9353888056962b5e4886c7e3ade2154ce09de1	hmf_coarse.tsv	384	UNIQUE	source_log_basename
b20:hmf_coarse:HMF:383:0	b20	hmf_coarse	HMF	383		M	M_b20_cov95v2_HMF_h716_m005_p30	attempt_241513ded22bbb429846	source_log_basename	30	53e8cde9d21c831a1d8d110ea58fcb86add966841bff380ebcfa97a599605aae	hmf_coarse.tsv	384	UNIQUE	source_log_basename
b20:hmf_coarse:HMF:384:0	b20	hmf_coarse	HMF	384		F				0	NA	hmf_coarse.tsv	385	NOT_RUN	TARGET_BEFORE_F
b20:hmf_coarse:HMF:384:0	b20	hmf_coarse	HMF	384		H	H_b20_cov95v2_HMF_h19_H_p716	attempt_ad5d755bd75dbcaed85a	source_log_basename	716	25864adbdaf06b05aa676e9d7d9353888056962b5e4886c7e3ade2154ce09de1	hmf_coarse.tsv	385	UNIQUE	source_log_basename
b20:hmf_coarse:HMF:384:0	b20	hmf_coarse	HMF	384		M	M_b20_cov95v2_HMF_h716_m006_p38	attempt_a1c65b5f35c0891a82d4	source_log_basename	38	6d20c27c7258d8e55f825e6bb6e05ad438d3c6d5adb5e8f5349abfa31d236c12	hmf_coarse.tsv	385	UNIQUE	source_log_basename
b20:hmf_coarse:HMF:385:0	b20	hmf_coarse	HMF	385		F				0	NA	hmf_coarse.tsv	386	NOT_RUN	TARGET_BEFORE_F
b20:hmf_coarse:HMF:385:0	b20	hmf_coarse	HMF	385		H	H_b20_cov95v2_HMF_h19_H_p716	attempt_ad5d755bd75dbcaed85a	source_log_basename	716	25864adbdaf06b05aa676e9d7d9353888056962b5e4886c7e3ade2154ce09de1	hmf_coarse.tsv	386	UNIQUE	source_log_basename
b20:hmf_coarse:HMF:385:0	b20	hmf_coarse	HMF	385		M	M_b20_cov95v2_HMF_h716_m007_p45	attempt_adb2bdf0caad329e59c3	source_log_basename	45	f974d38bd893b1796c71cc6c74f8edad93c307af2ab73dacd768d61227b90e48	hmf_coarse.tsv	386	UNIQUE	source_log_basename
b20:hmf_coarse:HMF:386:0	b20	hmf_coarse	HMF	386		F				0	NA	hmf_coarse.tsv	387	NOT_RUN	TARGET_BEFORE_F
b20:hmf_coarse:HMF:386:0	b20	hmf_coarse	HMF	386		H	H_b20_cov95v2_HMF_h19_H_p716	attempt_ad5d755bd75dbcaed85a	source_log_basename	716	25864adbdaf06b05aa676e9d7d9353888056962b5e4886c7e3ade2154ce09de1	hmf_coarse.tsv	387	UNIQUE	source_log_basename
b20:hmf_coarse:HMF:386:0	b20	hmf_coarse	HMF	386		M	M_b20_cov95v2_HMF_h716_m008_p53	attempt_73702e02d0e2e67f3959	source_log_basename	53	257a67a6325bbea108fc445bdebfacabc20f1fcc4a731866ba029c3dd6f0ffe0	hmf_coarse.tsv	387	UNIQUE	source_log_basename
b20:hmf_coarse:HMF:387:0	b20	hmf_coarse	HMF	387		F				0	NA	hmf_coarse.tsv	388	NOT_RUN	TARGET_BEFORE_F
b20:hmf_coarse:HMF:387:0	b20	hmf_coarse	HMF	387		H	H_b20_cov95v2_HMF_h19_H_p716	attempt_ad5d755bd75dbcaed85a	source_log_basename	716	25864adbdaf06b05aa676e9d7d9353888056962b5e4886c7e3ade2154ce09de1	hmf_coarse.tsv	388	UNIQUE	source_log_basename
b20:hmf_coarse:HMF:387:0	b20	hmf_coarse	HMF	387		M	M_b20_cov95v2_HMF_h716_m009_p60	attempt_ed8675987936c1f465ae	source_log_basename	60	8a8086c37a759340642c1f5719b3afb900b149f048c186f248676eff82bad5e5	hmf_coarse.tsv	388	UNIQUE	source_log_basename
b20:hmf_coarse:HMF:388:0	b20	hmf_coarse	HMF	388		F				0	NA	hmf_coarse.tsv	389	NOT_RUN	TARGET_BEFORE_F
b20:hmf_coarse:HMF:388:0	b20	hmf_coarse	HMF	388		H	H_b20_cov95v2_HMF_h19_H_p716	attempt_ad5d755bd75dbcaed85a	source_log_basename	716	25864adbdaf06b05aa676e9d7d9353888056962b5e4886c7e3ade2154ce09de1	hmf_coarse.tsv	389	UNIQUE	source_log_basename
b20:hmf_coarse:HMF:388:0	b20	hmf_coarse	HMF	388		M	M_b20_cov95v2_HMF_h716_m010_p68	attempt_99554a15fa910aff2f49	source_log_basename	68	1e8b540f67ed68bae32522c6b554a170c8701c3060f99db6cd89738f3992fb6c	hmf_coarse.tsv	389	UNIQUE	source_log_basename
b20:hmf_coarse:HMF:389:0	b20	hmf_coarse	HMF	389		F				0	NA	hmf_coarse.tsv	390	NOT_RUN	TARGET_BEFORE_F
b20:hmf_coarse:HMF:389:0	b20	hmf_coarse	HMF	389		H	H_b20_cov95v2_HMF_h19_H_p716	attempt_ad5d755bd75dbcaed85a	source_log_basename	716	25864adbdaf06b05aa676e9d7d9353888056962b5e4886c7e3ade2154ce09de1	hmf_coarse.tsv	390	UNIQUE	source_log_basename
b20:hmf_coarse:HMF:389:0	b20	hmf_coarse	HMF	389		M	M_b20_cov95v2_HMF_h716_m011_p75	attempt_4e4d493e751915d44f28	source_log_basename	75	00623476a1a7437d70a5f89c0288411572c01a0713ee59607d530517c148ef2d	hmf_coarse.tsv	390	UNIQUE	source_log_basename
b20:hmf_coarse:HMF:38:0	b20	hmf_coarse	HMF	38		F				0	NA	hmf_coarse.tsv	39	NOT_RUN	TARGET_BEFORE_F
b20:hmf_coarse:HMF:38:0	b20	hmf_coarse	HMF	38		H	H_b20_cov95v2_HMF_h02_H_p40	attempt_0d54110b5a1bb0229f06	source_log_basename	40	eb2795dabafd038320b3ba057131d431a9f30ea9efa787eb5ace14e0f0831ca0	hmf_coarse.tsv	39	UNIQUE	source_log_basename
b20:hmf_coarse:HMF:38:0	b20	hmf_coarse	HMF	38		M	M_b20_cov95v2_HMF_h40_m017_p377	attempt_b0a33a8a17c794c0a88b	source_log_basename	377	398b175676a884d6e0ffeab246c3f8f44f5528b782a518d51821f55e2f8c9f81	hmf_coarse.tsv	39	UNIQUE	source_log_basename
b20:hmf_coarse:HMF:390:0	b20	hmf_coarse	HMF	390		F				0	NA	hmf_coarse.tsv	391	NOT_RUN	TARGET_BEFORE_F
b20:hmf_coarse:HMF:390:0	b20	hmf_coarse	HMF	390		H	H_b20_cov95v2_HMF_h19_H_p716	attempt_ad5d755bd75dbcaed85a	source_log_basename	716	25864adbdaf06b05aa676e9d7d9353888056962b5e4886c7e3ade2154ce09de1	hmf_coarse.tsv	391	UNIQUE	source_log_basename
b20:hmf_coarse:HMF:390:0	b20	hmf_coarse	HMF	390		M	M_b20_cov95v2_HMF_h716_m012_p83	attempt_d1b600688d6b8b766c7a	source_log_basename	83	8d70276426c064afa3a9fc1ffe6af6259bddf219f01fe0108b44336f71d6c5ab	hmf_coarse.tsv	391	UNIQUE	source_log_basename
b20:hmf_coarse:HMF:391:0	b20	hmf_coarse	HMF	391		F				0	NA	hmf_coarse.tsv	392	NOT_RUN	TARGET_BEFORE_F
b20:hmf_coarse:HMF:391:0	b20	hmf_coarse	HMF	391		H	H_b20_cov95v2_HMF_h19_H_p716	attempt_ad5d755bd75dbcaed85a	source_log_basename	716	25864adbdaf06b05aa676e9d7d9353888056962b5e4886c7e3ade2154ce09de1	hmf_coarse.tsv	392	UNIQUE	source_log_basename
b20:hmf_coarse:HMF:391:0	b20	hmf_coarse	HMF	391		M	M_b20_cov95v2_HMF_h716_m013_p90	attempt_6572d81318b59993eb3a	source_log_basename	90	17601e34d328896c861371c8c9ec47ed0ebde8f864ac739e29e6a8e98f7f9a03	hmf_coarse.tsv	392	UNIQUE	source_log_basename
b20:hmf_coarse:HMF:392:0	b20	hmf_coarse	HMF	392		F				0	NA	hmf_coarse.tsv	393	NOT_RUN	TARGET_BEFORE_F
b20:hmf_coarse:HMF:392:0	b20	hmf_coarse	HMF	392		H	H_b20_cov95v2_HMF_h19_H_p716	attempt_ad5d755bd75dbcaed85a	source_log_basename	716	25864adbdaf06b05aa676e9d7d9353888056962b5e4886c7e3ade2154ce09de1	hmf_coarse.tsv	393	UNIQUE	source_log_basename
b20:hmf_coarse:HMF:392:0	b20	hmf_coarse	HMF	392		M	M_b20_cov95v2_HMF_h716_m014_p98	attempt_9ae513c72f163ec3f1ff	source_log_basename	98	12ae541d3f08d3baff89a08185b4c96d8d4b6fb3d01f8cca95a04614b9f7c93f	hmf_coarse.tsv	393	UNIQUE	source_log_basename
b20:hmf_coarse:HMF:393:0	b20	hmf_coarse	HMF	393		F				0	NA	hmf_coarse.tsv	394	NOT_RUN	TARGET_BEFORE_F
b20:hmf_coarse:HMF:393:0	b20	hmf_coarse	HMF	393		H	H_b20_cov95v2_HMF_h19_H_p716	attempt_ad5d755bd75dbcaed85a	source_log_basename	716	25864adbdaf06b05aa676e9d7d9353888056962b5e4886c7e3ade2154ce09de1	hmf_coarse.tsv	394	UNIQUE	source_log_basename
b20:hmf_coarse:HMF:393:0	b20	hmf_coarse	HMF	393		M	M_b20_cov95v2_HMF_h716_m015_p105	attempt_7002940e3bf94392a2bf	source_log_basename	105	d50620f6645d4c54582e04a0d12c33da77b0e9e53386854c947222db802ebbca	hmf_coarse.tsv	394	UNIQUE	source_log_basename
b20:hmf_coarse:HMF:394:0	b20	hmf_coarse	HMF	394		F				0	NA	hmf_coarse.tsv	395	NOT_RUN	TARGET_BEFORE_F
b20:hmf_coarse:HMF:394:0	b20	hmf_coarse	HMF	394		H	H_b20_cov95v2_HMF_h19_H_p716	attempt_ad5d755bd75dbcaed85a	source_log_basename	716	25864adbdaf06b05aa676e9d7d9353888056962b5e4886c7e3ade2154ce09de1	hmf_coarse.tsv	395	UNIQUE	source_log_basename
b20:hmf_coarse:HMF:394:0	b20	hmf_coarse	HMF	394		M	M_b20_cov95v2_HMF_h716_m016_p113	attempt_1d9886cd89d6fa7a4197	source_log_basename	113	fed853a82ba9fa7891ae0bbcd2e3af533a4c16b2471bcce11c85e665dc1afc44	hmf_coarse.tsv	395	UNIQUE	source_log_basename
b20:hmf_coarse:HMF:395:0	b20	hmf_coarse	HMF	395		F				0	NA	hmf_coarse.tsv	396	NOT_RUN	TARGET_BEFORE_F
b20:hmf_coarse:HMF:395:0	b20	hmf_coarse	HMF	395		H	H_b20_cov95v2_HMF_h19_H_p716	attempt_ad5d755bd75dbcaed85a	source_log_basename	716	25864adbdaf06b05aa676e9d7d9353888056962b5e4886c7e3ade2154ce09de1	hmf_coarse.tsv	396	UNIQUE	source_log_basename
b20:hmf_coarse:HMF:395:0	b20	hmf_coarse	HMF	395		M	M_b20_cov95v2_HMF_h716_m017_p120	attempt_471ae1aebe60d30cc061	source_log_basename	120	94a5d383f645a59e77898a467142d00218216b34f06a7057f88e74bd8036bb77	hmf_coarse.tsv	396	UNIQUE	source_log_basename
b20:hmf_coarse:HMF:396:0	b20	hmf_coarse	HMF	396		F				0	NA	hmf_coarse.tsv	397	NOT_RUN	TARGET_BEFORE_F
b20:hmf_coarse:HMF:396:0	b20	hmf_coarse	HMF	396		H	H_b20_cov95v2_HMF_h19_H_p716	attempt_ad5d755bd75dbcaed85a	source_log_basename	716	25864adbdaf06b05aa676e9d7d9353888056962b5e4886c7e3ade2154ce09de1	hmf_coarse.tsv	397	UNIQUE	source_log_basename
b20:hmf_coarse:HMF:396:0	b20	hmf_coarse	HMF	396		M	M_b20_cov95v2_HMF_h716_m018_p128	attempt_2621cd1eaff1ef4515bb	source_log_basename	128	fc23a6ed282501c71fcb57444a19b7f332ee107a31d08acb899453d2cfe14015	hmf_coarse.tsv	397	UNIQUE	source_log_basename
b20:hmf_coarse:HMF:397:0	b20	hmf_coarse	HMF	397		F				0	NA	hmf_coarse.tsv	398	NOT_RUN	TARGET_BEFORE_F
b20:hmf_coarse:HMF:397:0	b20	hmf_coarse	HMF	397		H	H_b20_cov95v2_HMF_h19_H_p716	attempt_ad5d755bd75dbcaed85a	source_log_basename	716	25864adbdaf06b05aa676e9d7d9353888056962b5e4886c7e3ade2154ce09de1	hmf_coarse.tsv	398	UNIQUE	source_log_basename
b20:hmf_coarse:HMF:397:0	b20	hmf_coarse	HMF	397		M	M_b20_cov95v2_HMF_h716_m019_p135	attempt_9d42bb6f29acb405bb3e	source_log_basename	134	f624923458c7e39908e5d59f46441ab663db2cd154867184ea3d9ab5722e6633	hmf_coarse.tsv	398	UNIQUE	source_log_basename
b20:hmf_coarse:HMF:398:0	b20	hmf_coarse	HMF	398		F				0	NA	hmf_coarse.tsv	399	NOT_RUN	TARGET_BEFORE_F
b20:hmf_coarse:HMF:398:0	b20	hmf_coarse	HMF	398		H	H_b20_cov95v2_HMF_h19_H_p716	attempt_ad5d755bd75dbcaed85a	source_log_basename	716	25864adbdaf06b05aa676e9d7d9353888056962b5e4886c7e3ade2154ce09de1	hmf_coarse.tsv	399	UNIQUE	source_log_basename
b20:hmf_coarse:HMF:398:0	b20	hmf_coarse	HMF	398		M	M_b20_cov95v2_HMF_h716_m020_p143	attempt_0b658e744ee099757c12	source_log_basename	142	277d7549a8ad1e057a5f684455139a94f1c1526304423be6578bb8332614488c	hmf_coarse.tsv	399	UNIQUE	source_log_basename
b20:hmf_coarse:HMF:399:0	b20	hmf_coarse	HMF	399		F				0	NA	hmf_coarse.tsv	400	NOT_RUN	TARGET_BEFORE_F
b20:hmf_coarse:HMF:399:0	b20	hmf_coarse	HMF	399		H	H_b20_cov95v2_HMF_h19_H_p716	attempt_ad5d755bd75dbcaed85a	source_log_basename	716	25864adbdaf06b05aa676e9d7d9353888056962b5e4886c7e3ade2154ce09de1	hmf_coarse.tsv	400	UNIQUE	source_log_basename
b20:hmf_coarse:HMF:399:0	b20	hmf_coarse	HMF	399		M	M_b20_cov95v2_HMF_h716_Mfull	attempt_07367aaa7645a933c630	source_log_basename	150	876782ec0f494b76720a767e725cfe514de5eca062ed037ef28282d95a80c1c0	hmf_coarse.tsv	400	UNIQUE	source_log_basename
b20:hmf_coarse:HMF:39:0	b20	hmf_coarse	HMF	39		F				0	NA	hmf_coarse.tsv	40	NOT_RUN	TARGET_BEFORE_F
b20:hmf_coarse:HMF:39:0	b20	hmf_coarse	HMF	39		H	H_b20_cov95v2_HMF_h02_H_p40	attempt_0d54110b5a1bb0229f06	source_log_basename	40	eb2795dabafd038320b3ba057131d431a9f30ea9efa787eb5ace14e0f0831ca0	hmf_coarse.tsv	40	UNIQUE	source_log_basename
b20:hmf_coarse:HMF:39:0	b20	hmf_coarse	HMF	39		M	M_b20_cov95v2_HMF_h40_m018_p400	attempt_81465735544bd91f382c	source_log_basename	400	c0409f0935f74012cab16bd9a92d664b72cd9ec50c5d43db15f411bc49e76612	hmf_coarse.tsv	40	UNIQUE	source_log_basename
b20:hmf_coarse:HMF:3:0	b20	hmf_coarse	HMF	3		F	F_b20_cov95v2_HMF_h1_m49_F_p99	attempt_dfe8a46488364be6f370	source_log_basename	99	b023f692e0c453046890792060b9f4e1e64c6691ce05005bb9b668ff6cc1db97	hmf_coarse.tsv	4	UNIQUE	source_log_basename
b20:hmf_coarse:HMF:3:0	b20	hmf_coarse	HMF	3		H	H_b20_cov95v2_HMF_h01_H_p1	attempt_bc0e0a4ac7524732dd08	source_log_basename	1	d52d10ca84f3e58c0c5b82699b0efa0295216414bc28a9ee35d8844974e85efb	hmf_coarse.tsv	4	UNIQUE	source_log_basename
b20:hmf_coarse:HMF:3:0	b20	hmf_coarse	HMF	3		M	M_b20_cov95v2_HMF_h1_m003_p49	attempt_e0cc9cc8c88b63b75a30	source_log_basename	49	31f8df314e2759712781b7064b110d0fda7f790b1e593f27e7635a011ef5e91d	hmf_coarse.tsv	4	UNIQUE	source_log_basename
b20:hmf_coarse:HMF:400:0	b20	hmf_coarse	HMF	400		F	F_b20_cov95v2_HMF_h755_m1_F_p1	attempt_8a0c558c83e776c59d72	source_log_basename	1	79e6188c09cd12059c49e1f4a7a8a8174818ce6d5d7b282fb0c8dcbdff772c4c	hmf_coarse.tsv	401	UNIQUE	source_log_basename
b20:hmf_coarse:HMF:400:0	b20	hmf_coarse	HMF	400		H	H_b20_cov95v2_HMF_h20_H_p755	attempt_d899cbf0cc63b2c362b7	source_log_basename	755	1a390bf4bb0d56f09a2859af6a1a095b2215327855463baa1513f1a061a46d22	hmf_coarse.tsv	401	UNIQUE	source_log_basename
b20:hmf_coarse:HMF:400:0	b20	hmf_coarse	HMF	400		M	M_b20_cov95v2_HMF_h755_m001_p1	attempt_37cf452a4d1bcdcfb584	source_log_basename	1	a92c9b3fc052c3fc059fd1100543472565c40a019333375a25a67ce13aa0b4f8	hmf_coarse.tsv	401	UNIQUE	source_log_basename
b20:hmf_coarse:HMF:401:0	b20	hmf_coarse	HMF	401		F				0	NA	hmf_coarse.tsv	402	NOT_RUN	TARGET_BEFORE_F
b20:hmf_coarse:HMF:401:0	b20	hmf_coarse	HMF	401		H	H_b20_cov95v2_HMF_h20_H_p755	attempt_d899cbf0cc63b2c362b7	source_log_basename	755	1a390bf4bb0d56f09a2859af6a1a095b2215327855463baa1513f1a061a46d22	hmf_coarse.tsv	402	UNIQUE	source_log_basename
b20:hmf_coarse:HMF:401:0	b20	hmf_coarse	HMF	401		M	M_b20_cov95v2_HMF_h755_m002_p6	attempt_4a7267809ed79e264c7b	source_log_basename	6	22505fd01be9c36f84e0b94f5f486623aebfa2f90425ad0fbb70324c80cd81a7	hmf_coarse.tsv	402	UNIQUE	source_log_basename
b20:hmf_coarse:HMF:402:0	b20	hmf_coarse	HMF	402		F				0	NA	hmf_coarse.tsv	403	NOT_RUN	TARGET_BEFORE_F
b20:hmf_coarse:HMF:402:0	b20	hmf_coarse	HMF	402		H	H_b20_cov95v2_HMF_h20_H_p755	attempt_d899cbf0cc63b2c362b7	source_log_basename	755	1a390bf4bb0d56f09a2859af6a1a095b2215327855463baa1513f1a061a46d22	hmf_coarse.tsv	403	UNIQUE	source_log_basename
b20:hmf_coarse:HMF:402:0	b20	hmf_coarse	HMF	402		M	M_b20_cov95v2_HMF_h755_m003_p13	attempt_cceda7faf88487802567	source_log_basename	13	4543a7ccd84ca09015a702e066912d5f38fe92107a98239af4fec339714705c4	hmf_coarse.tsv	403	UNIQUE	source_log_basename
b20:hmf_coarse:HMF:403:0	b20	hmf_coarse	HMF	403		F				0	NA	hmf_coarse.tsv	404	NOT_RUN	TARGET_BEFORE_F
b20:hmf_coarse:HMF:403:0	b20	hmf_coarse	HMF	403		H	H_b20_cov95v2_HMF_h20_H_p755	attempt_d899cbf0cc63b2c362b7	source_log_basename	755	1a390bf4bb0d56f09a2859af6a1a095b2215327855463baa1513f1a061a46d22	hmf_coarse.tsv	404	UNIQUE	source_log_basename
b20:hmf_coarse:HMF:403:0	b20	hmf_coarse	HMF	403		M	M_b20_cov95v2_HMF_h755_m004_p19	attempt_8bc5dcc11a26e27e8d2f	source_log_basename	19	cc9c8826185f5553f7f4aa21a77d536e2e24324bb3027b462c0906261ad85823	hmf_coarse.tsv	404	UNIQUE	source_log_basename
b20:hmf_coarse:HMF:404:0	b20	hmf_coarse	HMF	404		F				0	NA	hmf_coarse.tsv	405	NOT_RUN	TARGET_BEFORE_F
b20:hmf_coarse:HMF:404:0	b20	hmf_coarse	HMF	404		H	H_b20_cov95v2_HMF_h20_H_p755	attempt_d899cbf0cc63b2c362b7	source_log_basename	755	1a390bf4bb0d56f09a2859af6a1a095b2215327855463baa1513f1a061a46d22	hmf_coarse.tsv	405	UNIQUE	source_log_basename
b20:hmf_coarse:HMF:404:0	b20	hmf_coarse	HMF	404		M	M_b20_cov95v2_HMF_h755_m005_p26	attempt_047ea36327b8aa0a2b20	source_log_basename	26	fccf428656d1c85ae34635d1b89759a0c87b68006ab34b15f7e7b414e353e4e1	hmf_coarse.tsv	405	UNIQUE	source_log_basename
b20:hmf_coarse:HMF:405:0	b20	hmf_coarse	HMF	405		F				0	NA	hmf_coarse.tsv	406	NOT_RUN	TARGET_BEFORE_F
b20:hmf_coarse:HMF:405:0	b20	hmf_coarse	HMF	405		H	H_b20_cov95v2_HMF_h20_H_p755	attempt_d899cbf0cc63b2c362b7	source_log_basename	755	1a390bf4bb0d56f09a2859af6a1a095b2215327855463baa1513f1a061a46d22	hmf_coarse.tsv	406	UNIQUE	source_log_basename
b20:hmf_coarse:HMF:405:0	b20	hmf_coarse	HMF	405		M	M_b20_cov95v2_HMF_h755_m006_p32	attempt_a0681fa6a2fc23fa95ae	source_log_basename	32	32248a4e7768e4fd83e7f7b4f0e073849e1dc2e1237598595192ef2de29721c8	hmf_coarse.tsv	406	UNIQUE	source_log_basename
b20:hmf_coarse:HMF:406:0	b20	hmf_coarse	HMF	406		F				0	NA	hmf_coarse.tsv	407	NOT_RUN	TARGET_BEFORE_F
b20:hmf_coarse:HMF:406:0	b20	hmf_coarse	HMF	406		H	H_b20_cov95v2_HMF_h20_H_p755	attempt_d899cbf0cc63b2c362b7	source_log_basename	755	1a390bf4bb0d56f09a2859af6a1a095b2215327855463baa1513f1a061a46d22	hmf_coarse.tsv	407	UNIQUE	source_log_basename
b20:hmf_coarse:HMF:406:0	b20	hmf_coarse	HMF	406		M	M_b20_cov95v2_HMF_h755_m007_p39	attempt_9fb45cc1a0be03b315b9	source_log_basename	39	cce33f48bb9db11e5e3ac623aba7b492aaece94b37915b2200976c8e3b6c3267	hmf_coarse.tsv	407	UNIQUE	source_log_basename
b20:hmf_coarse:HMF:407:0	b20	hmf_coarse	HMF	407		F				0	NA	hmf_coarse.tsv	408	NOT_RUN	TARGET_BEFORE_F
b20:hmf_coarse:HMF:407:0	b20	hmf_coarse	HMF	407		H	H_b20_cov95v2_HMF_h20_H_p755	attempt_d899cbf0cc63b2c362b7	source_log_basename	755	1a390bf4bb0d56f09a2859af6a1a095b2215327855463baa1513f1a061a46d22	hmf_coarse.tsv	408	UNIQUE	source_log_basename
b20:hmf_coarse:HMF:407:0	b20	hmf_coarse	HMF	407		M	M_b20_cov95v2_HMF_h755_m008_p45	attempt_12b72bbc300b41a3eb27	source_log_basename	45	67236dc5395fe104add6ee7b4a83cea360520b36d9b87394eb8a132894bcdfd1	hmf_coarse.tsv	408	UNIQUE	source_log_basename
b20:hmf_coarse:HMF:408:0	b20	hmf_coarse	HMF	408		F				0	NA	hmf_coarse.tsv	409	NOT_RUN	TARGET_BEFORE_F
b20:hmf_coarse:HMF:408:0	b20	hmf_coarse	HMF	408		H	H_b20_cov95v2_HMF_h20_H_p755	attempt_d899cbf0cc63b2c362b7	source_log_basename	755	1a390bf4bb0d56f09a2859af6a1a095b2215327855463baa1513f1a061a46d22	hmf_coarse.tsv	409	UNIQUE	source_log_basename
b20:hmf_coarse:HMF:408:0	b20	hmf_coarse	HMF	408		M	M_b20_cov95v2_HMF_h755_m009_p52	attempt_de8ba0fecf631487d997	source_log_basename	52	6fc4e2e39f3c712b8e5982b87a1057b362ca74965fb8613c88c5ad4f76e665c2	hmf_coarse.tsv	409	UNIQUE	source_log_basename
b20:hmf_coarse:HMF:409:0	b20	hmf_coarse	HMF	409		F				0	NA	hmf_coarse.tsv	410	NOT_RUN	TARGET_BEFORE_F
b20:hmf_coarse:HMF:409:0	b20	hmf_coarse	HMF	409		H	H_b20_cov95v2_HMF_h20_H_p755	attempt_d899cbf0cc63b2c362b7	source_log_basename	755	1a390bf4bb0d56f09a2859af6a1a095b2215327855463baa1513f1a061a46d22	hmf_coarse.tsv	410	UNIQUE	source_log_basename
b20:hmf_coarse:HMF:409:0	b20	hmf_coarse	HMF	409		M	M_b20_cov95v2_HMF_h755_m010_p58	attempt_1a8da24cde786649dc0b	source_log_basename	58	d552c5a0ef67cb07b8e73219b5c4028ef52bb5ccfb0c8941cbab0e5136be24bf	hmf_coarse.tsv	410	UNIQUE	source_log_basename
b20:hmf_coarse:HMF:40:0	b20	hmf_coarse	HMF	40		F				0	NA	hmf_coarse.tsv	41	NOT_RUN	TARGET_BEFORE_F
b20:hmf_coarse:HMF:40:0	b20	hmf_coarse	HMF	40		H	H_b20_cov95v2_HMF_h02_H_p40	attempt_0d54110b5a1bb0229f06	source_log_basename	40	eb2795dabafd038320b3ba057131d431a9f30ea9efa787eb5ace14e0f0831ca0	hmf_coarse.tsv	41	UNIQUE	source_log_basename
b20:hmf_coarse:HMF:40:0	b20	hmf_coarse	HMF	40		M	M_b20_cov95v2_HMF_h40_m019_p424	attempt_b8df6ed895247ea6fc49	source_log_basename	423	9e9aeef663328ad5d20a5cd45ca9f3ac419ae0dd7c45549e9bffc1ef5734be01	hmf_coarse.tsv	41	UNIQUE	source_log_basename
b20:hmf_coarse:HMF:410:0	b20	hmf_coarse	HMF	410		F				0	NA	hmf_coarse.tsv	411	NOT_RUN	TARGET_BEFORE_F
b20:hmf_coarse:HMF:410:0	b20	hmf_coarse	HMF	410		H	H_b20_cov95v2_HMF_h20_H_p755	attempt_d899cbf0cc63b2c362b7	source_log_basename	755	1a390bf4bb0d56f09a2859af6a1a095b2215327855463baa1513f1a061a46d22	hmf_coarse.tsv	411	UNIQUE	source_log_basename
b20:hmf_coarse:HMF:410:0	b20	hmf_coarse	HMF	410		M	M_b20_cov95v2_HMF_h755_m011_p65	attempt_b617f2a558644b71e81b	source_log_basename	65	9b94c10c2dec26c2423a5a7774a0be2001e354afe914d436dccdd9b502f24faa	hmf_coarse.tsv	411	UNIQUE	source_log_basename
b20:hmf_coarse:HMF:411:0	b20	hmf_coarse	HMF	411		F				0	NA	hmf_coarse.tsv	412	NOT_RUN	TARGET_BEFORE_F
b20:hmf_coarse:HMF:411:0	b20	hmf_coarse	HMF	411		H	H_b20_cov95v2_HMF_h20_H_p755	attempt_d899cbf0cc63b2c362b7	source_log_basename	755	1a390bf4bb0d56f09a2859af6a1a095b2215327855463baa1513f1a061a46d22	hmf_coarse.tsv	412	UNIQUE	source_log_basename
b20:hmf_coarse:HMF:411:0	b20	hmf_coarse	HMF	411		M	M_b20_cov95v2_HMF_h755_m012_p71	attempt_20fa7300421497ae0111	source_log_basename	71	badac160d506b59d07d682a22de888d2477945b1e260a9defc6e30b3809c518b	hmf_coarse.tsv	412	UNIQUE	source_log_basename
b20:hmf_coarse:HMF:412:0	b20	hmf_coarse	HMF	412		F				0	NA	hmf_coarse.tsv	413	NOT_RUN	TARGET_BEFORE_F
b20:hmf_coarse:HMF:412:0	b20	hmf_coarse	HMF	412		H	H_b20_cov95v2_HMF_h20_H_p755	attempt_d899cbf0cc63b2c362b7	source_log_basename	755	1a390bf4bb0d56f09a2859af6a1a095b2215327855463baa1513f1a061a46d22	hmf_coarse.tsv	413	UNIQUE	source_log_basename
b20:hmf_coarse:HMF:412:0	b20	hmf_coarse	HMF	412		M	M_b20_cov95v2_HMF_h755_m013_p77	attempt_f42899ab304d9cb920aa	source_log_basename	77	5323feeaf22aebcebcde248ba4982d493d2f2bcbc8e92bd053b5fe56795e0be3	hmf_coarse.tsv	413	UNIQUE	source_log_basename
b20:hmf_coarse:HMF:413:0	b20	hmf_coarse	HMF	413		F				0	NA	hmf_coarse.tsv	414	NOT_RUN	TARGET_BEFORE_F
b20:hmf_coarse:HMF:413:0	b20	hmf_coarse	HMF	413		H	H_b20_cov95v2_HMF_h20_H_p755	attempt_d899cbf0cc63b2c362b7	source_log_basename	755	1a390bf4bb0d56f09a2859af6a1a095b2215327855463baa1513f1a061a46d22	hmf_coarse.tsv	414	UNIQUE	source_log_basename
b20:hmf_coarse:HMF:413:0	b20	hmf_coarse	HMF	413		M	M_b20_cov95v2_HMF_h755_m014_p84	attempt_89703a9ccb6a5dddebb9	source_log_basename	84	60533bf6f2cda51ee555e737e1da303463ee2ddcd62b3a5f4b349be6b7a8bddd	hmf_coarse.tsv	414	UNIQUE	source_log_basename
b20:hmf_coarse:HMF:414:0	b20	hmf_coarse	HMF	414		F				0	NA	hmf_coarse.tsv	415	NOT_RUN	TARGET_BEFORE_F
b20:hmf_coarse:HMF:414:0	b20	hmf_coarse	HMF	414		H	H_b20_cov95v2_HMF_h20_H_p755	attempt_d899cbf0cc63b2c362b7	source_log_basename	755	1a390bf4bb0d56f09a2859af6a1a095b2215327855463baa1513f1a061a46d22	hmf_coarse.tsv	415	UNIQUE	source_log_basename
b20:hmf_coarse:HMF:414:0	b20	hmf_coarse	HMF	414		M	M_b20_cov95v2_HMF_h755_m015_p90	attempt_8b70fcc97feba4368078	source_log_basename	90	4dce0dc5320437b15236f4e3c74e9b69f2e09a4f542ecf793108c4136fa52bd7	hmf_coarse.tsv	415	UNIQUE	source_log_basename
b20:hmf_coarse:HMF:415:0	b20	hmf_coarse	HMF	415		F				0	NA	hmf_coarse.tsv	416	NOT_RUN	TARGET_BEFORE_F
b20:hmf_coarse:HMF:415:0	b20	hmf_coarse	HMF	415		H	H_b20_cov95v2_HMF_h20_H_p755	attempt_d899cbf0cc63b2c362b7	source_log_basename	755	1a390bf4bb0d56f09a2859af6a1a095b2215327855463baa1513f1a061a46d22	hmf_coarse.tsv	416	UNIQUE	source_log_basename
b20:hmf_coarse:HMF:415:0	b20	hmf_coarse	HMF	415		M	M_b20_cov95v2_HMF_h755_m016_p97	attempt_5428872226fcada3dd56	source_log_basename	97	e7ca16e20a59382b12607fc3d30c8a1034f3e013733a2e2c02ccd793b081f684	hmf_coarse.tsv	416	UNIQUE	source_log_basename
b20:hmf_coarse:HMF:416:0	b20	hmf_coarse	HMF	416		F				0	NA	hmf_coarse.tsv	417	NOT_RUN	TARGET_BEFORE_F
b20:hmf_coarse:HMF:416:0	b20	hmf_coarse	HMF	416		H	H_b20_cov95v2_HMF_h20_H_p755	attempt_d899cbf0cc63b2c362b7	source_log_basename	755	1a390bf4bb0d56f09a2859af6a1a095b2215327855463baa1513f1a061a46d22	hmf_coarse.tsv	417	UNIQUE	source_log_basename
b20:hmf_coarse:HMF:416:0	b20	hmf_coarse	HMF	416		M	M_b20_cov95v2_HMF_h755_m017_p103	attempt_38312df3b6eba0645318	source_log_basename	103	c5163b1540295d539581135ef4ff8cd7e183f21025c757b2fd67a2302a073e48	hmf_coarse.tsv	417	UNIQUE	source_log_basename
b20:hmf_coarse:HMF:417:0	b20	hmf_coarse	HMF	417		F				0	NA	hmf_coarse.tsv	418	NOT_RUN	TARGET_BEFORE_F
b20:hmf_coarse:HMF:417:0	b20	hmf_coarse	HMF	417		H	H_b20_cov95v2_HMF_h20_H_p755	attempt_d899cbf0cc63b2c362b7	source_log_basename	755	1a390bf4bb0d56f09a2859af6a1a095b2215327855463baa1513f1a061a46d22	hmf_coarse.tsv	418	UNIQUE	source_log_basename
b20:hmf_coarse:HMF:417:0	b20	hmf_coarse	HMF	417		M	M_b20_cov95v2_HMF_h755_m018_p110	attempt_bad0b941bceba6e22bf9	source_log_basename	110	51e001e3de7c482703cc38fcf04dd3c1388dccd6745ef2ed151dbf4b4f5b069d	hmf_coarse.tsv	418	UNIQUE	source_log_basename
b20:hmf_coarse:HMF:418:0	b20	hmf_coarse	HMF	418		F				0	NA	hmf_coarse.tsv	419	NOT_RUN	TARGET_BEFORE_F
b20:hmf_coarse:HMF:418:0	b20	hmf_coarse	HMF	418		H	H_b20_cov95v2_HMF_h20_H_p755	attempt_d899cbf0cc63b2c362b7	source_log_basename	755	1a390bf4bb0d56f09a2859af6a1a095b2215327855463baa1513f1a061a46d22	hmf_coarse.tsv	419	UNIQUE	source_log_basename
b20:hmf_coarse:HMF:418:0	b20	hmf_coarse	HMF	418		M	M_b20_cov95v2_HMF_h755_m019_p116	attempt_dc75a11fc5d3a26c48b0	source_log_basename	116	8543c4baffe44246f31f14c942be90fcce6bfa9130e31e896001edc6edf4e0e9	hmf_coarse.tsv	419	UNIQUE	source_log_basename
b20:hmf_coarse:HMF:419:0	b20	hmf_coarse	HMF	419		F				0	NA	hmf_coarse.tsv	420	NOT_RUN	TARGET_BEFORE_F
b20:hmf_coarse:HMF:419:0	b20	hmf_coarse	HMF	419		H	H_b20_cov95v2_HMF_h20_H_p755	attempt_d899cbf0cc63b2c362b7	source_log_basename	755	1a390bf4bb0d56f09a2859af6a1a095b2215327855463baa1513f1a061a46d22	hmf_coarse.tsv	420	UNIQUE	source_log_basename
b20:hmf_coarse:HMF:419:0	b20	hmf_coarse	HMF	419		M	M_b20_cov95v2_HMF_h755_m020_p123	attempt_390f92d65b341ba534d3	source_log_basename	123	f2d710627046f78e5fb43613612f2823c5657b66fd26ba5e6fd3fe78d5001016	hmf_coarse.tsv	420	UNIQUE	source_log_basename
b20:hmf_coarse:HMF:41:0	b20	hmf_coarse	HMF	41		F				0	NA	hmf_coarse.tsv	42	NOT_RUN	TARGET_BEFORE_F
b20:hmf_coarse:HMF:41:0	b20	hmf_coarse	HMF	41		H	H_b20_cov95v2_HMF_h02_H_p40	attempt_0d54110b5a1bb0229f06	source_log_basename	40	eb2795dabafd038320b3ba057131d431a9f30ea9efa787eb5ace14e0f0831ca0	hmf_coarse.tsv	42	UNIQUE	source_log_basename
b20:hmf_coarse:HMF:41:0	b20	hmf_coarse	HMF	41		M	M_b20_cov95v2_HMF_h40_m020_p447	attempt_4869999134d0a7f19c3a	source_log_basename	447	b88b18c99e61b2338ee3b881fcc4a22d289e711032663d5659cf3f8d4ff9d2a2	hmf_coarse.tsv	42	UNIQUE	source_log_basename
b20:hmf_coarse:HMF:420:0	b20	hmf_coarse	HMF	420		F				0	NA	hmf_coarse.tsv	421	NOT_RUN	TARGET_BEFORE_F
b20:hmf_coarse:HMF:420:0	b20	hmf_coarse	HMF	420		H	H_b20_cov95v2_HMF_h20_H_p755	attempt_d899cbf0cc63b2c362b7	source_log_basename	755	1a390bf4bb0d56f09a2859af6a1a095b2215327855463baa1513f1a061a46d22	hmf_coarse.tsv	421	UNIQUE	source_log_basename
b20:hmf_coarse:HMF:420:0	b20	hmf_coarse	HMF	420		M	M_b20_cov95v2_HMF_h755_Mfull	attempt_bf2d7fe2e13cd6149d88	source_log_basename	129	6838386370ca155cd7370fa9f751d78d1d85a08d755211951c19ec89f5d2c6b4	hmf_coarse.tsv	421	UNIQUE	source_log_basename
b20:hmf_coarse:HMF:421:0	b20	hmf_coarse	HMF	421		F	F_b20_cov95v2_HMF_h795_m1_F_p1	attempt_19d9e53b0388688a2474	source_log_basename	1	3cfa0542e616b5dcaa2239a1b42243289f5a6c811d5d741c7db1384d92b5fb17	hmf_coarse.tsv	422	UNIQUE	source_log_basename
b20:hmf_coarse:HMF:421:0	b20	hmf_coarse	HMF	421		H	H_b20_H_full_phase4_v1			795	76b10cf61a55d5ec19d6d5d65d6043f311c7b2f6a6420c533abffc09e5b57ad2	hmf_coarse.tsv	422	MISSING	no_attempt_for_source_basename_or_run_id
b20:hmf_coarse:HMF:421:0	b20	hmf_coarse	HMF	421		M	M_b20_cov95v2_HMF_h795_m001_p1	attempt_177d1012da317eaa3c3c	source_log_basename	1	7c4bdc144f14886794ba364d8b89690e33e6017533ffcdde93829e824bc20b05	hmf_coarse.tsv	422	UNIQUE	source_log_basename
b20:hmf_coarse:HMF:422:0	b20	hmf_coarse	HMF	422		F				0	NA	hmf_coarse.tsv	423	NOT_RUN	TARGET_BEFORE_F
b20:hmf_coarse:HMF:422:0	b20	hmf_coarse	HMF	422		H	H_b20_H_full_phase4_v1			795	76b10cf61a55d5ec19d6d5d65d6043f311c7b2f6a6420c533abffc09e5b57ad2	hmf_coarse.tsv	423	MISSING	no_attempt_for_source_basename_or_run_id
b20:hmf_coarse:HMF:422:0	b20	hmf_coarse	HMF	422		M	M_b20_cov95v2_HMF_h795_m002_p5	attempt_f7dd5333b923d7461431	source_log_basename	5	b6749016ea63c4ce30de0412b028f0288fde04c2d1b4701702804e73a567d7ae	hmf_coarse.tsv	423	UNIQUE	source_log_basename
b20:hmf_coarse:HMF:423:0	b20	hmf_coarse	HMF	423		F				0	NA	hmf_coarse.tsv	424	NOT_RUN	TARGET_BEFORE_F
b20:hmf_coarse:HMF:423:0	b20	hmf_coarse	HMF	423		H	H_b20_H_full_phase4_v1			795	76b10cf61a55d5ec19d6d5d65d6043f311c7b2f6a6420c533abffc09e5b57ad2	hmf_coarse.tsv	424	MISSING	no_attempt_for_source_basename_or_run_id
b20:hmf_coarse:HMF:423:0	b20	hmf_coarse	HMF	423		M	M_b20_cov95v2_HMF_h795_m003_p11	attempt_f8998454274cada870a8	source_log_basename	11	e9563f1b3e926464ce2356480e6e2eaef848e8a05505741b140223900eabb058	hmf_coarse.tsv	424	UNIQUE	source_log_basename
b20:hmf_coarse:HMF:424:0	b20	hmf_coarse	HMF	424		F				0	NA	hmf_coarse.tsv	425	NOT_RUN	TARGET_BEFORE_F
b20:hmf_coarse:HMF:424:0	b20	hmf_coarse	HMF	424		H	H_b20_H_full_phase4_v1			795	76b10cf61a55d5ec19d6d5d65d6043f311c7b2f6a6420c533abffc09e5b57ad2	hmf_coarse.tsv	425	MISSING	no_attempt_for_source_basename_or_run_id
b20:hmf_coarse:HMF:424:0	b20	hmf_coarse	HMF	424		M	M_b20_cov95v2_HMF_h795_m004_p16	attempt_c16cc7e18685dc2f38b8	source_log_basename	16	a7af31cfd2712250386c798fa1392be18fe66ab6105827d95fb9d005b4b55848	hmf_coarse.tsv	425	UNIQUE	source_log_basename
b20:hmf_coarse:HMF:425:0	b20	hmf_coarse	HMF	425		F				0	NA	hmf_coarse.tsv	426	NOT_RUN	TARGET_BEFORE_F
b20:hmf_coarse:HMF:425:0	b20	hmf_coarse	HMF	425		H	H_b20_H_full_phase4_v1			795	76b10cf61a55d5ec19d6d5d65d6043f311c7b2f6a6420c533abffc09e5b57ad2	hmf_coarse.tsv	426	MISSING	no_attempt_for_source_basename_or_run_id
b20:hmf_coarse:HMF:425:0	b20	hmf_coarse	HMF	425		M	M_b20_cov95v2_HMF_h795_m005_p21	attempt_654e60e5d64a53940f44	source_log_basename	21	e840ee215ca69a187021ae6967719d162e523779b2cffcd431e5ca9e609951cc	hmf_coarse.tsv	426	UNIQUE	source_log_basename
b20:hmf_coarse:HMF:426:0	b20	hmf_coarse	HMF	426		F				0	NA	hmf_coarse.tsv	427	NOT_RUN	TARGET_BEFORE_F
b20:hmf_coarse:HMF:426:0	b20	hmf_coarse	HMF	426		H	H_b20_H_full_phase4_v1			795	76b10cf61a55d5ec19d6d5d65d6043f311c7b2f6a6420c533abffc09e5b57ad2	hmf_coarse.tsv	427	MISSING	no_attempt_for_source_basename_or_run_id
b20:hmf_coarse:HMF:426:0	b20	hmf_coarse	HMF	426		M	M_b20_cov95v2_HMF_h795_m006_p27	attempt_d9c526005861eca988e0	source_log_basename	27	3ceb802a581cbed7a11cda91fac68c458b4c8477f243e5a98991515add379b6c	hmf_coarse.tsv	427	UNIQUE	source_log_basename
b20:hmf_coarse:HMF:427:0	b20	hmf_coarse	HMF	427		F				0	NA	hmf_coarse.tsv	428	NOT_RUN	TARGET_BEFORE_F
b20:hmf_coarse:HMF:427:0	b20	hmf_coarse	HMF	427		H	H_b20_H_full_phase4_v1			795	76b10cf61a55d5ec19d6d5d65d6043f311c7b2f6a6420c533abffc09e5b57ad2	hmf_coarse.tsv	428	MISSING	no_attempt_for_source_basename_or_run_id
b20:hmf_coarse:HMF:427:0	b20	hmf_coarse	HMF	427		M	M_b20_cov95v2_HMF_h795_m007_p32	attempt_685dac9c72ae6e9b293a	source_log_basename	32	870302969522c85f4e6b4a889a9b82dab6f850a4146507816b04899b60fd98ec	hmf_coarse.tsv	428	UNIQUE	source_log_basename
b20:hmf_coarse:HMF:428:0	b20	hmf_coarse	HMF	428		F				0	NA	hmf_coarse.tsv	429	NOT_RUN	TARGET_BEFORE_F
b20:hmf_coarse:HMF:428:0	b20	hmf_coarse	HMF	428		H	H_b20_H_full_phase4_v1			795	76b10cf61a55d5ec19d6d5d65d6043f311c7b2f6a6420c533abffc09e5b57ad2	hmf_coarse.tsv	429	MISSING	no_attempt_for_source_basename_or_run_id
b20:hmf_coarse:HMF:428:0	b20	hmf_coarse	HMF	428		M	M_b20_cov95v2_HMF_h795_m008_p37	attempt_ed8ac8633426fd4618d8	source_log_basename	37	3842907a38c425d2d54c240e119b47c63b6e5ba92d3baf15d3531bd7654c1c7b	hmf_coarse.tsv	429	UNIQUE	source_log_basename
b20:hmf_coarse:HMF:429:0	b20	hmf_coarse	HMF	429		F				0	NA	hmf_coarse.tsv	430	NOT_RUN	TARGET_BEFORE_F
b20:hmf_coarse:HMF:429:0	b20	hmf_coarse	HMF	429		H	H_b20_H_full_phase4_v1			795	76b10cf61a55d5ec19d6d5d65d6043f311c7b2f6a6420c533abffc09e5b57ad2	hmf_coarse.tsv	430	MISSING	no_attempt_for_source_basename_or_run_id
b20:hmf_coarse:HMF:429:0	b20	hmf_coarse	HMF	429		M	M_b20_cov95v2_HMF_h795_m009_p43	attempt_9293e8d7933a246651c5	source_log_basename	43	5363efb97acf4a0a309305890b8d244b90bc44b520a4cebbaee888d489e3df6c	hmf_coarse.tsv	430	UNIQUE	source_log_basename
b20:hmf_coarse:HMF:42:0	b20	hmf_coarse	HMF	42		F				0	NA	hmf_coarse.tsv	43	NOT_RUN	TARGET_BEFORE_F
b20:hmf_coarse:HMF:42:0	b20	hmf_coarse	HMF	42		H	H_b20_cov95v2_HMF_h02_H_p40	attempt_0d54110b5a1bb0229f06	source_log_basename	40	eb2795dabafd038320b3ba057131d431a9f30ea9efa787eb5ace14e0f0831ca0	hmf_coarse.tsv	43	UNIQUE	source_log_basename
b20:hmf_coarse:HMF:42:0	b20	hmf_coarse	HMF	42		M	M_b20_cov95v2_HMF_h40_Mfull	attempt_51aaffa28e8931232389	source_log_basename	471	f494eb075141bbbae0a0ed2bb77e591514a9bb77354a3d5e2354e2d885ead0fe	hmf_coarse.tsv	43	UNIQUE	source_log_basename
b20:hmf_coarse:HMF:430:0	b20	hmf_coarse	HMF	430		F				0	NA	hmf_coarse.tsv	431	NOT_RUN	TARGET_BEFORE_F
b20:hmf_coarse:HMF:430:0	b20	hmf_coarse	HMF	430		H	H_b20_H_full_phase4_v1			795	76b10cf61a55d5ec19d6d5d65d6043f311c7b2f6a6420c533abffc09e5b57ad2	hmf_coarse.tsv	431	MISSING	no_attempt_for_source_basename_or_run_id
b20:hmf_coarse:HMF:430:0	b20	hmf_coarse	HMF	430		M	M_b20_cov95v2_HMF_h795_m010_p48	attempt_c07dfefcc8031dd6719a	source_log_basename	48	090f41021369be562fba9601f14b90f24c6683831ab04782b8ff32ebe39c84c6	hmf_coarse.tsv	431	UNIQUE	source_log_basename
b20:hmf_coarse:HMF:431:0	b20	hmf_coarse	HMF	431		F				0	NA	hmf_coarse.tsv	432	NOT_RUN	TARGET_BEFORE_F
b20:hmf_coarse:HMF:431:0	b20	hmf_coarse	HMF	431		H	H_b20_H_full_phase4_v1			795	76b10cf61a55d5ec19d6d5d65d6043f311c7b2f6a6420c533abffc09e5b57ad2	hmf_coarse.tsv	432	MISSING	no_attempt_for_source_basename_or_run_id
b20:hmf_coarse:HMF:431:0	b20	hmf_coarse	HMF	431		M	M_b20_cov95v2_HMF_h795_m011_p54	attempt_4cee5858fbf2be4ea908	source_log_basename	54	17f1d4f06d4359c0da0173d8077bb8899f65be9fd3975d18f7750e1e6d7b1403	hmf_coarse.tsv	432	UNIQUE	source_log_basename
b20:hmf_coarse:HMF:432:0	b20	hmf_coarse	HMF	432		F				0	NA	hmf_coarse.tsv	433	NOT_RUN	TARGET_BEFORE_F
b20:hmf_coarse:HMF:432:0	b20	hmf_coarse	HMF	432		H	H_b20_H_full_phase4_v1			795	76b10cf61a55d5ec19d6d5d65d6043f311c7b2f6a6420c533abffc09e5b57ad2	hmf_coarse.tsv	433	MISSING	no_attempt_for_source_basename_or_run_id
b20:hmf_coarse:HMF:432:0	b20	hmf_coarse	HMF	432		M	M_b20_cov95v2_HMF_h795_m012_p59	attempt_05b62070e590bfb79128	source_log_basename	59	a86af58f8bda4a8959a1c8fc70b5938a332b423aeb493a2068a3b5ebbc5d7dce	hmf_coarse.tsv	433	UNIQUE	source_log_basename
b20:hmf_coarse:HMF:433:0	b20	hmf_coarse	HMF	433		F				0	NA	hmf_coarse.tsv	434	NOT_RUN	TARGET_BEFORE_F
b20:hmf_coarse:HMF:433:0	b20	hmf_coarse	HMF	433		H	H_b20_H_full_phase4_v1			795	76b10cf61a55d5ec19d6d5d65d6043f311c7b2f6a6420c533abffc09e5b57ad2	hmf_coarse.tsv	434	MISSING	no_attempt_for_source_basename_or_run_id
b20:hmf_coarse:HMF:433:0	b20	hmf_coarse	HMF	433		M	M_b20_cov95v2_HMF_h795_m013_p64	attempt_fc7e747ce1dfc94c428b	source_log_basename	64	f5b332d7e5c6d537b7315cf1eecf7c296b0b31e6b50a1983bb4d59f6d9bf56c3	hmf_coarse.tsv	434	UNIQUE	source_log_basename
b20:hmf_coarse:HMF:434:0	b20	hmf_coarse	HMF	434		F				0	NA	hmf_coarse.tsv	435	NOT_RUN	TARGET_BEFORE_F
b20:hmf_coarse:HMF:434:0	b20	hmf_coarse	HMF	434		H	H_b20_H_full_phase4_v1			795	76b10cf61a55d5ec19d6d5d65d6043f311c7b2f6a6420c533abffc09e5b57ad2	hmf_coarse.tsv	435	MISSING	no_attempt_for_source_basename_or_run_id
b20:hmf_coarse:HMF:434:0	b20	hmf_coarse	HMF	434		M	M_b20_cov95v2_HMF_h795_m014_p70	attempt_60e155b3007cf1eb5372	source_log_basename	70	b57ab2afedd85ed5cdc859821c8076f36028960660ee80fc1dc0506d410b0e95	hmf_coarse.tsv	435	UNIQUE	source_log_basename
b20:hmf_coarse:HMF:435:0	b20	hmf_coarse	HMF	435		F				0	NA	hmf_coarse.tsv	436	NOT_RUN	TARGET_BEFORE_F
b20:hmf_coarse:HMF:435:0	b20	hmf_coarse	HMF	435		H	H_b20_H_full_phase4_v1			795	76b10cf61a55d5ec19d6d5d65d6043f311c7b2f6a6420c533abffc09e5b57ad2	hmf_coarse.tsv	436	MISSING	no_attempt_for_source_basename_or_run_id
b20:hmf_coarse:HMF:435:0	b20	hmf_coarse	HMF	435		M	M_b20_cov95v2_HMF_h795_m015_p75	attempt_e45035ff115121cc94ea	source_log_basename	75	8232c8fb31f100393da32b14dbfff7f922a62d0dcf6d133d6a5faca04b692023	hmf_coarse.tsv	436	UNIQUE	source_log_basename
b20:hmf_coarse:HMF:436:0	b20	hmf_coarse	HMF	436		F				0	NA	hmf_coarse.tsv	437	NOT_RUN	TARGET_BEFORE_F
b20:hmf_coarse:HMF:436:0	b20	hmf_coarse	HMF	436		H	H_b20_H_full_phase4_v1			795	76b10cf61a55d5ec19d6d5d65d6043f311c7b2f6a6420c533abffc09e5b57ad2	hmf_coarse.tsv	437	MISSING	no_attempt_for_source_basename_or_run_id
b20:hmf_coarse:HMF:436:0	b20	hmf_coarse	HMF	436		M	M_b20_cov95v2_HMF_h795_m016_p80	attempt_b5c2d2a64b13b1f5c120	source_log_basename	80	78397e0c2a045bd2bb04853cf9b242fcb744d6bf28379f7c0ad45f3839c5c040	hmf_coarse.tsv	437	UNIQUE	source_log_basename
b20:hmf_coarse:HMF:437:0	b20	hmf_coarse	HMF	437		F				0	NA	hmf_coarse.tsv	438	NOT_RUN	TARGET_BEFORE_F
b20:hmf_coarse:HMF:437:0	b20	hmf_coarse	HMF	437		H	H_b20_H_full_phase4_v1			795	76b10cf61a55d5ec19d6d5d65d6043f311c7b2f6a6420c533abffc09e5b57ad2	hmf_coarse.tsv	438	MISSING	no_attempt_for_source_basename_or_run_id
b20:hmf_coarse:HMF:437:0	b20	hmf_coarse	HMF	437		M	M_b20_cov95v2_HMF_h795_m017_p86	attempt_f461c92da191f022a608	source_log_basename	86	a7ae78b5a2b5ccb82852f66c2ebc5f16120547b617440e1f4ea7ce5bb1b345ae	hmf_coarse.tsv	438	UNIQUE	source_log_basename
b20:hmf_coarse:HMF:438:0	b20	hmf_coarse	HMF	438		F				0	NA	hmf_coarse.tsv	439	NOT_RUN	TARGET_BEFORE_F
b20:hmf_coarse:HMF:438:0	b20	hmf_coarse	HMF	438		H	H_b20_H_full_phase4_v1			795	76b10cf61a55d5ec19d6d5d65d6043f311c7b2f6a6420c533abffc09e5b57ad2	hmf_coarse.tsv	439	MISSING	no_attempt_for_source_basename_or_run_id
b20:hmf_coarse:HMF:438:0	b20	hmf_coarse	HMF	438		M	M_b20_cov95v2_HMF_h795_m018_p91	attempt_b510645826e7bf83d858	source_log_basename	91	61334abbc64138837699ac9f167be05dc32d9928d67caf3fa700f49960bde4e0	hmf_coarse.tsv	439	UNIQUE	source_log_basename
b20:hmf_coarse:HMF:439:0	b20	hmf_coarse	HMF	439		F				0	NA	hmf_coarse.tsv	440	NOT_RUN	TARGET_BEFORE_F
b20:hmf_coarse:HMF:439:0	b20	hmf_coarse	HMF	439		H	H_b20_H_full_phase4_v1			795	76b10cf61a55d5ec19d6d5d65d6043f311c7b2f6a6420c533abffc09e5b57ad2	hmf_coarse.tsv	440	MISSING	no_attempt_for_source_basename_or_run_id
b20:hmf_coarse:HMF:439:0	b20	hmf_coarse	HMF	439		M	M_b20_cov95v2_HMF_h795_m019_p96	attempt_a1600b966277602811f8	source_log_basename	94	5ce5ddfef4cdf4c4edc4f9fdcdf33480cf7d69ee5e9f3ddf1388c22fd922565a	hmf_coarse.tsv	440	UNIQUE	source_log_basename
b20:hmf_coarse:HMF:43:0	b20	hmf_coarse	HMF	43		F	F_b20_cov95v2_HMF_h80_m1_F_p94	attempt_c6d00418f4c1b2c0d8ab	source_log_basename	94	fc9f454a677c7e8faf30ef074df7a25b46f954c9e5577c27705213301f42f6cc	hmf_coarse.tsv	44	UNIQUE	source_log_basename
b20:hmf_coarse:HMF:43:0	b20	hmf_coarse	HMF	43		H	H_b20_cov95v2_HMF_h03_H_p80	attempt_79e2a835e7640df8bd68	source_log_basename	80	194a75bd3558e56534266ebbf9208fb1a9d6703d20708b49c59d17ad7ae27980	hmf_coarse.tsv	44	UNIQUE	source_log_basename
b20:hmf_coarse:HMF:43:0	b20	hmf_coarse	HMF	43		M	M_b20_cov95v2_HMF_h80_m001_p1	attempt_7b54b913086ccc4651dd	source_log_basename	1	56e07b06b92dcaa9c67cce7e093b430013d693c276acb323d309904478434b88	hmf_coarse.tsv	44	UNIQUE	source_log_basename
b20:hmf_coarse:HMF:440:0	b20	hmf_coarse	HMF	440		F				0	NA	hmf_coarse.tsv	441	NOT_RUN	TARGET_BEFORE_F
b20:hmf_coarse:HMF:440:0	b20	hmf_coarse	HMF	440		H	H_b20_H_full_phase4_v1			795	76b10cf61a55d5ec19d6d5d65d6043f311c7b2f6a6420c533abffc09e5b57ad2	hmf_coarse.tsv	441	MISSING	no_attempt_for_source_basename_or_run_id
b20:hmf_coarse:HMF:440:0	b20	hmf_coarse	HMF	440		M	M_b20_cov95v2_HMF_h795_m020_p102	attempt_6068f03ff47d4075223b	source_log_basename	99	a700c9f85e20192b37539e91546687bfd4de86ab7ed29bd46187acfac2c7ba99	hmf_coarse.tsv	441	UNIQUE	source_log_basename
b20:hmf_coarse:HMF:441:0	b20	hmf_coarse	HMF	441		F				0	NA	hmf_coarse.tsv	442	NOT_RUN	TARGET_BEFORE_F
b20:hmf_coarse:HMF:441:0	b20	hmf_coarse	HMF	441		H	H_b20_H_full_phase4_v1			795	76b10cf61a55d5ec19d6d5d65d6043f311c7b2f6a6420c533abffc09e5b57ad2	hmf_coarse.tsv	442	MISSING	no_attempt_for_source_basename_or_run_id
b20:hmf_coarse:HMF:441:0	b20	hmf_coarse	HMF	441		M	M_b20_cov95v2_HMF_h795_Mfull	attempt_1958026c1b39b4fd2d22	source_log_basename	107	6838386370ca155cd7370fa9f751d78d1d85a08d755211951c19ec89f5d2c6b4	hmf_coarse.tsv	442	UNIQUE	source_log_basename
b20:hmf_coarse:HMF:44:0	b20	hmf_coarse	HMF	44		F	F_b20_cov95v2_HMF_h80_m22_F_p74	attempt_258693a4c1977be1b4dc	source_log_basename	74	68f26f3c28cc7f74d519e993624343d189a954fbf6c553674c17b4d02eb5c114	hmf_coarse.tsv	45	UNIQUE	source_log_basename
b20:hmf_coarse:HMF:44:0	b20	hmf_coarse	HMF	44		H	H_b20_cov95v2_HMF_h03_H_p80	attempt_79e2a835e7640df8bd68	source_log_basename	80	194a75bd3558e56534266ebbf9208fb1a9d6703d20708b49c59d17ad7ae27980	hmf_coarse.tsv	45	UNIQUE	source_log_basename
b20:hmf_coarse:HMF:44:0	b20	hmf_coarse	HMF	44		M	M_b20_cov95v2_HMF_h80_m002_p22	attempt_4640fb025ca85418bb70	source_log_basename	22	cfef73e5777dae93dbefda934d756f45fa3f94a16c9175c383c37621e681ac16	hmf_coarse.tsv	45	UNIQUE	source_log_basename
b20:hmf_coarse:HMF:45:0	b20	hmf_coarse	HMF	45		F	F_b20_cov95v2_HMF_h80_m45_F_p55	attempt_33c526ee5e94d342c78f	source_log_basename	55	cf651a26667a4af2000b9ffda7d4105d3a3f64ab8906b8c9a4851c4f2186e611	hmf_coarse.tsv	46	UNIQUE	source_log_basename
b20:hmf_coarse:HMF:45:0	b20	hmf_coarse	HMF	45		H	H_b20_cov95v2_HMF_h03_H_p80	attempt_79e2a835e7640df8bd68	source_log_basename	80	194a75bd3558e56534266ebbf9208fb1a9d6703d20708b49c59d17ad7ae27980	hmf_coarse.tsv	46	UNIQUE	source_log_basename
b20:hmf_coarse:HMF:45:0	b20	hmf_coarse	HMF	45		M	M_b20_cov95v2_HMF_h80_m003_p45	attempt_9a6538f3ba4345b9155f	source_log_basename	45	8e335e981fc23d093cfef8f7507694421961115a0491092262a01de9d3968768	hmf_coarse.tsv	46	UNIQUE	source_log_basename
b20:hmf_coarse:HMF:46:0	b20	hmf_coarse	HMF	46		F	F_b20_cov95v2_HMF_h80_m67_F_p40	attempt_fd4808f9c83565ce50f7	source_log_basename	40	0229e8f5c62500f46673d8f34cc8296ac69960aa20ea15d500d4c697346a91f8	hmf_coarse.tsv	47	UNIQUE	source_log_basename
b20:hmf_coarse:HMF:46:0	b20	hmf_coarse	HMF	46		H	H_b20_cov95v2_HMF_h03_H_p80	attempt_79e2a835e7640df8bd68	source_log_basename	80	194a75bd3558e56534266ebbf9208fb1a9d6703d20708b49c59d17ad7ae27980	hmf_coarse.tsv	47	UNIQUE	source_log_basename
b20:hmf_coarse:HMF:46:0	b20	hmf_coarse	HMF	46		M	M_b20_cov95v2_HMF_h80_m004_p67	attempt_2d6bd6f5da433275c12c	source_log_basename	67	b4c0dd24a5ac6fcab73bf8aee9d317f97c8d1811316ce3d40c1f2523fbb4409c	hmf_coarse.tsv	47	UNIQUE	source_log_basename
b20:hmf_coarse:HMF:47:0	b20	hmf_coarse	HMF	47		F	F_b20_cov95v2_HMF_h80_m90_F_p23	attempt_7d7db624d6c9c09e7e39	source_log_basename	23	ea436c196b2af07cf7a6701d961dcd6271b359b573c06b2503cb8e72a8914138	hmf_coarse.tsv	48	UNIQUE	source_log_basename
b20:hmf_coarse:HMF:47:0	b20	hmf_coarse	HMF	47		H	H_b20_cov95v2_HMF_h03_H_p80	attempt_79e2a835e7640df8bd68	source_log_basename	80	194a75bd3558e56534266ebbf9208fb1a9d6703d20708b49c59d17ad7ae27980	hmf_coarse.tsv	48	UNIQUE	source_log_basename
b20:hmf_coarse:HMF:47:0	b20	hmf_coarse	HMF	47		M	M_b20_cov95v2_HMF_h80_m005_p90	attempt_d7b318aa5983e3a2710b	source_log_basename	90	6a3340d8efecc71afff0069a8f0875d3c65311a279dfe7359b5a7cadf7b340db	hmf_coarse.tsv	48	UNIQUE	source_log_basename
b20:hmf_coarse:HMF:48:0	b20	hmf_coarse	HMF	48		F	F_b20_cov95v2_HMF_h80_m112_F_p7	attempt_ed021226246804c487a6	source_log_basename	7	fd412eefa48153ab4ac454acbd5d8de45c42418e0532612aa2eca9dc27ba202c	hmf_coarse.tsv	49	UNIQUE	source_log_basename
b20:hmf_coarse:HMF:48:0	b20	hmf_coarse	HMF	48		H	H_b20_cov95v2_HMF_h03_H_p80	attempt_79e2a835e7640df8bd68	source_log_basename	80	194a75bd3558e56534266ebbf9208fb1a9d6703d20708b49c59d17ad7ae27980	hmf_coarse.tsv	49	UNIQUE	source_log_basename
b20:hmf_coarse:HMF:48:0	b20	hmf_coarse	HMF	48		M	M_b20_cov95v2_HMF_h80_m006_p112	attempt_5a973abb1f049a5364df	source_log_basename	112	d61c7295690c5c6be273346f89129b3e4a194697fcb5060c8367d5877d8e8643	hmf_coarse.tsv	49	UNIQUE	source_log_basename
b20:hmf_coarse:HMF:49:0	b20	hmf_coarse	HMF	49		F				0	NA	hmf_coarse.tsv	50	NOT_RUN	TARGET_BEFORE_F
b20:hmf_coarse:HMF:49:0	b20	hmf_coarse	HMF	49		H	H_b20_cov95v2_HMF_h03_H_p80	attempt_79e2a835e7640df8bd68	source_log_basename	80	194a75bd3558e56534266ebbf9208fb1a9d6703d20708b49c59d17ad7ae27980	hmf_coarse.tsv	50	UNIQUE	source_log_basename
b20:hmf_coarse:HMF:49:0	b20	hmf_coarse	HMF	49		M	M_b20_cov95v2_HMF_h80_m007_p134	attempt_124e48d45d8f7f7f6460	source_log_basename	134	4aeffa584b64705cf328001544f9c24ca19597e28bc449dc4653edf459edeb5e	hmf_coarse.tsv	50	UNIQUE	source_log_basename
b20:hmf_coarse:HMF:4:0	b20	hmf_coarse	HMF	4		F	F_b20_cov95v2_HMF_h1_m74_F_p83	attempt_97fdf1e9be68fe28e221	source_log_basename	83	06e39f12cfe0f775e05a5a580e3761cccaf5c9a09282c3c2a1aac0642603c934	hmf_coarse.tsv	5	UNIQUE	source_log_basename
b20:hmf_coarse:HMF:4:0	b20	hmf_coarse	HMF	4		H	H_b20_cov95v2_HMF_h01_H_p1	attempt_bc0e0a4ac7524732dd08	source_log_basename	1	d52d10ca84f3e58c0c5b82699b0efa0295216414bc28a9ee35d8844974e85efb	hmf_coarse.tsv	5	UNIQUE	source_log_basename
b20:hmf_coarse:HMF:4:0	b20	hmf_coarse	HMF	4		M	M_b20_cov95v2_HMF_h1_m004_p74	attempt_b42a3c3f015d60754cc3	source_log_basename	74	ca1322e6032812ec50eae1cf510aaaf7f0a3e3b98bf25ba4eff264b6a0cd6870	hmf_coarse.tsv	5	UNIQUE	source_log_basename
b20:hmf_coarse:HMF:50:0	b20	hmf_coarse	HMF	50		F				0	NA	hmf_coarse.tsv	51	NOT_RUN	TARGET_BEFORE_F
b20:hmf_coarse:HMF:50:0	b20	hmf_coarse	HMF	50		H	H_b20_cov95v2_HMF_h03_H_p80	attempt_79e2a835e7640df8bd68	source_log_basename	80	194a75bd3558e56534266ebbf9208fb1a9d6703d20708b49c59d17ad7ae27980	hmf_coarse.tsv	51	UNIQUE	source_log_basename
b20:hmf_coarse:HMF:50:0	b20	hmf_coarse	HMF	50		M	M_b20_cov95v2_HMF_h80_m008_p157	attempt_ac684eaaecad441d02e7	source_log_basename	157	5d861be60573e6b114a61ea2c5e3030d28a454c844c424f8e58f6e19a23f041d	hmf_coarse.tsv	51	UNIQUE	source_log_basename
b20:hmf_coarse:HMF:51:0	b20	hmf_coarse	HMF	51		F				0	NA	hmf_coarse.tsv	52	NOT_RUN	TARGET_BEFORE_F
b20:hmf_coarse:HMF:51:0	b20	hmf_coarse	HMF	51		H	H_b20_cov95v2_HMF_h03_H_p80	attempt_79e2a835e7640df8bd68	source_log_basename	80	194a75bd3558e56534266ebbf9208fb1a9d6703d20708b49c59d17ad7ae27980	hmf_coarse.tsv	52	UNIQUE	source_log_basename
b20:hmf_coarse:HMF:51:0	b20	hmf_coarse	HMF	51		M	M_b20_cov95v2_HMF_h80_m009_p179	attempt_aa95641da07e1b11fe38	source_log_basename	179	3489210cd14073feff568c7e48ee1ca12cfc500f9092b8ffbf0a9190298b2127	hmf_coarse.tsv	52	UNIQUE	source_log_basename
b20:hmf_coarse:HMF:52:0	b20	hmf_coarse	HMF	52		F				0	NA	hmf_coarse.tsv	53	NOT_RUN	TARGET_BEFORE_F
b20:hmf_coarse:HMF:52:0	b20	hmf_coarse	HMF	52		H	H_b20_cov95v2_HMF_h03_H_p80	attempt_79e2a835e7640df8bd68	source_log_basename	80	194a75bd3558e56534266ebbf9208fb1a9d6703d20708b49c59d17ad7ae27980	hmf_coarse.tsv	53	UNIQUE	source_log_basename
b20:hmf_coarse:HMF:52:0	b20	hmf_coarse	HMF	52		M	M_b20_cov95v2_HMF_h80_m010_p202	attempt_ceb3c701a166b440f113	source_log_basename	202	c76930b87d62de6cff33abc232ef32d5664e9b893ddab94fda8dac631bf00f54	hmf_coarse.tsv	53	UNIQUE	source_log_basename
b20:hmf_coarse:HMF:53:0	b20	hmf_coarse	HMF	53		F				0	NA	hmf_coarse.tsv	54	NOT_RUN	TARGET_BEFORE_F
b20:hmf_coarse:HMF:53:0	b20	hmf_coarse	HMF	53		H	H_b20_cov95v2_HMF_h03_H_p80	attempt_79e2a835e7640df8bd68	source_log_basename	80	194a75bd3558e56534266ebbf9208fb1a9d6703d20708b49c59d17ad7ae27980	hmf_coarse.tsv	54	UNIQUE	source_log_basename
b20:hmf_coarse:HMF:53:0	b20	hmf_coarse	HMF	53		M	M_b20_cov95v2_HMF_h80_m011_p224	attempt_801bc15803b05ee3247e	source_log_basename	224	1a46be0041e65941e2862187f4913ac86f25ed6061966f37aae63d406317cf5e	hmf_coarse.tsv	54	UNIQUE	source_log_basename
b20:hmf_coarse:HMF:54:0	b20	hmf_coarse	HMF	54		F				0	NA	hmf_coarse.tsv	55	NOT_RUN	TARGET_BEFORE_F
b20:hmf_coarse:HMF:54:0	b20	hmf_coarse	HMF	54		H	H_b20_cov95v2_HMF_h03_H_p80	attempt_79e2a835e7640df8bd68	source_log_basename	80	194a75bd3558e56534266ebbf9208fb1a9d6703d20708b49c59d17ad7ae27980	hmf_coarse.tsv	55	UNIQUE	source_log_basename
b20:hmf_coarse:HMF:54:0	b20	hmf_coarse	HMF	54		M	M_b20_cov95v2_HMF_h80_m012_p246	attempt_556fa6489a9c821169ea	source_log_basename	246	fd7910f00b5086f077e3d09c413be17813da24a4487efa70c54fd24b28d32ae5	hmf_coarse.tsv	55	UNIQUE	source_log_basename
b20:hmf_coarse:HMF:55:0	b20	hmf_coarse	HMF	55		F				0	NA	hmf_coarse.tsv	56	NOT_RUN	TARGET_BEFORE_F
b20:hmf_coarse:HMF:55:0	b20	hmf_coarse	HMF	55		H	H_b20_cov95v2_HMF_h03_H_p80	attempt_79e2a835e7640df8bd68	source_log_basename	80	194a75bd3558e56534266ebbf9208fb1a9d6703d20708b49c59d17ad7ae27980	hmf_coarse.tsv	56	UNIQUE	source_log_basename
b20:hmf_coarse:HMF:55:0	b20	hmf_coarse	HMF	55		M	M_b20_cov95v2_HMF_h80_m013_p269	attempt_c74029b19575cbc0b883	source_log_basename	269	8682c381db86f5582a9efbffde4dd2de44d7ee7c0fb1d5d3c0f0e6602466b539	hmf_coarse.tsv	56	UNIQUE	source_log_basename
b20:hmf_coarse:HMF:56:0	b20	hmf_coarse	HMF	56		F				0	NA	hmf_coarse.tsv	57	NOT_RUN	TARGET_BEFORE_F
b20:hmf_coarse:HMF:56:0	b20	hmf_coarse	HMF	56		H	H_b20_cov95v2_HMF_h03_H_p80	attempt_79e2a835e7640df8bd68	source_log_basename	80	194a75bd3558e56534266ebbf9208fb1a9d6703d20708b49c59d17ad7ae27980	hmf_coarse.tsv	57	UNIQUE	source_log_basename
b20:hmf_coarse:HMF:56:0	b20	hmf_coarse	HMF	56		M	M_b20_cov95v2_HMF_h80_m014_p291	attempt_85cba74c6b47521a73fa	source_log_basename	291	5ff551b50902f3b1e48e8936959a649a2c42af8e33f60dedf3e57641b8fb2473	hmf_coarse.tsv	57	UNIQUE	source_log_basename
b20:hmf_coarse:HMF:57:0	b20	hmf_coarse	HMF	57		F				0	NA	hmf_coarse.tsv	58	NOT_RUN	TARGET_BEFORE_F
b20:hmf_coarse:HMF:57:0	b20	hmf_coarse	HMF	57		H	H_b20_cov95v2_HMF_h03_H_p80	attempt_79e2a835e7640df8bd68	source_log_basename	80	194a75bd3558e56534266ebbf9208fb1a9d6703d20708b49c59d17ad7ae27980	hmf_coarse.tsv	58	UNIQUE	source_log_basename
b20:hmf_coarse:HMF:57:0	b20	hmf_coarse	HMF	57		M	M_b20_cov95v2_HMF_h80_m015_p314	attempt_a134b1f9b65c0ba8868d	source_log_basename	314	63ab865cd1732a0309b9bac44f59411af4b7b34c881e1e7da6eea3e5a3ba5639	hmf_coarse.tsv	58	UNIQUE	source_log_basename
b20:hmf_coarse:HMF:58:0	b20	hmf_coarse	HMF	58		F				0	NA	hmf_coarse.tsv	59	NOT_RUN	TARGET_BEFORE_F
b20:hmf_coarse:HMF:58:0	b20	hmf_coarse	HMF	58		H	H_b20_cov95v2_HMF_h03_H_p80	attempt_79e2a835e7640df8bd68	source_log_basename	80	194a75bd3558e56534266ebbf9208fb1a9d6703d20708b49c59d17ad7ae27980	hmf_coarse.tsv	59	UNIQUE	source_log_basename
b20:hmf_coarse:HMF:58:0	b20	hmf_coarse	HMF	58		M	M_b20_cov95v2_HMF_h80_m016_p336	attempt_41e656be6481d8be4672	source_log_basename	336	9f9e083463ece86ae3eecab4153d48369c213d765f3e552d389f0e024f3b9500	hmf_coarse.tsv	59	UNIQUE	source_log_basename
b20:hmf_coarse:HMF:59:0	b20	hmf_coarse	HMF	59		F				0	NA	hmf_coarse.tsv	60	NOT_RUN	TARGET_BEFORE_F
b20:hmf_coarse:HMF:59:0	b20	hmf_coarse	HMF	59		H	H_b20_cov95v2_HMF_h03_H_p80	attempt_79e2a835e7640df8bd68	source_log_basename	80	194a75bd3558e56534266ebbf9208fb1a9d6703d20708b49c59d17ad7ae27980	hmf_coarse.tsv	60	UNIQUE	source_log_basename
b20:hmf_coarse:HMF:59:0	b20	hmf_coarse	HMF	59		M	M_b20_cov95v2_HMF_h80_m017_p358	attempt_443476c154cc2fff28ff	source_log_basename	358	65ae5593b262bf5eea240a2f3195d54fffb3cc820bbd85ffd017ab1c5a4d21ff	hmf_coarse.tsv	60	UNIQUE	source_log_basename
b20:hmf_coarse:HMF:5:0	b20	hmf_coarse	HMF	5		F	F_b20_cov95v2_HMF_h1_m98_F_p65	attempt_b863d22bf0563b228842	source_log_basename	65	b96d294878c84b3b206a45fa393398cdacc156313a836f12e374bc151054393a	hmf_coarse.tsv	6	UNIQUE	source_log_basename
b20:hmf_coarse:HMF:5:0	b20	hmf_coarse	HMF	5		H	H_b20_cov95v2_HMF_h01_H_p1	attempt_bc0e0a4ac7524732dd08	source_log_basename	1	d52d10ca84f3e58c0c5b82699b0efa0295216414bc28a9ee35d8844974e85efb	hmf_coarse.tsv	6	UNIQUE	source_log_basename
b20:hmf_coarse:HMF:5:0	b20	hmf_coarse	HMF	5		M	M_b20_cov95v2_HMF_h1_m005_p98	attempt_9fc3a3d77bae03265f3c	source_log_basename	98	fcb9ffd0a1a963c2d8c2e461d1c51a86494ef08082837a039da960e331761a5b	hmf_coarse.tsv	6	UNIQUE	source_log_basename
b20:hmf_coarse:HMF:60:0	b20	hmf_coarse	HMF	60		F				0	NA	hmf_coarse.tsv	61	NOT_RUN	TARGET_BEFORE_F
b20:hmf_coarse:HMF:60:0	b20	hmf_coarse	HMF	60		H	H_b20_cov95v2_HMF_h03_H_p80	attempt_79e2a835e7640df8bd68	source_log_basename	80	194a75bd3558e56534266ebbf9208fb1a9d6703d20708b49c59d17ad7ae27980	hmf_coarse.tsv	61	UNIQUE	source_log_basename
b20:hmf_coarse:HMF:60:0	b20	hmf_coarse	HMF	60		M	M_b20_cov95v2_HMF_h80_m018_p381	attempt_d16b036e43e16bf49e0b	source_log_basename	381	e7b47c4287371454556732e4f1e1e74a6dc011b61ba778387ee56c3a195107e0	hmf_coarse.tsv	61	UNIQUE	source_log_basename
b20:hmf_coarse:HMF:61:0	b20	hmf_coarse	HMF	61		F				0	NA	hmf_coarse.tsv	62	NOT_RUN	TARGET_BEFORE_F
b20:hmf_coarse:HMF:61:0	b20	hmf_coarse	HMF	61		H	H_b20_cov95v2_HMF_h03_H_p80	attempt_79e2a835e7640df8bd68	source_log_basename	80	194a75bd3558e56534266ebbf9208fb1a9d6703d20708b49c59d17ad7ae27980	hmf_coarse.tsv	62	UNIQUE	source_log_basename
b20:hmf_coarse:HMF:61:0	b20	hmf_coarse	HMF	61		M	M_b20_cov95v2_HMF_h80_m019_p403	attempt_d45cef66248346e7f3e7	source_log_basename	403	67ec39eaef9f5968ec8e0513455211ffc0fd8ecdda255ae9400101da74b7a888	hmf_coarse.tsv	62	UNIQUE	source_log_basename
b20:hmf_coarse:HMF:62:0	b20	hmf_coarse	HMF	62		F				0	NA	hmf_coarse.tsv	63	NOT_RUN	TARGET_BEFORE_F
b20:hmf_coarse:HMF:62:0	b20	hmf_coarse	HMF	62		H	H_b20_cov95v2_HMF_h03_H_p80	attempt_79e2a835e7640df8bd68	source_log_basename	80	194a75bd3558e56534266ebbf9208fb1a9d6703d20708b49c59d17ad7ae27980	hmf_coarse.tsv	63	UNIQUE	source_log_basename
b20:hmf_coarse:HMF:62:0	b20	hmf_coarse	HMF	62		M	M_b20_cov95v2_HMF_h80_m020_p426	attempt_dd99aa58f6967fc99c32	source_log_basename	426	af3ce518a8eaa8e346da921e34e2091e60575f3175301c6203a1a9bc8fd91553	hmf_coarse.tsv	63	UNIQUE	source_log_basename
b20:hmf_coarse:HMF:63:0	b20	hmf_coarse	HMF	63		F				0	NA	hmf_coarse.tsv	64	NOT_RUN	TARGET_BEFORE_F
b20:hmf_coarse:HMF:63:0	b20	hmf_coarse	HMF	63		H	H_b20_cov95v2_HMF_h03_H_p80	attempt_79e2a835e7640df8bd68	source_log_basename	80	194a75bd3558e56534266ebbf9208fb1a9d6703d20708b49c59d17ad7ae27980	hmf_coarse.tsv	64	UNIQUE	source_log_basename
b20:hmf_coarse:HMF:63:0	b20	hmf_coarse	HMF	63		M	M_b20_cov95v2_HMF_h80_Mfull	attempt_717be27c594f594e0d59	source_log_basename	448	d3308b0266ea11aaf4376ac1819425600ca36d5ec5df7d189c74ab05a1385b50	hmf_coarse.tsv	64	UNIQUE	source_log_basename
b20:hmf_coarse:HMF:64:0	b20	hmf_coarse	HMF	64		F	F_b20_cov95v2_HMF_h119_m1_F_p83	attempt_666ffd908439fa90b4d2	source_log_basename	83	95c9da55c61a13e61d069edfd531b6b8a06dc4267155026165ba85c9339047c7	hmf_coarse.tsv	65	UNIQUE	source_log_basename
b20:hmf_coarse:HMF:64:0	b20	hmf_coarse	HMF	64		H	H_b20_cov95v2_HMF_h04_H_p119	attempt_e844f28de17150fb4c94	source_log_basename	119	68710af2b26ea3263e8004796be654d8d538a1e83bc58e4e567a5a27f5ee0e81	hmf_coarse.tsv	65	UNIQUE	source_log_basename
b20:hmf_coarse:HMF:64:0	b20	hmf_coarse	HMF	64		M	M_b20_cov95v2_HMF_h119_m001_p1	attempt_71d67c612e1d8a0f705c	source_log_basename	1	7e2e811e62fb670960a9428fae91e65bc628e1586f293e58d825f3b7f05aabc0	hmf_coarse.tsv	65	UNIQUE	source_log_basename
b20:hmf_coarse:HMF:65:0	b20	hmf_coarse	HMF	65		F	F_b20_cov95v2_HMF_h119_m22_F_p60	attempt_abbb0862be725d7e8088	source_log_basename	60	fe0b1474a0add62d6318f9da7b92dcd084d19104b9ea063cde0baaab6b3bbac1	hmf_coarse.tsv	66	UNIQUE	source_log_basename
b20:hmf_coarse:HMF:65:0	b20	hmf_coarse	HMF	65		H	H_b20_cov95v2_HMF_h04_H_p119	attempt_e844f28de17150fb4c94	source_log_basename	119	68710af2b26ea3263e8004796be654d8d538a1e83bc58e4e567a5a27f5ee0e81	hmf_coarse.tsv	66	UNIQUE	source_log_basename
b20:hmf_coarse:HMF:65:0	b20	hmf_coarse	HMF	65		M	M_b20_cov95v2_HMF_h119_m002_p22	attempt_fdeabb703414309d88b7	source_log_basename	22	55af778a30311606cf2497e94688e9e0492e4c5d919a48b6f443071da379832b	hmf_coarse.tsv	66	UNIQUE	source_log_basename
b20:hmf_coarse:HMF:66:0	b20	hmf_coarse	HMF	66		F	F_b20_cov95v2_HMF_h119_m43_F_p44	attempt_a93d00c1e1f339d4c5b3	source_log_basename	44	367c771591a809a87377eb824c7f63147e85571e82df6c6d851de414c38ea086	hmf_coarse.tsv	67	UNIQUE	source_log_basename
b20:hmf_coarse:HMF:66:0	b20	hmf_coarse	HMF	66		H	H_b20_cov95v2_HMF_h04_H_p119	attempt_e844f28de17150fb4c94	source_log_basename	119	68710af2b26ea3263e8004796be654d8d538a1e83bc58e4e567a5a27f5ee0e81	hmf_coarse.tsv	67	UNIQUE	source_log_basename
b20:hmf_coarse:HMF:66:0	b20	hmf_coarse	HMF	66		M	M_b20_cov95v2_HMF_h119_m003_p43	attempt_8aff5322f6b22136b639	source_log_basename	43	aaccaa33aca4833d6b68cfe19c17e3a960979a2fd0bf894ba6344aacd85fb622	hmf_coarse.tsv	67	UNIQUE	source_log_basename
b20:hmf_coarse:HMF:67:0	b20	hmf_coarse	HMF	67		F	F_b20_cov95v2_HMF_h119_m65_F_p35	attempt_5a0e937bc0dfebb17d05	source_log_basename	35	d4b79fb2c32ff5a2d40899f28c996fd3bef9b76a720e8784e131e0428cbfe73a	hmf_coarse.tsv	68	UNIQUE	source_log_basename
b20:hmf_coarse:HMF:67:0	b20	hmf_coarse	HMF	67		H	H_b20_cov95v2_HMF_h04_H_p119	attempt_e844f28de17150fb4c94	source_log_basename	119	68710af2b26ea3263e8004796be654d8d538a1e83bc58e4e567a5a27f5ee0e81	hmf_coarse.tsv	68	UNIQUE	source_log_basename
b20:hmf_coarse:HMF:67:0	b20	hmf_coarse	HMF	67		M	M_b20_cov95v2_HMF_h119_m004_p65	attempt_52165d761d67bf300194	source_log_basename	65	d09d35a5503f846171d3b635adb0eed75dec4f8400f08e65487471c66e019a00	hmf_coarse.tsv	68	UNIQUE	source_log_basename
b20:hmf_coarse:HMF:68:0	b20	hmf_coarse	HMF	68		F	F_b20_cov95v2_HMF_h119_m86_F_p9	attempt_7cf7b0b16fae43b86d67	source_log_basename	9	1ad47ba784f61d97d84e18ef5bf6735e8b367f1aa81c5b4eb63777a3b6077202	hmf_coarse.tsv	69	UNIQUE	source_log_basename
b20:hmf_coarse:HMF:68:0	b20	hmf_coarse	HMF	68		H	H_b20_cov95v2_HMF_h04_H_p119	attempt_e844f28de17150fb4c94	source_log_basename	119	68710af2b26ea3263e8004796be654d8d538a1e83bc58e4e567a5a27f5ee0e81	hmf_coarse.tsv	69	UNIQUE	source_log_basename
b20:hmf_coarse:HMF:68:0	b20	hmf_coarse	HMF	68		M	M_b20_cov95v2_HMF_h119_m005_p86	attempt_b79fd3e28cd045eff3d4	source_log_basename	86	25ebf5d6cbc2d1f770088e27c6399d8b686566795b87924ba2fb1263b236df85	hmf_coarse.tsv	69	UNIQUE	source_log_basename
b20:hmf_coarse:HMF:69:0	b20	hmf_coarse	HMF	69		F				0	NA	hmf_coarse.tsv	70	NOT_RUN	TARGET_BEFORE_F
b20:hmf_coarse:HMF:69:0	b20	hmf_coarse	HMF	69		H	H_b20_cov95v2_HMF_h04_H_p119	attempt_e844f28de17150fb4c94	source_log_basename	119	68710af2b26ea3263e8004796be654d8d538a1e83bc58e4e567a5a27f5ee0e81	hmf_coarse.tsv	70	UNIQUE	source_log_basename
b20:hmf_coarse:HMF:69:0	b20	hmf_coarse	HMF	69		M	M_b20_cov95v2_HMF_h119_m006_p108	attempt_642f891fb57627844190	source_log_basename	108	2ea081226c05c6ef38abd2077264f87125583f9a2f6d7c59bb49d79c268f6735	hmf_coarse.tsv	70	UNIQUE	source_log_basename
b20:hmf_coarse:HMF:6:0	b20	hmf_coarse	HMF	6		F	F_b20_cov95v2_HMF_h1_m123_F_p39	attempt_d9d6f44d69ada08fe633	source_log_basename	39	c5de941d9fe7cabd8da42502fb35aa9972c85fc4dbad2562e96afeb22bf9bfe3	hmf_coarse.tsv	7	UNIQUE	source_log_basename
b20:hmf_coarse:HMF:6:0	b20	hmf_coarse	HMF	6		H	H_b20_cov95v2_HMF_h01_H_p1	attempt_bc0e0a4ac7524732dd08	source_log_basename	1	d52d10ca84f3e58c0c5b82699b0efa0295216414bc28a9ee35d8844974e85efb	hmf_coarse.tsv	7	UNIQUE	source_log_basename
b20:hmf_coarse:HMF:6:0	b20	hmf_coarse	HMF	6		M	M_b20_cov95v2_HMF_h1_m006_p123	attempt_0c702ffb263bbd66d229	source_log_basename	123	bb358c65bd7b08a57328aebf29c88c3db9d2552c2e432b2f396bb582c64ce7fa	hmf_coarse.tsv	7	UNIQUE	source_log_basename
b20:hmf_coarse:HMF:70:0	b20	hmf_coarse	HMF	70		F				0	NA	hmf_coarse.tsv	71	NOT_RUN	TARGET_BEFORE_F
b20:hmf_coarse:HMF:70:0	b20	hmf_coarse	HMF	70		H	H_b20_cov95v2_HMF_h04_H_p119	attempt_e844f28de17150fb4c94	source_log_basename	119	68710af2b26ea3263e8004796be654d8d538a1e83bc58e4e567a5a27f5ee0e81	hmf_coarse.tsv	71	UNIQUE	source_log_basename
b20:hmf_coarse:HMF:70:0	b20	hmf_coarse	HMF	70		M	M_b20_cov95v2_HMF_h119_m007_p129	attempt_088921940ad6af690181	source_log_basename	129	f07d9d9a95522dffe33f0b4c9df5f629530635b5a78b2d05e744ea5bb18e6171	hmf_coarse.tsv	71	UNIQUE	source_log_basename
b20:hmf_coarse:HMF:71:0	b20	hmf_coarse	HMF	71		F				0	NA	hmf_coarse.tsv	72	NOT_RUN	TARGET_BEFORE_F
b20:hmf_coarse:HMF:71:0	b20	hmf_coarse	HMF	71		H	H_b20_cov95v2_HMF_h04_H_p119	attempt_e844f28de17150fb4c94	source_log_basename	119	68710af2b26ea3263e8004796be654d8d538a1e83bc58e4e567a5a27f5ee0e81	hmf_coarse.tsv	72	UNIQUE	source_log_basename
b20:hmf_coarse:HMF:71:0	b20	hmf_coarse	HMF	71		M	M_b20_cov95v2_HMF_h119_m008_p151	attempt_9788d97a13c07d161894	source_log_basename	151	f7b60b6c3f4a40a004211ee3d725193f934eea8fe88d610edf18ff2cddb015b4	hmf_coarse.tsv	72	UNIQUE	source_log_basename
b20:hmf_coarse:HMF:72:0	b20	hmf_coarse	HMF	72		F				0	NA	hmf_coarse.tsv	73	NOT_RUN	TARGET_BEFORE_F
b20:hmf_coarse:HMF:72:0	b20	hmf_coarse	HMF	72		H	H_b20_cov95v2_HMF_h04_H_p119	attempt_e844f28de17150fb4c94	source_log_basename	119	68710af2b26ea3263e8004796be654d8d538a1e83bc58e4e567a5a27f5ee0e81	hmf_coarse.tsv	73	UNIQUE	source_log_basename
b20:hmf_coarse:HMF:72:0	b20	hmf_coarse	HMF	72		M	M_b20_cov95v2_HMF_h119_m009_p172	attempt_7931b8c834363db50bed	source_log_basename	172	4e3eed55a0ae3aafa2b46925fc741d435865cb8264f1e5f1f8ff0eda18ba2ee0	hmf_coarse.tsv	73	UNIQUE	source_log_basename
b20:hmf_coarse:HMF:73:0	b20	hmf_coarse	HMF	73		F				0	NA	hmf_coarse.tsv	74	NOT_RUN	TARGET_BEFORE_F
b20:hmf_coarse:HMF:73:0	b20	hmf_coarse	HMF	73		H	H_b20_cov95v2_HMF_h04_H_p119	attempt_e844f28de17150fb4c94	source_log_basename	119	68710af2b26ea3263e8004796be654d8d538a1e83bc58e4e567a5a27f5ee0e81	hmf_coarse.tsv	74	UNIQUE	source_log_basename
b20:hmf_coarse:HMF:73:0	b20	hmf_coarse	HMF	73		M	M_b20_cov95v2_HMF_h119_m010_p194	attempt_bcc6e3b5244701a140a6	source_log_basename	194	d2dbfc4ddca4cedecca6492e2caa32924d620141baa26723ab93c2fc3abe57d2	hmf_coarse.tsv	74	UNIQUE	source_log_basename
b20:hmf_coarse:HMF:74:0	b20	hmf_coarse	HMF	74		F				0	NA	hmf_coarse.tsv	75	NOT_RUN	TARGET_BEFORE_F
b20:hmf_coarse:HMF:74:0	b20	hmf_coarse	HMF	74		H	H_b20_cov95v2_HMF_h04_H_p119	attempt_e844f28de17150fb4c94	source_log_basename	119	68710af2b26ea3263e8004796be654d8d538a1e83bc58e4e567a5a27f5ee0e81	hmf_coarse.tsv	75	UNIQUE	source_log_basename
b20:hmf_coarse:HMF:74:0	b20	hmf_coarse	HMF	74		M	M_b20_cov95v2_HMF_h119_m011_p215	attempt_d64bfe27d44990b14359	source_log_basename	215	16f99869e6f14f0dcad301e193e48aebaf8dc933f73bc25ff503689012ca8443	hmf_coarse.tsv	75	UNIQUE	source_log_basename
b20:hmf_coarse:HMF:75:0	b20	hmf_coarse	HMF	75		F				0	NA	hmf_coarse.tsv	76	NOT_RUN	TARGET_BEFORE_F
b20:hmf_coarse:HMF:75:0	b20	hmf_coarse	HMF	75		H	H_b20_cov95v2_HMF_h04_H_p119	attempt_e844f28de17150fb4c94	source_log_basename	119	68710af2b26ea3263e8004796be654d8d538a1e83bc58e4e567a5a27f5ee0e81	hmf_coarse.tsv	76	UNIQUE	source_log_basename
b20:hmf_coarse:HMF:75:0	b20	hmf_coarse	HMF	75		M	M_b20_cov95v2_HMF_h119_m012_p237	attempt_78dae3d28ed97ccd8cdb	source_log_basename	237	44181ee898e1966c5fca7f098a0fb91e4b1db2fee608e4291caab50c392e3461	hmf_coarse.tsv	76	UNIQUE	source_log_basename
b20:hmf_coarse:HMF:76:0	b20	hmf_coarse	HMF	76		F				0	NA	hmf_coarse.tsv	77	NOT_RUN	TARGET_BEFORE_F
b20:hmf_coarse:HMF:76:0	b20	hmf_coarse	HMF	76		H	H_b20_cov95v2_HMF_h04_H_p119	attempt_e844f28de17150fb4c94	source_log_basename	119	68710af2b26ea3263e8004796be654d8d538a1e83bc58e4e567a5a27f5ee0e81	hmf_coarse.tsv	77	UNIQUE	source_log_basename
b20:hmf_coarse:HMF:76:0	b20	hmf_coarse	HMF	76		M	M_b20_cov95v2_HMF_h119_m013_p258	attempt_1770289b88a09ba3fc9a	source_log_basename	258	4e65744ad0eee83c34a5bf773d780da584580073a952d611c5a459d37979dec2	hmf_coarse.tsv	77	UNIQUE	source_log_basename
b20:hmf_coarse:HMF:77:0	b20	hmf_coarse	HMF	77		F				0	NA	hmf_coarse.tsv	78	NOT_RUN	TARGET_BEFORE_F
b20:hmf_coarse:HMF:77:0	b20	hmf_coarse	HMF	77		H	H_b20_cov95v2_HMF_h04_H_p119	attempt_e844f28de17150fb4c94	source_log_basename	119	68710af2b26ea3263e8004796be654d8d538a1e83bc58e4e567a5a27f5ee0e81	hmf_coarse.tsv	78	UNIQUE	source_log_basename
b20:hmf_coarse:HMF:77:0	b20	hmf_coarse	HMF	77		M	M_b20_cov95v2_HMF_h119_m014_p280	attempt_26fc22ff6b97888ff6bf	source_log_basename	280	d0f0bbedb51c56f4751bf6ebb68a2635dab90b0c516ede2c94eccc40f753f5a4	hmf_coarse.tsv	78	UNIQUE	source_log_basename
b20:hmf_coarse:HMF:78:0	b20	hmf_coarse	HMF	78		F				0	NA	hmf_coarse.tsv	79	NOT_RUN	TARGET_BEFORE_F
b20:hmf_coarse:HMF:78:0	b20	hmf_coarse	HMF	78		H	H_b20_cov95v2_HMF_h04_H_p119	attempt_e844f28de17150fb4c94	source_log_basename	119	68710af2b26ea3263e8004796be654d8d538a1e83bc58e4e567a5a27f5ee0e81	hmf_coarse.tsv	79	UNIQUE	source_log_basename
b20:hmf_coarse:HMF:78:0	b20	hmf_coarse	HMF	78		M	M_b20_cov95v2_HMF_h119_m015_p301	attempt_dd1ecfe1aa1e4e055d83	source_log_basename	301	044e6071e6ec9958cbce4ed0ee55d65af9ace13c41f7ca6b385448a12388dc78	hmf_coarse.tsv	79	UNIQUE	source_log_basename
b20:hmf_coarse:HMF:79:0	b20	hmf_coarse	HMF	79		F				0	NA	hmf_coarse.tsv	80	NOT_RUN	TARGET_BEFORE_F
b20:hmf_coarse:HMF:79:0	b20	hmf_coarse	HMF	79		H	H_b20_cov95v2_HMF_h04_H_p119	attempt_e844f28de17150fb4c94	source_log_basename	119	68710af2b26ea3263e8004796be654d8d538a1e83bc58e4e567a5a27f5ee0e81	hmf_coarse.tsv	80	UNIQUE	source_log_basename
b20:hmf_coarse:HMF:79:0	b20	hmf_coarse	HMF	79		M	M_b20_cov95v2_HMF_h119_m016_p323	attempt_a63585ede668c0864466	source_log_basename	323	02c476538f3604a1bede110919a55a51822870e444dd799367865b5952b7b207	hmf_coarse.tsv	80	UNIQUE	source_log_basename
b20:hmf_coarse:HMF:7:0	b20	hmf_coarse	HMF	7		F	F_b20_cov95v2_HMF_h1_m147_F_p28	attempt_c8dd59464fe458512526	source_log_basename	28	485ddb40608da4a9d60384f8e09de513e4451ea2b7ea8dc3f9d80baae0426ad0	hmf_coarse.tsv	8	UNIQUE	source_log_basename
b20:hmf_coarse:HMF:7:0	b20	hmf_coarse	HMF	7		H	H_b20_cov95v2_HMF_h01_H_p1	attempt_bc0e0a4ac7524732dd08	source_log_basename	1	d52d10ca84f3e58c0c5b82699b0efa0295216414bc28a9ee35d8844974e85efb	hmf_coarse.tsv	8	UNIQUE	source_log_basename
b20:hmf_coarse:HMF:7:0	b20	hmf_coarse	HMF	7		M	M_b20_cov95v2_HMF_h1_m007_p147	attempt_72bcbba36f11f03dbb2e	source_log_basename	147	05b2523e0fb08c8352e5a61548ec43e0297f41cc18c498fe3fd794cad95a6643	hmf_coarse.tsv	8	UNIQUE	source_log_basename
b20:hmf_coarse:HMF:80:0	b20	hmf_coarse	HMF	80		F				0	NA	hmf_coarse.tsv	81	NOT_RUN	TARGET_BEFORE_F
b20:hmf_coarse:HMF:80:0	b20	hmf_coarse	HMF	80		H	H_b20_cov95v2_HMF_h04_H_p119	attempt_e844f28de17150fb4c94	source_log_basename	119	68710af2b26ea3263e8004796be654d8d538a1e83bc58e4e567a5a27f5ee0e81	hmf_coarse.tsv	81	UNIQUE	source_log_basename
b20:hmf_coarse:HMF:80:0	b20	hmf_coarse	HMF	80		M	M_b20_cov95v2_HMF_h119_m017_p344	attempt_49652e733e05ce45ae5c	source_log_basename	344	ac0752e7a6b72ed8fb0027ea30b8b261ba12124b657235dbacf0b69aeb93df2a	hmf_coarse.tsv	81	UNIQUE	source_log_basename
b20:hmf_coarse:HMF:81:0	b20	hmf_coarse	HMF	81		F				0	NA	hmf_coarse.tsv	82	NOT_RUN	TARGET_BEFORE_F
b20:hmf_coarse:HMF:81:0	b20	hmf_coarse	HMF	81		H	H_b20_cov95v2_HMF_h04_H_p119	attempt_e844f28de17150fb4c94	source_log_basename	119	68710af2b26ea3263e8004796be654d8d538a1e83bc58e4e567a5a27f5ee0e81	hmf_coarse.tsv	82	UNIQUE	source_log_basename
b20:hmf_coarse:HMF:81:0	b20	hmf_coarse	HMF	81		M	M_b20_cov95v2_HMF_h119_m018_p366	attempt_63aa06fde7273c052e15	source_log_basename	363	17e1a00a470a13b46d5f39458447f38ecb17b564cbf090e9d80db72a32655146	hmf_coarse.tsv	82	UNIQUE	source_log_basename
b20:hmf_coarse:HMF:82:0	b20	hmf_coarse	HMF	82		F				0	NA	hmf_coarse.tsv	83	NOT_RUN	TARGET_BEFORE_F
b20:hmf_coarse:HMF:82:0	b20	hmf_coarse	HMF	82		H	H_b20_cov95v2_HMF_h04_H_p119	attempt_e844f28de17150fb4c94	source_log_basename	119	68710af2b26ea3263e8004796be654d8d538a1e83bc58e4e567a5a27f5ee0e81	hmf_coarse.tsv	83	UNIQUE	source_log_basename
b20:hmf_coarse:HMF:82:0	b20	hmf_coarse	HMF	82		M	M_b20_cov95v2_HMF_h119_m019_p387	attempt_5c719c9d8a7631b4c71a	source_log_basename	386	c6a927e9ca43042270747d7945b19ed388c56d8607e1407faa862a078f5e93d7	hmf_coarse.tsv	83	UNIQUE	source_log_basename
b20:hmf_coarse:HMF:83:0	b20	hmf_coarse	HMF	83		F				0	NA	hmf_coarse.tsv	84	NOT_RUN	TARGET_BEFORE_F
b20:hmf_coarse:HMF:83:0	b20	hmf_coarse	HMF	83		H	H_b20_cov95v2_HMF_h04_H_p119	attempt_e844f28de17150fb4c94	source_log_basename	119	68710af2b26ea3263e8004796be654d8d538a1e83bc58e4e567a5a27f5ee0e81	hmf_coarse.tsv	84	UNIQUE	source_log_basename
b20:hmf_coarse:HMF:83:0	b20	hmf_coarse	HMF	83		M	M_b20_cov95v2_HMF_h119_m020_p409	attempt_562646175cf4091811a9	source_log_basename	405	b83124185e348018c3edf63e86e855961d80567488fe8af0e8362187808dbd3f	hmf_coarse.tsv	84	UNIQUE	source_log_basename
b20:hmf_coarse:HMF:84:0	b20	hmf_coarse	HMF	84		F				0	NA	hmf_coarse.tsv	85	NOT_RUN	TARGET_BEFORE_F
b20:hmf_coarse:HMF:84:0	b20	hmf_coarse	HMF	84		H	H_b20_cov95v2_HMF_h04_H_p119	attempt_e844f28de17150fb4c94	source_log_basename	119	68710af2b26ea3263e8004796be654d8d538a1e83bc58e4e567a5a27f5ee0e81	hmf_coarse.tsv	85	UNIQUE	source_log_basename
b20:hmf_coarse:HMF:84:0	b20	hmf_coarse	HMF	84		M	M_b20_cov95v2_HMF_h119_Mfull	attempt_188f1518c1f9f0c7309e	source_log_basename	430	1908d470d669e80686fce9e666dcfcbec2016f2c179d018705db754d76ba8606	hmf_coarse.tsv	85	UNIQUE	source_log_basename
b20:hmf_coarse:HMF:85:0	b20	hmf_coarse	HMF	85		F	F_b20_cov95v2_HMF_h159_m1_F_p65	attempt_e123c206903f8fa502d4	source_log_basename	65	59cbe55a19c597828a43caa149b42459576d2f68caee6af1333948e359b857d6	hmf_coarse.tsv	86	UNIQUE	source_log_basename
b20:hmf_coarse:HMF:85:0	b20	hmf_coarse	HMF	85		H	H_b20_cov95v2_HMF_h05_H_p159	attempt_9ef216c18868c33fd1e6	source_log_basename	159	77f188be05c1e606c04e911b11eeb801e8fe2f8489529aa30701832d9ce79b72	hmf_coarse.tsv	86	UNIQUE	source_log_basename
b20:hmf_coarse:HMF:85:0	b20	hmf_coarse	HMF	85		M	M_b20_cov95v2_HMF_h159_m001_p1	attempt_46fa1a0c7e3536fb6313	source_log_basename	1	de4a8d231e8af9766348659fec4b51532e160fd884d83bdf9b744541393c7350	hmf_coarse.tsv	86	UNIQUE	source_log_basename
b20:hmf_coarse:HMF:86:0	b20	hmf_coarse	HMF	86		F	F_b20_cov95v2_HMF_h159_m20_F_p42	attempt_c64daf3b9b27057ddc95	source_log_basename	42	736f611be602b34d45b787dad2aa660a0fb7038025ae11b062947d75ac46db1b	hmf_coarse.tsv	87	UNIQUE	source_log_basename
b20:hmf_coarse:HMF:86:0	b20	hmf_coarse	HMF	86		H	H_b20_cov95v2_HMF_h05_H_p159	attempt_9ef216c18868c33fd1e6	source_log_basename	159	77f188be05c1e606c04e911b11eeb801e8fe2f8489529aa30701832d9ce79b72	hmf_coarse.tsv	87	UNIQUE	source_log_basename
b20:hmf_coarse:HMF:86:0	b20	hmf_coarse	HMF	86		M	M_b20_cov95v2_HMF_h159_m002_p20	attempt_9247f92a6205cca2fff4	source_log_basename	20	6683794012bf15d7011da42cdd4e55fec8d1026a6a49bfa57a6744580d62d694	hmf_coarse.tsv	87	UNIQUE	source_log_basename
b20:hmf_coarse:HMF:87:0	b20	hmf_coarse	HMF	87		F	F_b20_cov95v2_HMF_h159_m40_F_p36	attempt_39ea609aa6c43af76fd0	source_log_basename	36	0d55e2b0945ed54a4b6e4b2a4694361188a882e473f97323c02be5ec0087f796	hmf_coarse.tsv	88	UNIQUE	source_log_basename
b20:hmf_coarse:HMF:87:0	b20	hmf_coarse	HMF	87		H	H_b20_cov95v2_HMF_h05_H_p159	attempt_9ef216c18868c33fd1e6	source_log_basename	159	77f188be05c1e606c04e911b11eeb801e8fe2f8489529aa30701832d9ce79b72	hmf_coarse.tsv	88	UNIQUE	source_log_basename
b20:hmf_coarse:HMF:87:0	b20	hmf_coarse	HMF	87		M	M_b20_cov95v2_HMF_h159_m003_p40	attempt_f7b9823eee22b42700d1	source_log_basename	40	8e97bd32f393e6e976ca8d1d98f9803d736d412ee49260af49c301c98f9e60bb	hmf_coarse.tsv	88	UNIQUE	source_log_basename
b20:hmf_coarse:HMF:88:0	b20	hmf_coarse	HMF	88		F	F_b20_cov95v2_HMF_h159_m60_F_p16	attempt_114d61d9984b6680ed5d	source_log_basename	16	80ecf6f69c658ccecf501bb74770b15afa006425fb258d96e977ca51f8beff7c	hmf_coarse.tsv	89	UNIQUE	source_log_basename
b20:hmf_coarse:HMF:88:0	b20	hmf_coarse	HMF	88		H	H_b20_cov95v2_HMF_h05_H_p159	attempt_9ef216c18868c33fd1e6	source_log_basename	159	77f188be05c1e606c04e911b11eeb801e8fe2f8489529aa30701832d9ce79b72	hmf_coarse.tsv	89	UNIQUE	source_log_basename
b20:hmf_coarse:HMF:88:0	b20	hmf_coarse	HMF	88		M	M_b20_cov95v2_HMF_h159_m004_p60	attempt_c2a19b4968d3324d01eb	source_log_basename	60	d345472b12e9256813bc0f92f539199c093739c3a36b1b7d185ae9fbb03c6975	hmf_coarse.tsv	89	UNIQUE	source_log_basename
b20:hmf_coarse:HMF:89:0	b20	hmf_coarse	HMF	89		F	F_b20_cov95v2_HMF_h159_m80_F_p8	attempt_ed54963bb8abf9a1ca7b	source_log_basename	8	6a7e477b66cf861dcf6f508f6a5d14c4a3c09681ecd79dbcc3c75c9e7baa0ec4	hmf_coarse.tsv	90	UNIQUE	source_log_basename
b20:hmf_coarse:HMF:89:0	b20	hmf_coarse	HMF	89		H	H_b20_cov95v2_HMF_h05_H_p159	attempt_9ef216c18868c33fd1e6	source_log_basename	159	77f188be05c1e606c04e911b11eeb801e8fe2f8489529aa30701832d9ce79b72	hmf_coarse.tsv	90	UNIQUE	source_log_basename
b20:hmf_coarse:HMF:89:0	b20	hmf_coarse	HMF	89		M	M_b20_cov95v2_HMF_h159_m005_p80	attempt_3f6d244a065292c0203c	source_log_basename	80	21bb2d41836738e2aaef566277e11d7193ffe639bb47893e27b28181d506d4b6	hmf_coarse.tsv	90	UNIQUE	source_log_basename
b20:hmf_coarse:HMF:8:0	b20	hmf_coarse	HMF	8		F	F_b20_cov95v2_HMF_h1_m172_F_p13	attempt_758611c16cb75b501a9a	source_log_basename	13	71965d292d54f465efd20ceccef75665c4e0daf016ea7ba81bf58266823c67fd	hmf_coarse.tsv	9	UNIQUE	source_log_basename
b20:hmf_coarse:HMF:8:0	b20	hmf_coarse	HMF	8		H	H_b20_cov95v2_HMF_h01_H_p1	attempt_bc0e0a4ac7524732dd08	source_log_basename	1	d52d10ca84f3e58c0c5b82699b0efa0295216414bc28a9ee35d8844974e85efb	hmf_coarse.tsv	9	UNIQUE	source_log_basename
b20:hmf_coarse:HMF:8:0	b20	hmf_coarse	HMF	8		M	M_b20_cov95v2_HMF_h1_m008_p172	attempt_4a44bd1ad79dfd323869	source_log_basename	172	7f392c9f842baa1ad5b5c9b5ba2e4ed12d532558c2d42099e41666427f3a6eee	hmf_coarse.tsv	9	UNIQUE	source_log_basename
b20:hmf_coarse:HMF:90:0	b20	hmf_coarse	HMF	90		F				0	NA	hmf_coarse.tsv	91	NOT_RUN	TARGET_BEFORE_F
b20:hmf_coarse:HMF:90:0	b20	hmf_coarse	HMF	90		H	H_b20_cov95v2_HMF_h05_H_p159	attempt_9ef216c18868c33fd1e6	source_log_basename	159	77f188be05c1e606c04e911b11eeb801e8fe2f8489529aa30701832d9ce79b72	hmf_coarse.tsv	91	UNIQUE	source_log_basename
b20:hmf_coarse:HMF:90:0	b20	hmf_coarse	HMF	90		M	M_b20_cov95v2_HMF_h159_m006_p100	attempt_219705825d39e84222d1	source_log_basename	100	849dc0fc18a8d3584bda7351d8fffd8147bf20835820e3ed6961dc7b383555b8	hmf_coarse.tsv	91	UNIQUE	source_log_basename
b20:hmf_coarse:HMF:91:0	b20	hmf_coarse	HMF	91		F				0	NA	hmf_coarse.tsv	92	NOT_RUN	TARGET_BEFORE_F
b20:hmf_coarse:HMF:91:0	b20	hmf_coarse	HMF	91		H	H_b20_cov95v2_HMF_h05_H_p159	attempt_9ef216c18868c33fd1e6	source_log_basename	159	77f188be05c1e606c04e911b11eeb801e8fe2f8489529aa30701832d9ce79b72	hmf_coarse.tsv	92	UNIQUE	source_log_basename
b20:hmf_coarse:HMF:91:0	b20	hmf_coarse	HMF	91		M	M_b20_cov95v2_HMF_h159_m007_p120	attempt_8d9c26bfb833768bb5fe	source_log_basename	120	4ae2e4477e84f42868590d0428903bd0fdd45528d3dd40e507a80130cb54f443	hmf_coarse.tsv	92	UNIQUE	source_log_basename
b20:hmf_coarse:HMF:92:0	b20	hmf_coarse	HMF	92		F				0	NA	hmf_coarse.tsv	93	NOT_RUN	TARGET_BEFORE_F
b20:hmf_coarse:HMF:92:0	b20	hmf_coarse	HMF	92		H	H_b20_cov95v2_HMF_h05_H_p159	attempt_9ef216c18868c33fd1e6	source_log_basename	159	77f188be05c1e606c04e911b11eeb801e8fe2f8489529aa30701832d9ce79b72	hmf_coarse.tsv	93	UNIQUE	source_log_basename
b20:hmf_coarse:HMF:92:0	b20	hmf_coarse	HMF	92		M	M_b20_cov95v2_HMF_h159_m008_p140	attempt_cafb6fe2152df1aff128	source_log_basename	140	84d8ae572966561bab04e577e2f14763397448b2301f6b96b238db1625a8ff38	hmf_coarse.tsv	93	UNIQUE	source_log_basename
b20:hmf_coarse:HMF:93:0	b20	hmf_coarse	HMF	93		F				0	NA	hmf_coarse.tsv	94	NOT_RUN	TARGET_BEFORE_F
b20:hmf_coarse:HMF:93:0	b20	hmf_coarse	HMF	93		H	H_b20_cov95v2_HMF_h05_H_p159	attempt_9ef216c18868c33fd1e6	source_log_basename	159	77f188be05c1e606c04e911b11eeb801e8fe2f8489529aa30701832d9ce79b72	hmf_coarse.tsv	94	UNIQUE	source_log_basename
b20:hmf_coarse:HMF:93:0	b20	hmf_coarse	HMF	93		M	M_b20_cov95v2_HMF_h159_m009_p160	attempt_1f0c0756c8c1f02ea3ae	source_log_basename	160	30fa2287709c50a6debff9fd62da6595c9d238696b864b47f7f02cf7e414e26e	hmf_coarse.tsv	94	UNIQUE	source_log_basename
b20:hmf_coarse:HMF:94:0	b20	hmf_coarse	HMF	94		F				0	NA	hmf_coarse.tsv	95	NOT_RUN	TARGET_BEFORE_F
b20:hmf_coarse:HMF:94:0	b20	hmf_coarse	HMF	94		H	H_b20_cov95v2_HMF_h05_H_p159	attempt_9ef216c18868c33fd1e6	source_log_basename	159	77f188be05c1e606c04e911b11eeb801e8fe2f8489529aa30701832d9ce79b72	hmf_coarse.tsv	95	UNIQUE	source_log_basename
b20:hmf_coarse:HMF:94:0	b20	hmf_coarse	HMF	94		M	M_b20_cov95v2_HMF_h159_m010_p180	attempt_1f7b586921467aff6151	source_log_basename	180	c52a47c288ba4ed6ccda37dad99017d40867f0b4d04964bc80b91589efdae078	hmf_coarse.tsv	95	UNIQUE	source_log_basename
b20:hmf_coarse:HMF:95:0	b20	hmf_coarse	HMF	95		F				0	NA	hmf_coarse.tsv	96	NOT_RUN	TARGET_BEFORE_F
b20:hmf_coarse:HMF:95:0	b20	hmf_coarse	HMF	95		H	H_b20_cov95v2_HMF_h05_H_p159	attempt_9ef216c18868c33fd1e6	source_log_basename	159	77f188be05c1e606c04e911b11eeb801e8fe2f8489529aa30701832d9ce79b72	hmf_coarse.tsv	96	UNIQUE	source_log_basename
b20:hmf_coarse:HMF:95:0	b20	hmf_coarse	HMF	95		M	M_b20_cov95v2_HMF_h159_m011_p200	attempt_1288003bdf392dabd98e	source_log_basename	200	6460c3ccd1df42b6da0d5402e77e8ffbf3dba8e20d5dda3ecb2771f810ea5233	hmf_coarse.tsv	96	UNIQUE	source_log_basename
b20:hmf_coarse:HMF:96:0	b20	hmf_coarse	HMF	96		F				0	NA	hmf_coarse.tsv	97	NOT_RUN	TARGET_BEFORE_F
b20:hmf_coarse:HMF:96:0	b20	hmf_coarse	HMF	96		H	H_b20_cov95v2_HMF_h05_H_p159	attempt_9ef216c18868c33fd1e6	source_log_basename	159	77f188be05c1e606c04e911b11eeb801e8fe2f8489529aa30701832d9ce79b72	hmf_coarse.tsv	97	UNIQUE	source_log_basename
b20:hmf_coarse:HMF:96:0	b20	hmf_coarse	HMF	96		M	M_b20_cov95v2_HMF_h159_m012_p219	attempt_7c8d73ffc9507287a3e4	source_log_basename	219	3dd70c975a2a88734e6e834e823e1e6e99f3917e98da32d4f2bc019e67337618	hmf_coarse.tsv	97	UNIQUE	source_log_basename
b20:hmf_coarse:HMF:97:0	b20	hmf_coarse	HMF	97		F				0	NA	hmf_coarse.tsv	98	NOT_RUN	TARGET_BEFORE_F
b20:hmf_coarse:HMF:97:0	b20	hmf_coarse	HMF	97		H	H_b20_cov95v2_HMF_h05_H_p159	attempt_9ef216c18868c33fd1e6	source_log_basename	159	77f188be05c1e606c04e911b11eeb801e8fe2f8489529aa30701832d9ce79b72	hmf_coarse.tsv	98	UNIQUE	source_log_basename
b20:hmf_coarse:HMF:97:0	b20	hmf_coarse	HMF	97		M	M_b20_cov95v2_HMF_h159_m013_p239	attempt_acf7bbc72a1e6b4f6fe2	source_log_basename	239	2f81e6b7aa35e54aaed7bf5f78a02cb229ab44be01636a5612014818532c1ad9	hmf_coarse.tsv	98	UNIQUE	source_log_basename
b20:hmf_coarse:HMF:98:0	b20	hmf_coarse	HMF	98		F				0	NA	hmf_coarse.tsv	99	NOT_RUN	TARGET_BEFORE_F
b20:hmf_coarse:HMF:98:0	b20	hmf_coarse	HMF	98		H	H_b20_cov95v2_HMF_h05_H_p159	attempt_9ef216c18868c33fd1e6	source_log_basename	159	77f188be05c1e606c04e911b11eeb801e8fe2f8489529aa30701832d9ce79b72	hmf_coarse.tsv	99	UNIQUE	source_log_basename
b20:hmf_coarse:HMF:98:0	b20	hmf_coarse	HMF	98		M	M_b20_cov95v2_HMF_h159_m014_p259	attempt_81a949deb8469122373c	source_log_basename	259	10b9c9fec05df4619a6dd309a5bab285ccdf7bb2b3c0492e9af4f0e3c54642d2	hmf_coarse.tsv	99	UNIQUE	source_log_basename
b20:hmf_coarse:HMF:99:0	b20	hmf_coarse	HMF	99		F				0	NA	hmf_coarse.tsv	100	NOT_RUN	TARGET_BEFORE_F
b20:hmf_coarse:HMF:99:0	b20	hmf_coarse	HMF	99		H	H_b20_cov95v2_HMF_h05_H_p159	attempt_9ef216c18868c33fd1e6	source_log_basename	159	77f188be05c1e606c04e911b11eeb801e8fe2f8489529aa30701832d9ce79b72	hmf_coarse.tsv	100	UNIQUE	source_log_basename
b20:hmf_coarse:HMF:99:0	b20	hmf_coarse	HMF	99		M	M_b20_cov95v2_HMF_h159_m015_p279	attempt_9c68f98835fe3e0880b0	source_log_basename	279	7338508864f06f260ff1dcd3196458e66927880cc2fe608d052410b60e8aede5	hmf_coarse.tsv	100	UNIQUE	source_log_basename
b20:hmf_coarse:HMF:9:0	b20	hmf_coarse	HMF	9		F	F_b20_cov95v2_HMF_h1_m196_F_p2	attempt_984f586dbed75bf4d8fb	source_log_basename	2	dd50f5fd47dcb35556d2e92d7e2b5f988816fedc366fe24331bbc80a03505e4d	hmf_coarse.tsv	10	UNIQUE	source_log_basename
b20:hmf_coarse:HMF:9:0	b20	hmf_coarse	HMF	9		H	H_b20_cov95v2_HMF_h01_H_p1	attempt_bc0e0a4ac7524732dd08	source_log_basename	1	d52d10ca84f3e58c0c5b82699b0efa0295216414bc28a9ee35d8844974e85efb	hmf_coarse.tsv	10	UNIQUE	source_log_basename
b20:hmf_coarse:HMF:9:0	b20	hmf_coarse	HMF	9		M	M_b20_cov95v2_HMF_h1_m009_p196	attempt_3b56df386ab3e19f0f68	source_log_basename	196	cc02cc37d0bee10f711c44379181d7a7b07e0be21159b36922f778f706d961b9	hmf_coarse.tsv	10	UNIQUE	source_log_basename
b20:hmf_refine:HMF:100:0	b20	hmf_refine	HMF	100		F	F_b20_cov95v2_HMF_refine_h45_m141_F_p5	attempt_6478ab2061e60cb5b17d	source_log_basename	5	6b000e3f65e85a9db35a7fab33927ff1cf6007bb69c63cfa594ef93f62e41a3e	hmf_refine.tsv	101	UNIQUE	source_log_basename
b20:hmf_refine:HMF:100:0	b20	hmf_refine	HMF	100		H	H_b20_cov95v2_HMF_refine_H_p45	attempt_021b76cb25a5a45ee884	source_log_basename	45	c5f8b3b401a3b72a0499ddbe88229eb4826c7ee315f338448520fa65d4b850d3	hmf_refine.tsv	101	UNIQUE	source_log_basename
b20:hmf_refine:HMF:100:0	b20	hmf_refine	HMF	100		M	M_b20_cov95v2_HMF_refine_h45_m141	attempt_542f53b9e8e508b01674	source_log_basename	141	6885a9b099d9d323302f0f05c53b7ee70f190314071a54285c99d7dbabea8c16	hmf_refine.tsv	101	UNIQUE	source_log_basename
b20:hmf_refine:HMF:101:0	b20	hmf_refine	HMF	101		F	F_b20_cov95v2_HMF_refine_h50_m133_F_p6	attempt_cef8ddbd900d05f390ce	source_log_basename	6	a040b8e7489e36d52cdf36ba6b8416fd9e7885368d6c4cd3928934fcd179046b	hmf_refine.tsv	102	UNIQUE	source_log_basename
b20:hmf_refine:HMF:101:0	b20	hmf_refine	HMF	101		H	H_b20_cov95v2_HMF_refine_H_p50	attempt_e32a5f296db16b0e257c	source_log_basename	50	05a90d3971500436ef098cf1e93d1c583b6c56bc76a6955f2cf5c8ed83113c62	hmf_refine.tsv	102	UNIQUE	source_log_basename
b20:hmf_refine:HMF:101:0	b20	hmf_refine	HMF	101		M	M_b20_cov95v2_HMF_refine_h50_m133	attempt_6475a0710e3b2a8072a3	source_log_basename	133	fec6d7614490c166492d63d84c4ede819b747f02183f151a5a6d6a61a8ac593f	hmf_refine.tsv	102	UNIQUE	source_log_basename
b20:hmf_refine:HMF:102:0	b20	hmf_refine	HMF	102		F	F_b20_cov95v2_HMF_refine_h50_m141_F_p1	attempt_ccae3fadb79f3f03dc3f	source_log_basename	1	63be6c3dcfd48cf7d99ad7eb1523ee8b4007e49b9090b5065d08a4b8d946f239	hmf_refine.tsv	103	UNIQUE	source_log_basename
b20:hmf_refine:HMF:102:0	b20	hmf_refine	HMF	102		H	H_b20_cov95v2_HMF_refine_H_p50	attempt_e32a5f296db16b0e257c	source_log_basename	50	05a90d3971500436ef098cf1e93d1c583b6c56bc76a6955f2cf5c8ed83113c62	hmf_refine.tsv	103	UNIQUE	source_log_basename
b20:hmf_refine:HMF:102:0	b20	hmf_refine	HMF	102		M	M_b20_cov95v2_HMF_refine_h50_m141	attempt_e1ea6fe6a7c9396334b1	source_log_basename	141	7c116f85f3d9d1c0bb410926c6efba249c24597d31d35874fe6de1a2bea6e727	hmf_refine.tsv	103	UNIQUE	source_log_basename
b20:hmf_refine:HMF:103:0	b20	hmf_refine	HMF	103		F				0	NA	hmf_refine.tsv	104	NOT_RUN	TARGET_BEFORE_F
b20:hmf_refine:HMF:103:0	b20	hmf_refine	HMF	103		H	H_b20_cov95v2_HMF_refine_H_p55	attempt_277d0afb9e965f93e11d	source_log_basename	55	8e9407850d071618990a8bd7b910c79b32daf490a864d1df9f6b7ac85167a095	hmf_refine.tsv	104	UNIQUE	source_log_basename
b20:hmf_refine:HMF:103:0	b20	hmf_refine	HMF	103		M	M_b20_cov95v2_HMF_refine_h55_m133	attempt_4ac760efb132a62d741c	source_log_basename	133	c3f542139efd5cc311986fd1733241ffa2bc59b9e49b76ef43a7169602cf3378	hmf_refine.tsv	104	UNIQUE	source_log_basename
b20:hmf_refine:HMF:104:0	b20	hmf_refine	HMF	104		F				0	NA	hmf_refine.tsv	105	NOT_RUN	TARGET_BEFORE_F
b20:hmf_refine:HMF:104:0	b20	hmf_refine	HMF	104		H	H_b20_cov95v2_HMF_refine_H_p55	attempt_277d0afb9e965f93e11d	source_log_basename	55	8e9407850d071618990a8bd7b910c79b32daf490a864d1df9f6b7ac85167a095	hmf_refine.tsv	105	UNIQUE	source_log_basename
b20:hmf_refine:HMF:104:0	b20	hmf_refine	HMF	104		M	M_b20_cov95v2_HMF_refine_h55_m137	attempt_2f6b7eedbba3743027a6	source_log_basename	137	e693bed543694fb433ae452231741fbe37c9e0a78f49fb98d697c4bf58f432d2	hmf_refine.tsv	105	UNIQUE	source_log_basename
b20:hmf_refine:HMF:105:0	b20	hmf_refine	HMF	105		F				0	NA	hmf_refine.tsv	106	NOT_RUN	TARGET_BEFORE_F
b20:hmf_refine:HMF:105:0	b20	hmf_refine	HMF	105		H	H_b20_cov95v2_HMF_refine_H_p55	attempt_277d0afb9e965f93e11d	source_log_basename	55	8e9407850d071618990a8bd7b910c79b32daf490a864d1df9f6b7ac85167a095	hmf_refine.tsv	106	UNIQUE	source_log_basename
b20:hmf_refine:HMF:105:0	b20	hmf_refine	HMF	105		M	M_b20_cov95v2_HMF_refine_h55_m141	attempt_0c2ff53e1cc887a5c858	source_log_basename	141	1054c582344897eb86a329c73fc64734e8a1a863d38349a18b245f6f91ee6763	hmf_refine.tsv	106	UNIQUE	source_log_basename
b20:hmf_refine:HMF:106:0	b20	hmf_refine	HMF	106		F	F_b20_cov95v2_HMF_refine_h47_m135_F_p2	attempt_d8786cdcf28543e90880	source_log_basename	2	937f03ababa2ee88501277431684165fd8f32a5b29de1eee43e484f375d3d769	hmf_refine.tsv	107	UNIQUE	source_log_basename
b20:hmf_refine:HMF:106:0	b20	hmf_refine	HMF	106		H	H_b20_cov95v2_HMF_refine_H_p47	attempt_1b558f7bdd80b5ef66e0	source_log_basename	47	6788719779da688a5c9da90c488192af716f7fea2e25cda81674ea55bd281391	hmf_refine.tsv	107	UNIQUE	source_log_basename
b20:hmf_refine:HMF:106:0	b20	hmf_refine	HMF	106		M	M_b20_cov95v2_HMF_refine_h47_m135	attempt_e77325cf4a10695fe4b4	source_log_basename	135	0bf8107faa2d3abab88396de43bd1d5744d888f6284aef804816e80066a8c6bd	hmf_refine.tsv	107	UNIQUE	source_log_basename
b20:hmf_refine:HMF:107:0	b20	hmf_refine	HMF	107		F	F_b20_cov95v2_HMF_refine_h47_m137_F_p1	attempt_b8d791adb413ad56ea8f	source_log_basename	1	cdc4931b12bca8c0401a5ff939066c5293d0111f2a74597cb7bf8f2964adb122	hmf_refine.tsv	108	UNIQUE	source_log_basename
b20:hmf_refine:HMF:107:0	b20	hmf_refine	HMF	107		H	H_b20_cov95v2_HMF_refine_H_p47	attempt_1b558f7bdd80b5ef66e0	source_log_basename	47	6788719779da688a5c9da90c488192af716f7fea2e25cda81674ea55bd281391	hmf_refine.tsv	108	UNIQUE	source_log_basename
b20:hmf_refine:HMF:107:0	b20	hmf_refine	HMF	107		M	M_b20_cov95v2_HMF_refine_h47_m137	attempt_55c9c2b8f152998390c9	source_log_basename	137	3d58ef6ae677c89dfa75e7ae6bd64d4b786919f748af3fcccd9f20eab8e985ce	hmf_refine.tsv	108	UNIQUE	source_log_basename
b20:hmf_refine:HMF:108:0	b20	hmf_refine	HMF	108		F				0	NA	hmf_refine.tsv	109	NOT_RUN	TARGET_BEFORE_F
b20:hmf_refine:HMF:108:0	b20	hmf_refine	HMF	108		H	H_b20_cov95v2_HMF_refine_H_p47	attempt_1b558f7bdd80b5ef66e0	source_log_basename	47	6788719779da688a5c9da90c488192af716f7fea2e25cda81674ea55bd281391	hmf_refine.tsv	109	UNIQUE	source_log_basename
b20:hmf_refine:HMF:108:0	b20	hmf_refine	HMF	108		M	M_b20_cov95v2_HMF_refine_h47_m139	attempt_9bb876cb2090e6e9dc89	source_log_basename	139	a63e31298bac29ae50ffd3f8ae4752e8fe227111f3f7ead0a9ecf1aafbc95776	hmf_refine.tsv	109	UNIQUE	source_log_basename
b20:hmf_refine:HMF:109:0	b20	hmf_refine	HMF	109		F	F_b20_cov95v2_HMF_refine_h50_m139_F_p2	attempt_540f0432f6831768b230	source_log_basename	2	0c022ee9e0291fbbf44a5adef1baed1cc19069d3d538ca1b3587ec3ed84cf0ab	hmf_refine.tsv	110	UNIQUE	source_log_basename
b20:hmf_refine:HMF:109:0	b20	hmf_refine	HMF	109		H	H_b20_cov95v2_HMF_refine_H_p50	attempt_e32a5f296db16b0e257c	source_log_basename	50	05a90d3971500436ef098cf1e93d1c583b6c56bc76a6955f2cf5c8ed83113c62	hmf_refine.tsv	110	UNIQUE	source_log_basename
b20:hmf_refine:HMF:109:0	b20	hmf_refine	HMF	109		M	M_b20_cov95v2_HMF_refine_h50_m139	attempt_281aa2c8e7c071fa4c67	source_log_basename	139	edbd6a1e825ae93c198ddc242f1f7d31ef020d72b21ed64f118a47984c96f14d	hmf_refine.tsv	110	UNIQUE	source_log_basename
b20:hmf_refine:HMF:10:0	b20	hmf_refine	HMF	10		F	F_b20_cov95v2_HMF_refine_h40_m128_F_p15	attempt_954e293f64713d355329	source_log_basename	15	a3af8967d4e2d9dc0d23c8115ff81da11f4d384bc2539e9c29f12e1889093253	hmf_refine.tsv	11	UNIQUE	source_log_basename
b20:hmf_refine:HMF:10:0	b20	hmf_refine	HMF	10		H	H_b20_cov95v2_HMF_refine_H_p40	attempt_2dc905ecc0125b75c80b	source_log_basename	40	eb2795dabafd038320b3ba057131d431a9f30ea9efa787eb5ace14e0f0831ca0	hmf_refine.tsv	11	UNIQUE	source_log_basename
b20:hmf_refine:HMF:10:0	b20	hmf_refine	HMF	10		M	M_b20_cov95v2_HMF_refine_h40_m128	attempt_a9de07aeda1c6c1c1e0d	source_log_basename	128	2caa142a48c80680afd79bea5ae780d2897a50fbe37db8b35b7ba3e46b0ddc65	hmf_refine.tsv	11	UNIQUE	source_log_basename
b20:hmf_refine:HMF:110:0	b20	hmf_refine	HMF	110		F	F_b20_cov95v2_HMF_refine_h53_m135_F_p1	attempt_1f9b467909392f42659b	source_log_basename	1	b1071a8696763f0ae3a412b289765d6e524975f66af02ff833fc38adb93a665a	hmf_refine.tsv	111	UNIQUE	source_log_basename
b20:hmf_refine:HMF:110:0	b20	hmf_refine	HMF	110		H	H_b20_cov95v2_HMF_refine_H_p53	attempt_c26f33ac7550e51b3d80	source_log_basename	53	55ad99199f8f6df3fd6fce35ca5b35779ecdbe03351b95a63d0c505ad70a1da9	hmf_refine.tsv	111	UNIQUE	source_log_basename
b20:hmf_refine:HMF:110:0	b20	hmf_refine	HMF	110		M	M_b20_cov95v2_HMF_refine_h53_m135	attempt_d0bf1e8fb99fc4660ed1	source_log_basename	135	784b658db4cb1185bcbf3a628f4282ae525adb982aa684c7f719318c64c8dab0	hmf_refine.tsv	111	UNIQUE	source_log_basename
b20:hmf_refine:HMF:111:0	b20	hmf_refine	HMF	111		F				0	NA	hmf_refine.tsv	112	NOT_RUN	TARGET_BEFORE_F
b20:hmf_refine:HMF:111:0	b20	hmf_refine	HMF	111		H	H_b20_cov95v2_HMF_refine_H_p53	attempt_c26f33ac7550e51b3d80	source_log_basename	53	55ad99199f8f6df3fd6fce35ca5b35779ecdbe03351b95a63d0c505ad70a1da9	hmf_refine.tsv	112	UNIQUE	source_log_basename
b20:hmf_refine:HMF:111:0	b20	hmf_refine	HMF	111		M	M_b20_cov95v2_HMF_refine_h53_m137	attempt_9a42f3c7732d0541c271	source_log_basename	137	e9097106f3072533a448e79d292e1689cabb340ba706a4d19f8519b8df19806e	hmf_refine.tsv	112	UNIQUE	source_log_basename
b20:hmf_refine:HMF:112:0	b20	hmf_refine	HMF	112		F				0	NA	hmf_refine.tsv	113	NOT_RUN	TARGET_BEFORE_F
b20:hmf_refine:HMF:112:0	b20	hmf_refine	HMF	112		H	H_b20_cov95v2_HMF_refine_H_p53	attempt_c26f33ac7550e51b3d80	source_log_basename	53	55ad99199f8f6df3fd6fce35ca5b35779ecdbe03351b95a63d0c505ad70a1da9	hmf_refine.tsv	113	UNIQUE	source_log_basename
b20:hmf_refine:HMF:112:0	b20	hmf_refine	HMF	112		M	M_b20_cov95v2_HMF_refine_h53_m139	attempt_dba135824beddea88ace	source_log_basename	139	292b6f2ed463757f4c18bfab29007e6828e3214651e6bf7aef3e72a423e0a4a5	hmf_refine.tsv	113	UNIQUE	source_log_basename
b20:hmf_refine:HMF:113:0	b20	hmf_refine	HMF	113		F	F_b20_cov95v2_HMF_refine_h45_m136_F_p7	attempt_95c27ba6d869644a4f33	source_log_basename	7	985a7b26fe262eedc174794c0c75ff9b6e91298b3c9b30530b9e44e286d6aeb3	hmf_refine.tsv	114	UNIQUE	source_log_basename
b20:hmf_refine:HMF:113:0	b20	hmf_refine	HMF	113		H	H_b20_cov95v2_HMF_refine_H_p45	attempt_021b76cb25a5a45ee884	source_log_basename	45	c5f8b3b401a3b72a0499ddbe88229eb4826c7ee315f338448520fa65d4b850d3	hmf_refine.tsv	114	UNIQUE	source_log_basename
b20:hmf_refine:HMF:113:0	b20	hmf_refine	HMF	113		M	M_b20_cov95v2_HMF_refine_h45_m136	attempt_5f9805d3058756b16246	source_log_basename	136	493bcc0265f02d6399902518210abce43024072f1a4803bd4926ec0cf06ed621	hmf_refine.tsv	114	UNIQUE	source_log_basename
b20:hmf_refine:HMF:114:0	b20	hmf_refine	HMF	114		F	F_b20_cov95v2_HMF_refine_h45_m138_F_p6	attempt_f89b501bed4776ba402f	source_log_basename	6	73631e1ad793590951c5004bfecfc99aff975bdbec81f7294b4e8ee4464cefe9	hmf_refine.tsv	115	UNIQUE	source_log_basename
b20:hmf_refine:HMF:114:0	b20	hmf_refine	HMF	114		H	H_b20_cov95v2_HMF_refine_H_p45	attempt_021b76cb25a5a45ee884	source_log_basename	45	c5f8b3b401a3b72a0499ddbe88229eb4826c7ee315f338448520fa65d4b850d3	hmf_refine.tsv	115	UNIQUE	source_log_basename
b20:hmf_refine:HMF:114:0	b20	hmf_refine	HMF	114		M	M_b20_cov95v2_HMF_refine_h45_m138	attempt_0f7239ad74e4247f5630	source_log_basename	138	4d1b50a9c292fd4f257f90ea692a89391eed56900afe5d889056400cf458b00f	hmf_refine.tsv	115	UNIQUE	source_log_basename
b20:hmf_refine:HMF:115:0	b20	hmf_refine	HMF	115		F	F_b20_cov95v2_HMF_refine_h47_m136_F_p1	attempt_0c50391464ff433059dc	source_log_basename	1	759d0b044322f8823fbe092efe9b21af75ff2c60db6a357006e575eca8ac0173	hmf_refine.tsv	116	UNIQUE	source_log_basename
b20:hmf_refine:HMF:115:0	b20	hmf_refine	HMF	115		H	H_b20_cov95v2_HMF_refine_H_p47	attempt_1b558f7bdd80b5ef66e0	source_log_basename	47	6788719779da688a5c9da90c488192af716f7fea2e25cda81674ea55bd281391	hmf_refine.tsv	116	UNIQUE	source_log_basename
b20:hmf_refine:HMF:115:0	b20	hmf_refine	HMF	115		M	M_b20_cov95v2_HMF_refine_h47_m136	attempt_0eab1e241f6f78d07413	source_log_basename	136	9fc9a8e010e4700b025f1287b81959e0ac8ef7f3be881aa468891cdcadee8f68	hmf_refine.tsv	116	UNIQUE	source_log_basename
b20:hmf_refine:HMF:116:0	b20	hmf_refine	HMF	116		F				0	NA	hmf_refine.tsv	117	NOT_RUN	TARGET_BEFORE_F
b20:hmf_refine:HMF:116:0	b20	hmf_refine	HMF	116		H	H_b20_cov95v2_HMF_refine_H_p47	attempt_1b558f7bdd80b5ef66e0	source_log_basename	47	6788719779da688a5c9da90c488192af716f7fea2e25cda81674ea55bd281391	hmf_refine.tsv	117	UNIQUE	source_log_basename
b20:hmf_refine:HMF:116:0	b20	hmf_refine	HMF	116		M	M_b20_cov95v2_HMF_refine_h47_m138	attempt_afb979d77055dc474781	source_log_basename	138	96b35b48df799b0a9df03732617ba240510a2c72531d2cf014f057fa4fec3376	hmf_refine.tsv	117	UNIQUE	source_log_basename
b20:hmf_refine:HMF:117:0	b20	hmf_refine	HMF	117		F	F_b20_cov95v2_HMF_refine_h49_m136_F_p4	attempt_63db6aa7beadbb380eed	source_log_basename	4	e0d24b86b2e86f83e9b4781761ba6e1855928e42a0bfa3295e14308775264ad7	hmf_refine.tsv	118	UNIQUE	source_log_basename
b20:hmf_refine:HMF:117:0	b20	hmf_refine	HMF	117		H	H_b20_cov95v2_HMF_refine_H_p49	attempt_f21474addcfcde80fdae	source_log_basename	49	a73ff030273311defdf279e45fb55f6ad95e395761784bced4f0f375aaaad819	hmf_refine.tsv	118	UNIQUE	source_log_basename
b20:hmf_refine:HMF:117:0	b20	hmf_refine	HMF	117		M	M_b20_cov95v2_HMF_refine_h49_m136	attempt_65628648d0bff3b5c83c	source_log_basename	136	928f493a1d34dec9e43d4896a367251f1cb9b1360e60ab85e6186496084b8463	hmf_refine.tsv	118	UNIQUE	source_log_basename
b20:hmf_refine:HMF:118:0	b20	hmf_refine	HMF	118		F	F_b20_cov95v2_HMF_refine_h49_m137_F_p3	attempt_8d03cc1462918ef711bd	source_log_basename	3	d484c958a9b53125977642e0050144b127194f2bf1cdbc95982f607261e10425	hmf_refine.tsv	119	UNIQUE	source_log_basename
b20:hmf_refine:HMF:118:0	b20	hmf_refine	HMF	118		H	H_b20_cov95v2_HMF_refine_H_p49	attempt_f21474addcfcde80fdae	source_log_basename	49	a73ff030273311defdf279e45fb55f6ad95e395761784bced4f0f375aaaad819	hmf_refine.tsv	119	UNIQUE	source_log_basename
b20:hmf_refine:HMF:118:0	b20	hmf_refine	HMF	118		M	M_b20_cov95v2_HMF_refine_h49_m137	attempt_99025a75cd649cac2836	source_log_basename	137	80944d35fa10245ffd42c461127dfbf3b3d76319825578620974da16c1224d0e	hmf_refine.tsv	119	UNIQUE	source_log_basename
b20:hmf_refine:HMF:119:0	b20	hmf_refine	HMF	119		F	F_b20_cov95v2_HMF_refine_h49_m138_F_p2	attempt_3761b1a0b25d7835d2ea	source_log_basename	2	4532449be8c3d034afeaeaf90e5f19407327b37d2fb46f666066ff5469709075	hmf_refine.tsv	120	UNIQUE	source_log_basename
b20:hmf_refine:HMF:119:0	b20	hmf_refine	HMF	119		H	H_b20_cov95v2_HMF_refine_H_p49	attempt_f21474addcfcde80fdae	source_log_basename	49	a73ff030273311defdf279e45fb55f6ad95e395761784bced4f0f375aaaad819	hmf_refine.tsv	120	UNIQUE	source_log_basename
b20:hmf_refine:HMF:119:0	b20	hmf_refine	HMF	119		M	M_b20_cov95v2_HMF_refine_h49_m138	attempt_9c0f2b61b298bc9f4f4a	source_log_basename	138	78745351ce3b1bf7283dd1aef123731d23be1da17bf457f1f981cbc3bdc3803f	hmf_refine.tsv	120	UNIQUE	source_log_basename
b20:hmf_refine:HMF:11:0	b20	hmf_refine	HMF	11		F				0	NA	hmf_refine.tsv	12	NOT_RUN	TARGET_BEFORE_F
b20:hmf_refine:HMF:11:0	b20	hmf_refine	HMF	11		H	H_b20_cov95v2_HMF_refine_H_p40	attempt_2dc905ecc0125b75c80b	source_log_basename	40	eb2795dabafd038320b3ba057131d431a9f30ea9efa787eb5ace14e0f0831ca0	hmf_refine.tsv	12	UNIQUE	source_log_basename
b20:hmf_refine:HMF:11:0	b20	hmf_refine	HMF	11		M	M_b20_cov95v2_HMF_refine_h40_m154	attempt_a8127a7a5c3ea42a35fc	source_log_basename	154	0898278fc78f6b612a6c1c40ea682a930baa6ccad0765e8acf405f36a2922175	hmf_refine.tsv	12	UNIQUE	source_log_basename
b20:hmf_refine:HMF:120:0	b20	hmf_refine	HMF	120		F	F_b20_cov95v2_HMF_refine_h46_m135_F_p2	attempt_75f55c7902cb0252622c	source_log_basename	2	78702a44fb9f9e67da918cb77da318732497732f638d16aecb00080cb28e9660	hmf_refine.tsv	121	UNIQUE	source_log_basename
b20:hmf_refine:HMF:120:0	b20	hmf_refine	HMF	120		H	H_b20_cov95v2_HMF_refine_H_p46	attempt_10121634efc9ffc4ebca	source_log_basename	46	2009be86d2ca7320a8c99e15c40ec28413f4246a8c15a11757a827c57b060e6e	hmf_refine.tsv	121	UNIQUE	source_log_basename
b20:hmf_refine:HMF:120:0	b20	hmf_refine	HMF	120		M	M_b20_cov95v2_HMF_refine_h46_m135	attempt_7da5a6b3adbf01bd4052	source_log_basename	135	ccac45ec44b848c7cfb18d59c6d5284dd127b467580bef8d91038cb78709805a	hmf_refine.tsv	121	UNIQUE	source_log_basename
b20:hmf_refine:HMF:121:0	b20	hmf_refine	HMF	121		F	F_b20_cov95v2_HMF_refine_h46_m136_F_p1	attempt_1e6d3544732df0407ce8	source_log_basename	1	c834494548802318bd887a3a41270d04dba53ad1282008eae07ee965becf26a0	hmf_refine.tsv	122	UNIQUE	source_log_basename
b20:hmf_refine:HMF:121:0	b20	hmf_refine	HMF	121		H	H_b20_cov95v2_HMF_refine_H_p46	attempt_10121634efc9ffc4ebca	source_log_basename	46	2009be86d2ca7320a8c99e15c40ec28413f4246a8c15a11757a827c57b060e6e	hmf_refine.tsv	122	UNIQUE	source_log_basename
b20:hmf_refine:HMF:121:0	b20	hmf_refine	HMF	121		M	M_b20_cov95v2_HMF_refine_h46_m136	attempt_318fe78f63636e54190c	source_log_basename	136	bce0f63b2c110a7a67d944516bfd351baa1da972c9aa4b631fc81a313f7bd091	hmf_refine.tsv	122	UNIQUE	source_log_basename
b20:hmf_refine:HMF:122:0	b20	hmf_refine	HMF	122		F	F_b20_cov95v2_HMF_refine_h46_m137_F_p1	attempt_9a87c68f1ee0bc711884	source_log_basename	1	f7b42d109cefb37f4ba15050f0928533183e662b6fb804e846f669ce684a34bb	hmf_refine.tsv	123	UNIQUE	source_log_basename
b20:hmf_refine:HMF:122:0	b20	hmf_refine	HMF	122		H	H_b20_cov95v2_HMF_refine_H_p46	attempt_10121634efc9ffc4ebca	source_log_basename	46	2009be86d2ca7320a8c99e15c40ec28413f4246a8c15a11757a827c57b060e6e	hmf_refine.tsv	123	UNIQUE	source_log_basename
b20:hmf_refine:HMF:122:0	b20	hmf_refine	HMF	122		M	M_b20_cov95v2_HMF_refine_h46_m137	attempt_9ce1aba89aef00667d8e	source_log_basename	137	69cbc685e7f631d9808d4ba4b178944b3cefd777120cbb6a499e0c21411eb9f1	hmf_refine.tsv	123	UNIQUE	source_log_basename
b20:hmf_refine:HMF:123:0	b20	hmf_refine	HMF	123		F	F_b20_cov95v2_HMF_refine_h48_m135_F_p2	attempt_2476bfb5e576ef9d1ac0	source_log_basename	2	4ae3a64e873a2c91c3204d53fe1dd23051930363132021c0a0e594543cf0910e	hmf_refine.tsv	124	UNIQUE	source_log_basename
b20:hmf_refine:HMF:123:0	b20	hmf_refine	HMF	123		H	H_b20_cov95v2_HMF_refine_H_p48	attempt_7a659c5ddeb658295ecd	source_log_basename	48	546ce5f06b084d463fd4ff4eb89f8c7dfb20c50cc583930df3b89a947b59d5fa	hmf_refine.tsv	124	UNIQUE	source_log_basename
b20:hmf_refine:HMF:123:0	b20	hmf_refine	HMF	123		M	M_b20_cov95v2_HMF_refine_h48_m135	attempt_f74daeb14ebecdee4d9c	source_log_basename	135	fc0bce2c94231a60567485cb1619fb0cccf2873e2e07d98666eab67cd3f1c5ed	hmf_refine.tsv	124	UNIQUE	source_log_basename
b20:hmf_refine:HMF:124:0	b20	hmf_refine	HMF	124		F	F_b20_cov95v2_HMF_refine_h48_m136_F_p1	attempt_5024663707de607149ec	source_log_basename	1	e187b5045dbebb89b6763213b32d0160c355fdbef7619ac5281abd18756bde75	hmf_refine.tsv	125	UNIQUE	source_log_basename
b20:hmf_refine:HMF:124:0	b20	hmf_refine	HMF	124		H	H_b20_cov95v2_HMF_refine_H_p48	attempt_7a659c5ddeb658295ecd	source_log_basename	48	546ce5f06b084d463fd4ff4eb89f8c7dfb20c50cc583930df3b89a947b59d5fa	hmf_refine.tsv	125	UNIQUE	source_log_basename
b20:hmf_refine:HMF:124:0	b20	hmf_refine	HMF	124		M	M_b20_cov95v2_HMF_refine_h48_m136	attempt_bbc763ec1cc231e1cc2d	source_log_basename	136	a535a209ef82615ac0e1f86049995232cbbdae937444187ebac313c6c762bbf2	hmf_refine.tsv	125	UNIQUE	source_log_basename
b20:hmf_refine:HMF:125:0	b20	hmf_refine	HMF	125		F	F_b20_cov95v2_HMF_refine_h48_m137_F_p1	attempt_7b7a38ae9fb18e4b8dfb	source_log_basename	1	c34abb91fa985b9475870a5956cc73d5bd3c99221924950006efabc13d76a674	hmf_refine.tsv	126	UNIQUE	source_log_basename
b20:hmf_refine:HMF:125:0	b20	hmf_refine	HMF	125		H	H_b20_cov95v2_HMF_refine_H_p48	attempt_7a659c5ddeb658295ecd	source_log_basename	48	546ce5f06b084d463fd4ff4eb89f8c7dfb20c50cc583930df3b89a947b59d5fa	hmf_refine.tsv	126	UNIQUE	source_log_basename
b20:hmf_refine:HMF:125:0	b20	hmf_refine	HMF	125		M	M_b20_cov95v2_HMF_refine_h48_m137	attempt_440facf707c2e0347b47	source_log_basename	137	b91b83d8a76595ba3c283d755a6d855b9e28d7edcc9bc10087effb4a32b40264	hmf_refine.tsv	126	UNIQUE	source_log_basename
b20:hmf_refine:HMF:126:0	b20	hmf_refine	HMF	126		F	F_b20_cov95v2_HMF_refine_h36_m126_F_p15	attempt_b9e192c8bbea6b68266b	source_log_basename	15	d72765ac5ca51310e40f6350081a8f1222ce4813cef702dba8ee8790504698f0	hmf_refine.tsv	127	UNIQUE	source_log_basename
b20:hmf_refine:HMF:126:0	b20	hmf_refine	HMF	126		H	H_b20_cov95v2_HMF_refine_H_p36	attempt_07092ddcfefcf6892c1a	source_log_basename	36	020c3f9f40dca5ab1b2d54d0ac83ac0a03b4a1230c6750960cf7fc208f8348bc	hmf_refine.tsv	127	UNIQUE	source_log_basename
b20:hmf_refine:HMF:126:0	b20	hmf_refine	HMF	126		M	M_b20_cov95v2_HMF_refine_h36_m126	attempt_2299e7de421e92129e2e	source_log_basename	126	22b03163430b1ff8414a79dcea608758e6cbf0df09c6715fe8b5b75897e795b1	hmf_refine.tsv	127	UNIQUE	source_log_basename
b20:hmf_refine:HMF:127:0	b20	hmf_refine	HMF	127		F	F_b20_cov95v2_HMF_refine_h36_m131_F_p15	attempt_e74ca237ee1cf6efdfbb	source_log_basename	15	8bfa8a3fc467cd8709efaeac891271169fd2b71a4ec561eac1db53c53e5aad91	hmf_refine.tsv	128	UNIQUE	source_log_basename
b20:hmf_refine:HMF:127:0	b20	hmf_refine	HMF	127		H	H_b20_cov95v2_HMF_refine_H_p36	attempt_07092ddcfefcf6892c1a	source_log_basename	36	020c3f9f40dca5ab1b2d54d0ac83ac0a03b4a1230c6750960cf7fc208f8348bc	hmf_refine.tsv	128	UNIQUE	source_log_basename
b20:hmf_refine:HMF:127:0	b20	hmf_refine	HMF	127		M	M_b20_cov95v2_HMF_refine_h36_m131	attempt_85a0bf14a69e6cd4f5cf	source_log_basename	131	317d9a350558f992094dc456bcc9e05ce4439fd83bd57f86fbdcab0a7dcb25f3	hmf_refine.tsv	128	UNIQUE	source_log_basename
b20:hmf_refine:HMF:128:0	b20	hmf_refine	HMF	128		F	F_b20_cov95v2_HMF_refine_h36_m136_F_p11	attempt_c45b2bc3373d67b7dc3d	source_log_basename	11	09b06dac1195b6e352329fe5df4a716ef219b78dcb993ab91e96eb5c692cdfad	hmf_refine.tsv	129	UNIQUE	source_log_basename
b20:hmf_refine:HMF:128:0	b20	hmf_refine	HMF	128		H	H_b20_cov95v2_HMF_refine_H_p36	attempt_07092ddcfefcf6892c1a	source_log_basename	36	020c3f9f40dca5ab1b2d54d0ac83ac0a03b4a1230c6750960cf7fc208f8348bc	hmf_refine.tsv	129	UNIQUE	source_log_basename
b20:hmf_refine:HMF:128:0	b20	hmf_refine	HMF	128		M	M_b20_cov95v2_HMF_refine_h36_m136	attempt_e5e31e02dad0f13486d4	source_log_basename	136	5fda66ffd8e5af1ea3f6e642a2e25581d55f8c3b98ecc74b820046acb3643076	hmf_refine.tsv	129	UNIQUE	source_log_basename
b20:hmf_refine:HMF:129:0	b20	hmf_refine	HMF	129		F	F_b20_cov95v2_HMF_refine_h36_m141_F_p2	attempt_f81dcbb7f2b6f23e1d96	source_log_basename	2	fb052c3d04f92dacd6a5bca67f77c0e4479957a78f933109c59513bb2058b0c8	hmf_refine.tsv	130	UNIQUE	source_log_basename
b20:hmf_refine:HMF:129:0	b20	hmf_refine	HMF	129		H	H_b20_cov95v2_HMF_refine_H_p36	attempt_07092ddcfefcf6892c1a	source_log_basename	36	020c3f9f40dca5ab1b2d54d0ac83ac0a03b4a1230c6750960cf7fc208f8348bc	hmf_refine.tsv	130	UNIQUE	source_log_basename
b20:hmf_refine:HMF:129:0	b20	hmf_refine	HMF	129		M	M_b20_cov95v2_HMF_refine_h36_m141	attempt_70dc607c86cc53892f4b	source_log_basename	141	8740ae830bdc9e2c592ba8ea223c0c0c0b9aaf35df6a5b963874302de9858487	hmf_refine.tsv	130	UNIQUE	source_log_basename
b20:hmf_refine:HMF:12:0	b20	hmf_refine	HMF	12		F	F_b20_cov95v2_HMF_refine_h60_m128_F_p3	attempt_b03c34e1b651ed404d50	source_log_basename	3	c54a9408e02940a3b29dcb998c4a7d02cee11eb9a01fc04bc3eadd2d5adb28e2	hmf_refine.tsv	13	UNIQUE	source_log_basename
b20:hmf_refine:HMF:12:0	b20	hmf_refine	HMF	12		H	H_b20_cov95v2_HMF_refine_H_p60	attempt_11c45bcb787f5f230387	source_log_basename	60	f3363755fdcd288a9f380d64f093e2df390d7f1c21d9c9e3661aed7e6ad4be3a	hmf_refine.tsv	13	UNIQUE	source_log_basename
b20:hmf_refine:HMF:12:0	b20	hmf_refine	HMF	12		M	M_b20_cov95v2_HMF_refine_h60_m128	attempt_31a8fa1f745fb70d1453	source_log_basename	128	048066699da046aab21abb951199368a03a7512c3b6310b17d5c05d7e6c4a61a	hmf_refine.tsv	13	UNIQUE	source_log_basename
b20:hmf_refine:HMF:130:0	b20	hmf_refine	HMF	130		F	F_b20_cov95v2_HMF_refine_h36_m146_F_p2	attempt_458cac390c2de5cac6ef	source_log_basename	2	761c9000583e5424735097194d0eebc251bfc31065f66cdaa027c2cdada89e99	hmf_refine.tsv	131	UNIQUE	source_log_basename
b20:hmf_refine:HMF:130:0	b20	hmf_refine	HMF	130		H	H_b20_cov95v2_HMF_refine_H_p36	attempt_07092ddcfefcf6892c1a	source_log_basename	36	020c3f9f40dca5ab1b2d54d0ac83ac0a03b4a1230c6750960cf7fc208f8348bc	hmf_refine.tsv	131	UNIQUE	source_log_basename
b20:hmf_refine:HMF:130:0	b20	hmf_refine	HMF	130		M	M_b20_cov95v2_HMF_refine_h36_m146	attempt_ae65e8be4aa1b1605623	source_log_basename	146	b6250ef779a97ccb18ad2644e2487a500b524b7bd7d2d2ccfbad82cd37b6b134	hmf_refine.tsv	131	UNIQUE	source_log_basename
b20:hmf_refine:HMF:131:0	b20	hmf_refine	HMF	131		F	F_b20_cov95v2_HMF_refine_h41_m126_F_p11	attempt_40fc164ebce034cee4bc	source_log_basename	11	40d5c3946224e9fa9254da1770b14db8f013c9220c11cb552570ece61505ae7f	hmf_refine.tsv	132	UNIQUE	source_log_basename
b20:hmf_refine:HMF:131:0	b20	hmf_refine	HMF	131		H	H_b20_cov95v2_HMF_refine_H_p41	attempt_0480cf4825d304653dcc	source_log_basename	41	fbb32cad71cbc5534c251365302a77ccf6bf369dd4871a132268ce9f92ec49d6	hmf_refine.tsv	132	UNIQUE	source_log_basename
b20:hmf_refine:HMF:131:0	b20	hmf_refine	HMF	131		M	M_b20_cov95v2_HMF_refine_h41_m126	attempt_0cbc2ecda2c82be33bf4	source_log_basename	126	a5e6cae7701061dbf143e0ddb55b09feb0ba8d464a44959c6e22c8a98230a541	hmf_refine.tsv	132	UNIQUE	source_log_basename
b20:hmf_refine:HMF:132:0	b20	hmf_refine	HMF	132		F	F_b20_cov95v2_HMF_refine_h41_m131_F_p7	attempt_2ecde19867200bf3af2f	source_log_basename	7	eea3e84b2654e3fb06e3e966a41b6ed5197cab331d8de4f850f6b62e510921a9	hmf_refine.tsv	133	UNIQUE	source_log_basename
b20:hmf_refine:HMF:132:0	b20	hmf_refine	HMF	132		H	H_b20_cov95v2_HMF_refine_H_p41	attempt_0480cf4825d304653dcc	source_log_basename	41	fbb32cad71cbc5534c251365302a77ccf6bf369dd4871a132268ce9f92ec49d6	hmf_refine.tsv	133	UNIQUE	source_log_basename
b20:hmf_refine:HMF:132:0	b20	hmf_refine	HMF	132		M	M_b20_cov95v2_HMF_refine_h41_m131	attempt_a1fa3ce1c904a7a6c199	source_log_basename	131	29883072686ce8b97594995c139e9c8a2df792bb7c1a4c15d9e582c343b7bafd	hmf_refine.tsv	133	UNIQUE	source_log_basename
b20:hmf_refine:HMF:133:0	b20	hmf_refine	HMF	133		F	F_b20_cov95v2_HMF_refine_h41_m136_F_p5	attempt_dcc2b6a79b5630fac1ea	source_log_basename	5	6f5aaa74a391243385f528316d112e03f56dc9fd577889f189b7be2fb2f5d1fa	hmf_refine.tsv	134	UNIQUE	source_log_basename
b20:hmf_refine:HMF:133:0	b20	hmf_refine	HMF	133		H	H_b20_cov95v2_HMF_refine_H_p41	attempt_0480cf4825d304653dcc	source_log_basename	41	fbb32cad71cbc5534c251365302a77ccf6bf369dd4871a132268ce9f92ec49d6	hmf_refine.tsv	134	UNIQUE	source_log_basename
b20:hmf_refine:HMF:133:0	b20	hmf_refine	HMF	133		M	M_b20_cov95v2_HMF_refine_h41_m136	attempt_358273da8f86f64f1127	source_log_basename	136	2edce653cca5a99949323505c97a6004722830e018cf66a347b4cd5183ab11a9	hmf_refine.tsv	134	UNIQUE	source_log_basename
b20:hmf_refine:HMF:134:0	b20	hmf_refine	HMF	134		F	F_b20_cov95v2_HMF_refine_h41_m141_F_p2	attempt_78a55144b8f131aea5c6	source_log_basename	2	b588f361857122e060a2fc206e0429828afa722710832a29d5d7c04af49fbd10	hmf_refine.tsv	135	UNIQUE	source_log_basename
b20:hmf_refine:HMF:134:0	b20	hmf_refine	HMF	134		H	H_b20_cov95v2_HMF_refine_H_p41	attempt_0480cf4825d304653dcc	source_log_basename	41	fbb32cad71cbc5534c251365302a77ccf6bf369dd4871a132268ce9f92ec49d6	hmf_refine.tsv	135	UNIQUE	source_log_basename
b20:hmf_refine:HMF:134:0	b20	hmf_refine	HMF	134		M	M_b20_cov95v2_HMF_refine_h41_m141	attempt_0bba5489608491bf0a95	source_log_basename	141	cf0636ec2a7b690b9be41db5b45829bbaff9298a4f0e43cfc8c99667742132a1	hmf_refine.tsv	135	UNIQUE	source_log_basename
b20:hmf_refine:HMF:135:0	b20	hmf_refine	HMF	135		F				0	NA	hmf_refine.tsv	136	NOT_RUN	TARGET_BEFORE_F
b20:hmf_refine:HMF:135:0	b20	hmf_refine	HMF	135		H	H_b20_cov95v2_HMF_refine_H_p41	attempt_0480cf4825d304653dcc	source_log_basename	41	fbb32cad71cbc5534c251365302a77ccf6bf369dd4871a132268ce9f92ec49d6	hmf_refine.tsv	136	UNIQUE	source_log_basename
b20:hmf_refine:HMF:135:0	b20	hmf_refine	HMF	135		M	M_b20_cov95v2_HMF_refine_h41_m146	attempt_9528fbf8206ae1f0f433	source_log_basename	146	33217073917112080529e85ce054d69b99d0780a3f132a5715afe2f4c703d0f5	hmf_refine.tsv	136	UNIQUE	source_log_basename
b20:hmf_refine:HMF:136:0	b20	hmf_refine	HMF	136		F	F_b20_cov95v2_HMF_refine_h46_m126_F_p12	attempt_84b3330f567ea0746e60	source_log_basename	12	0955bcc3acc66e158963d0bbbe45099fb48ddc6134c7f7f670a25ed8f23b7cd8	hmf_refine.tsv	137	UNIQUE	source_log_basename
b20:hmf_refine:HMF:136:0	b20	hmf_refine	HMF	136		H	H_b20_cov95v2_HMF_refine_H_p46	attempt_10121634efc9ffc4ebca	source_log_basename	46	2009be86d2ca7320a8c99e15c40ec28413f4246a8c15a11757a827c57b060e6e	hmf_refine.tsv	137	UNIQUE	source_log_basename
b20:hmf_refine:HMF:136:0	b20	hmf_refine	HMF	136		M	M_b20_cov95v2_HMF_refine_h46_m126	attempt_562d512289a08c65c49c	source_log_basename	126	590e71e3a08e58ab8c60e96e993630c5c96d099dd573de48c1687388047e8d14	hmf_refine.tsv	137	UNIQUE	source_log_basename
b20:hmf_refine:HMF:137:0	b20	hmf_refine	HMF	137		F	F_b20_cov95v2_HMF_refine_h46_m131_F_p5	attempt_452cc6d6574835fa52bd	source_log_basename	5	7c5e0f931f6d30c566f97a06877c33a0654f0ccd451dc9f68bca11125964f333	hmf_refine.tsv	138	UNIQUE	source_log_basename
b20:hmf_refine:HMF:137:0	b20	hmf_refine	HMF	137		H	H_b20_cov95v2_HMF_refine_H_p46	attempt_10121634efc9ffc4ebca	source_log_basename	46	2009be86d2ca7320a8c99e15c40ec28413f4246a8c15a11757a827c57b060e6e	hmf_refine.tsv	138	UNIQUE	source_log_basename
b20:hmf_refine:HMF:137:0	b20	hmf_refine	HMF	137		M	M_b20_cov95v2_HMF_refine_h46_m131	attempt_3dcf567cc19fa89497b3	source_log_basename	131	1d7ec69525e9528c1274b281595880c50785e453093f3c469b3d767241046e40	hmf_refine.tsv	138	UNIQUE	source_log_basename
b20:hmf_refine:HMF:138:0	b20	hmf_refine	HMF	138		F				0	NA	hmf_refine.tsv	139	NOT_RUN	TARGET_BEFORE_F
b20:hmf_refine:HMF:138:0	b20	hmf_refine	HMF	138		H	H_b20_cov95v2_HMF_refine_H_p46	attempt_10121634efc9ffc4ebca	source_log_basename	46	2009be86d2ca7320a8c99e15c40ec28413f4246a8c15a11757a827c57b060e6e	hmf_refine.tsv	139	UNIQUE	source_log_basename
b20:hmf_refine:HMF:138:0	b20	hmf_refine	HMF	138		M	M_b20_cov95v2_HMF_refine_h46_m141	attempt_343e5e7caa7112c12791	source_log_basename	141	51474c71dd87d6cab33872f8149a824f77cb142d1a22de29fe350de727e2810b	hmf_refine.tsv	139	UNIQUE	source_log_basename
b20:hmf_refine:HMF:139:0	b20	hmf_refine	HMF	139		F				0	NA	hmf_refine.tsv	140	NOT_RUN	TARGET_BEFORE_F
b20:hmf_refine:HMF:139:0	b20	hmf_refine	HMF	139		H	H_b20_cov95v2_HMF_refine_H_p46	attempt_10121634efc9ffc4ebca	source_log_basename	46	2009be86d2ca7320a8c99e15c40ec28413f4246a8c15a11757a827c57b060e6e	hmf_refine.tsv	140	UNIQUE	source_log_basename
b20:hmf_refine:HMF:139:0	b20	hmf_refine	HMF	139		M	M_b20_cov95v2_HMF_refine_h46_m146	attempt_55efd1a9a077b01574ca	source_log_basename	146	cf3fc3ca36ac4943b14ea4ed963869152d82be9c27e323e3801576bca982cd03	hmf_refine.tsv	140	UNIQUE	source_log_basename
b20:hmf_refine:HMF:13:0	b20	hmf_refine	HMF	13		F				0	NA	hmf_refine.tsv	14	NOT_RUN	TARGET_BEFORE_F
b20:hmf_refine:HMF:13:0	b20	hmf_refine	HMF	13		H	H_b20_cov95v2_HMF_refine_H_p60	attempt_11c45bcb787f5f230387	source_log_basename	60	f3363755fdcd288a9f380d64f093e2df390d7f1c21d9c9e3661aed7e6ad4be3a	hmf_refine.tsv	14	UNIQUE	source_log_basename
b20:hmf_refine:HMF:13:0	b20	hmf_refine	HMF	13		M	M_b20_cov95v2_HMF_refine_h60_m141	attempt_3e5e6a13d88ae6daf090	source_log_basename	141	600041c5c37171f500b07e5cd6dc607d4f82f7cf6fe2b721143a71a21b8a0e09	hmf_refine.tsv	14	UNIQUE	source_log_basename
b20:hmf_refine:HMF:140:0	b20	hmf_refine	HMF	140		F	F_b20_cov95v2_HMF_refine_h51_m126_F_p7	attempt_db8eb54e69c5b8dfbd70	source_log_basename	7	82f64d8cc63a5c06e22441198922b4266f128f32498207b41fae4250335e6d7c	hmf_refine.tsv	141	UNIQUE	source_log_basename
b20:hmf_refine:HMF:140:0	b20	hmf_refine	HMF	140		H	H_b20_cov95v2_HMF_refine_H_p51	attempt_9aa76e46cbc833cc452a	source_log_basename	51	04c0c8a5aae0717eba2cbe4fd8bb5d96d0770c3619e1cbfd66026b43cd748526	hmf_refine.tsv	141	UNIQUE	source_log_basename
b20:hmf_refine:HMF:140:0	b20	hmf_refine	HMF	140		M	M_b20_cov95v2_HMF_refine_h51_m126	attempt_987426472782d61cb3ec	source_log_basename	126	93067d325cc400e3e9277fbb776f690c6a9295cca9ce654db070c536cafabeab	hmf_refine.tsv	141	UNIQUE	source_log_basename
b20:hmf_refine:HMF:141:0	b20	hmf_refine	HMF	141		F	F_b20_cov95v2_HMF_refine_h51_m131_F_p5	attempt_311a144ef02e316d987b	source_log_basename	5	4029c171334f12566f82c9d459a2f36ba9547c920e45b5a493feef58bafb35f4	hmf_refine.tsv	142	UNIQUE	source_log_basename
b20:hmf_refine:HMF:141:0	b20	hmf_refine	HMF	141		H	H_b20_cov95v2_HMF_refine_H_p51	attempt_9aa76e46cbc833cc452a	source_log_basename	51	04c0c8a5aae0717eba2cbe4fd8bb5d96d0770c3619e1cbfd66026b43cd748526	hmf_refine.tsv	142	UNIQUE	source_log_basename
b20:hmf_refine:HMF:141:0	b20	hmf_refine	HMF	141		M	M_b20_cov95v2_HMF_refine_h51_m131	attempt_2415262ae1237df73dce	source_log_basename	131	b242849b5508fe26aab5f10dbe431605a05527d4135cd9c04c8e2ff2973a0e81	hmf_refine.tsv	142	UNIQUE	source_log_basename
b20:hmf_refine:HMF:142:0	b20	hmf_refine	HMF	142		F	F_b20_cov95v2_HMF_refine_h51_m136_F_p4	attempt_d8f423da26ccb7e0e031	source_log_basename	4	bbeb85ff3441ed3b0e607f20f975da37522b15059457abacf4d0420089788ddd	hmf_refine.tsv	143	UNIQUE	source_log_basename
b20:hmf_refine:HMF:142:0	b20	hmf_refine	HMF	142		H	H_b20_cov95v2_HMF_refine_H_p51	attempt_9aa76e46cbc833cc452a	source_log_basename	51	04c0c8a5aae0717eba2cbe4fd8bb5d96d0770c3619e1cbfd66026b43cd748526	hmf_refine.tsv	143	UNIQUE	source_log_basename
b20:hmf_refine:HMF:142:0	b20	hmf_refine	HMF	142		M	M_b20_cov95v2_HMF_refine_h51_m136	attempt_12f8925818ee2e9a4f30	source_log_basename	136	4de0480922f70b36c34b2d349be33118d4dff15b020eb703eb39edffe42ec89b	hmf_refine.tsv	143	UNIQUE	source_log_basename
b20:hmf_refine:HMF:143:0	b20	hmf_refine	HMF	143		F	F_b20_cov95v2_HMF_refine_h51_m141_F_p1	attempt_3c0bce6f2721ae39d1a8	source_log_basename	1	8041e7cd35b0a7925673164304b6b4731bdf410f32a654a71e26481bfce6a2f0	hmf_refine.tsv	144	UNIQUE	source_log_basename
b20:hmf_refine:HMF:143:0	b20	hmf_refine	HMF	143		H	H_b20_cov95v2_HMF_refine_H_p51	attempt_9aa76e46cbc833cc452a	source_log_basename	51	04c0c8a5aae0717eba2cbe4fd8bb5d96d0770c3619e1cbfd66026b43cd748526	hmf_refine.tsv	144	UNIQUE	source_log_basename
b20:hmf_refine:HMF:143:0	b20	hmf_refine	HMF	143		M	M_b20_cov95v2_HMF_refine_h51_m141	attempt_1a599ab91618d1809e2c	source_log_basename	141	53eb72236aa15b2c559680fad7a3d3c2c9e87fcfb4d12a2fa85d4486bd14b3bc	hmf_refine.tsv	144	UNIQUE	source_log_basename
b20:hmf_refine:HMF:144:0	b20	hmf_refine	HMF	144		F				0	NA	hmf_refine.tsv	145	NOT_RUN	TARGET_BEFORE_F
b20:hmf_refine:HMF:144:0	b20	hmf_refine	HMF	144		H	H_b20_cov95v2_HMF_refine_H_p51	attempt_9aa76e46cbc833cc452a	source_log_basename	51	04c0c8a5aae0717eba2cbe4fd8bb5d96d0770c3619e1cbfd66026b43cd748526	hmf_refine.tsv	145	UNIQUE	source_log_basename
b20:hmf_refine:HMF:144:0	b20	hmf_refine	HMF	144		M	M_b20_cov95v2_HMF_refine_h51_m146	attempt_200384437e977cfdd3bb	source_log_basename	146	7de16ed69b6a6fba157da11736d330dec2a7edbcf254aed21ffd5595a9e854ec	hmf_refine.tsv	145	UNIQUE	source_log_basename
b20:hmf_refine:HMF:145:0	b20	hmf_refine	HMF	145		F	F_b20_cov95v2_HMF_refine_h56_m131_F_p1	attempt_15ba9d26133128f87bef	source_log_basename	1	961010483b54a76b9ce3630248463fe28cd334dcde247fda5bae8bfc41b851e4	hmf_refine.tsv	146	UNIQUE	source_log_basename
b20:hmf_refine:HMF:145:0	b20	hmf_refine	HMF	145		H	H_b20_cov95v2_HMF_refine_H_p56	attempt_ca54ec10f95ba5bb21bc	source_log_basename	56	48c1a4e6e0a4efd016375eaa4771b9d89132fc28b56edfce41206d59df92c83a	hmf_refine.tsv	146	UNIQUE	source_log_basename
b20:hmf_refine:HMF:145:0	b20	hmf_refine	HMF	145		M	M_b20_cov95v2_HMF_refine_h56_m131	attempt_49b95f7e5ff00da055e7	source_log_basename	131	14915fdb9d2b00a0dda7c14efa2b4e23cf7d02807446f87521c5f4985f45b7ab	hmf_refine.tsv	146	UNIQUE	source_log_basename
b20:hmf_refine:HMF:146:0	b20	hmf_refine	HMF	146		F				0	NA	hmf_refine.tsv	147	NOT_RUN	TARGET_BEFORE_F
b20:hmf_refine:HMF:146:0	b20	hmf_refine	HMF	146		H	H_b20_cov95v2_HMF_refine_H_p56	attempt_ca54ec10f95ba5bb21bc	source_log_basename	56	48c1a4e6e0a4efd016375eaa4771b9d89132fc28b56edfce41206d59df92c83a	hmf_refine.tsv	147	UNIQUE	source_log_basename
b20:hmf_refine:HMF:146:0	b20	hmf_refine	HMF	146		M	M_b20_cov95v2_HMF_refine_h56_m136	attempt_ecd007f19e6bad76348c	source_log_basename	136	a218dc0d0f82ed94dbf1c54fe9528b835bc12b62be7e14510b794a531bfa974f	hmf_refine.tsv	147	UNIQUE	source_log_basename
b20:hmf_refine:HMF:147:0	b20	hmf_refine	HMF	147		F				0	NA	hmf_refine.tsv	148	NOT_RUN	TARGET_BEFORE_F
b20:hmf_refine:HMF:147:0	b20	hmf_refine	HMF	147		H	H_b20_cov95v2_HMF_refine_H_p56	attempt_ca54ec10f95ba5bb21bc	source_log_basename	56	48c1a4e6e0a4efd016375eaa4771b9d89132fc28b56edfce41206d59df92c83a	hmf_refine.tsv	148	UNIQUE	source_log_basename
b20:hmf_refine:HMF:147:0	b20	hmf_refine	HMF	147		M	M_b20_cov95v2_HMF_refine_h56_m141	attempt_562d8c4e50ec164c8bca	source_log_basename	141	737f8ca4fa3668b0886dc9744a479b25351e2e93a449e595572dd8bca12d68bb	hmf_refine.tsv	148	UNIQUE	source_log_basename
b20:hmf_refine:HMF:148:0	b20	hmf_refine	HMF	148		F				0	NA	hmf_refine.tsv	149	NOT_RUN	TARGET_BEFORE_F
b20:hmf_refine:HMF:148:0	b20	hmf_refine	HMF	148		H	H_b20_cov95v2_HMF_refine_H_p56	attempt_ca54ec10f95ba5bb21bc	source_log_basename	56	48c1a4e6e0a4efd016375eaa4771b9d89132fc28b56edfce41206d59df92c83a	hmf_refine.tsv	149	UNIQUE	source_log_basename
b20:hmf_refine:HMF:148:0	b20	hmf_refine	HMF	148		M	M_b20_cov95v2_HMF_refine_h56_m146	attempt_35af6d2fcbc5dec00122	source_log_basename	146	d1ae73cc76dafc03aeb2a7671dc94d22019c9f5ffe5a2146f13447a555a79251	hmf_refine.tsv	149	UNIQUE	source_log_basename
b20:hmf_refine:HMF:149:0	b20	hmf_refine	HMF	149		F	F_b20_cov95v2_HMF_refine_h79_m61_F_p36	attempt_5e1106cd3d06f929ad0f	source_log_basename	36	d077c9745172a4bfda8254697adcc85c25fa2a4f833554cc481977f1b8213d9c	hmf_refine.tsv	150	UNIQUE	source_log_basename
b20:hmf_refine:HMF:149:0	b20	hmf_refine	HMF	149		H	H_b20_cov95v2_HMF_refine_H_p79	attempt_1f44d6a9d51dea24be48	source_log_basename	79	b71b98e299e873161c4858f576549ea4d10cddd43550c891164ad202fc63aebc	hmf_refine.tsv	150	UNIQUE	source_log_basename
b20:hmf_refine:HMF:149:0	b20	hmf_refine	HMF	149		M	M_b20_cov95v2_HMF_refine_h79_m61	attempt_bdfc037c6ed49793b4f1	source_log_basename	61	3a4d851e3faeefd64853eace122ad4e86ce01a2aed852b85d5c4ebeac8b3c198	hmf_refine.tsv	150	UNIQUE	source_log_basename
b20:hmf_refine:HMF:14:0	b20	hmf_refine	HMF	14		F				0	NA	hmf_refine.tsv	15	NOT_RUN	TARGET_BEFORE_F
b20:hmf_refine:HMF:14:0	b20	hmf_refine	HMF	14		H	H_b20_cov95v2_HMF_refine_H_p60	attempt_11c45bcb787f5f230387	source_log_basename	60	f3363755fdcd288a9f380d64f093e2df390d7f1c21d9c9e3661aed7e6ad4be3a	hmf_refine.tsv	15	UNIQUE	source_log_basename
b20:hmf_refine:HMF:14:0	b20	hmf_refine	HMF	14		M	M_b20_cov95v2_HMF_refine_h60_m154	attempt_d9024f571614f508b7b2	source_log_basename	154	22482836c0b18a57668f0b762bfd0244c5d12ee199f87b6357c0792c924d0c30	hmf_refine.tsv	15	UNIQUE	source_log_basename
b20:hmf_refine:HMF:150:0	b20	hmf_refine	HMF	150		F	F_b20_cov95v2_HMF_refine_h79_m86_F_p12	attempt_31b71c669d2ecf260876	source_log_basename	12	663fae7a7f409cb68a516d9fb82264c87201f490f7982ea8db0cd31cc9ef6b3a	hmf_refine.tsv	151	UNIQUE	source_log_basename
b20:hmf_refine:HMF:150:0	b20	hmf_refine	HMF	150		H	H_b20_cov95v2_HMF_refine_H_p79	attempt_1f44d6a9d51dea24be48	source_log_basename	79	b71b98e299e873161c4858f576549ea4d10cddd43550c891164ad202fc63aebc	hmf_refine.tsv	151	UNIQUE	source_log_basename
b20:hmf_refine:HMF:150:0	b20	hmf_refine	HMF	150		M	M_b20_cov95v2_HMF_refine_h79_m86	attempt_9f6f333c11d2a1da9db5	source_log_basename	86	2e22063465acefc0d10385cfa2c1e5a778d61c599b2c21a8e72fd2c1960a5f2a	hmf_refine.tsv	151	UNIQUE	source_log_basename
b20:hmf_refine:HMF:151:0	b20	hmf_refine	HMF	151		F				0	NA	hmf_refine.tsv	152	NOT_RUN	TARGET_BEFORE_F
b20:hmf_refine:HMF:151:0	b20	hmf_refine	HMF	151		H	H_b20_cov95v2_HMF_refine_H_p79	attempt_1f44d6a9d51dea24be48	source_log_basename	79	b71b98e299e873161c4858f576549ea4d10cddd43550c891164ad202fc63aebc	hmf_refine.tsv	152	UNIQUE	source_log_basename
b20:hmf_refine:HMF:151:0	b20	hmf_refine	HMF	151		M	M_b20_cov95v2_HMF_refine_h79_m111	attempt_f838986075c8405f1f27	source_log_basename	111	cb68aa337c4272ecdfef1c58b2bcbe9ada38cccf7d7ac4af7461d428dfbdc6fb	hmf_refine.tsv	152	UNIQUE	source_log_basename
b20:hmf_refine:HMF:152:0	b20	hmf_refine	HMF	152		F	F_b20_cov95v2_HMF_refine_h119_m61_F_p36	attempt_21aceb28a2f81a739c45	source_log_basename	36	a8aad5dee005403c57ba6ce12823bee6ec535ebdef9aa08f6d870ccf13cb8b6a	hmf_refine.tsv	153	UNIQUE	source_log_basename
b20:hmf_refine:HMF:152:0	b20	hmf_refine	HMF	152		H	H_b20_cov95v2_HMF_refine_H_p119	attempt_d5fee4ce8f8d670bdffd	source_log_basename	119	68710af2b26ea3263e8004796be654d8d538a1e83bc58e4e567a5a27f5ee0e81	hmf_refine.tsv	153	UNIQUE	source_log_basename
b20:hmf_refine:HMF:152:0	b20	hmf_refine	HMF	152		M	M_b20_cov95v2_HMF_refine_h119_m61	attempt_8800741d8b37729ca6d3	source_log_basename	61	1c9b71345356757bb48351b03395f5f99c8a414397d25d383bc342c941d65406	hmf_refine.tsv	153	UNIQUE	source_log_basename
b20:hmf_refine:HMF:153:0	b20	hmf_refine	HMF	153		F	F_b20_cov95v2_HMF_refine_h119_m86_F_p9	attempt_3e9905e7a0e2ca615939	source_log_basename	9	1ad47ba784f61d97d84e18ef5bf6735e8b367f1aa81c5b4eb63777a3b6077202	hmf_refine.tsv	154	UNIQUE	source_log_basename
b20:hmf_refine:HMF:153:0	b20	hmf_refine	HMF	153		H	H_b20_cov95v2_HMF_refine_H_p119	attempt_d5fee4ce8f8d670bdffd	source_log_basename	119	68710af2b26ea3263e8004796be654d8d538a1e83bc58e4e567a5a27f5ee0e81	hmf_refine.tsv	154	UNIQUE	source_log_basename
b20:hmf_refine:HMF:153:0	b20	hmf_refine	HMF	153		M	M_b20_cov95v2_HMF_refine_h119_m86	attempt_9dfec5bc9b1503f2f7c9	source_log_basename	86	25ebf5d6cbc2d1f770088e27c6399d8b686566795b87924ba2fb1263b236df85	hmf_refine.tsv	154	UNIQUE	source_log_basename
b20:hmf_refine:HMF:154:0	b20	hmf_refine	HMF	154		F				0	NA	hmf_refine.tsv	155	NOT_RUN	TARGET_BEFORE_F
b20:hmf_refine:HMF:154:0	b20	hmf_refine	HMF	154		H	H_b20_cov95v2_HMF_refine_H_p119	attempt_d5fee4ce8f8d670bdffd	source_log_basename	119	68710af2b26ea3263e8004796be654d8d538a1e83bc58e4e567a5a27f5ee0e81	hmf_refine.tsv	155	UNIQUE	source_log_basename
b20:hmf_refine:HMF:154:0	b20	hmf_refine	HMF	154		M	M_b20_cov95v2_HMF_refine_h119_m111	attempt_c9ad5844c60429a3ab3c	source_log_basename	111	cfde556092f86f9dc417873a688f849e2a44cf36c95b7ebd07c9369bac0ffecf	hmf_refine.tsv	155	UNIQUE	source_log_basename
b20:hmf_refine:HMF:155:0	b20	hmf_refine	HMF	155		F	F_b20_cov95v2_HMF_refine_h159_m61_F_p22	attempt_508bb55dd12ce470da77	source_log_basename	22	14dc416c32bfe66737284d67b794637f5b00d9de4ad26f7c82b2356e7468a437	hmf_refine.tsv	156	UNIQUE	source_log_basename
b20:hmf_refine:HMF:155:0	b20	hmf_refine	HMF	155		H	H_b20_cov95v2_HMF_refine_H_p159	attempt_bfda4c3c4d034632a22f	source_log_basename	159	77f188be05c1e606c04e911b11eeb801e8fe2f8489529aa30701832d9ce79b72	hmf_refine.tsv	156	UNIQUE	source_log_basename
b20:hmf_refine:HMF:155:0	b20	hmf_refine	HMF	155		M	M_b20_cov95v2_HMF_refine_h159_m61	attempt_c85a3fbabcdda18d8071	source_log_basename	61	f3e907bd79e168c75de7bb4efd4b85654ec62d76095876bc379bdfa0c45a5dad	hmf_refine.tsv	156	UNIQUE	source_log_basename
b20:hmf_refine:HMF:156:0	b20	hmf_refine	HMF	156		F	F_b20_cov95v2_HMF_refine_h159_m86_F_p2	attempt_077e9ae5e16bd55d2130	source_log_basename	2	8f7485e80f23e8233f47388cd57cccf36f28faf2fdbacaf89e9df4027a314bd4	hmf_refine.tsv	157	UNIQUE	source_log_basename
b20:hmf_refine:HMF:156:0	b20	hmf_refine	HMF	156		H	H_b20_cov95v2_HMF_refine_H_p159	attempt_bfda4c3c4d034632a22f	source_log_basename	159	77f188be05c1e606c04e911b11eeb801e8fe2f8489529aa30701832d9ce79b72	hmf_refine.tsv	157	UNIQUE	source_log_basename
b20:hmf_refine:HMF:156:0	b20	hmf_refine	HMF	156		M	M_b20_cov95v2_HMF_refine_h159_m86	attempt_8505eaebf1c5df918328	source_log_basename	86	e145bd5815e67dc714132ec861a4d4b1e37a6450784c130b21f03c1caba3ff8a	hmf_refine.tsv	157	UNIQUE	source_log_basename
b20:hmf_refine:HMF:157:0	b20	hmf_refine	HMF	157		F				0	NA	hmf_refine.tsv	158	NOT_RUN	TARGET_BEFORE_F
b20:hmf_refine:HMF:157:0	b20	hmf_refine	HMF	157		H	H_b20_cov95v2_HMF_refine_H_p159	attempt_bfda4c3c4d034632a22f	source_log_basename	159	77f188be05c1e606c04e911b11eeb801e8fe2f8489529aa30701832d9ce79b72	hmf_refine.tsv	158	UNIQUE	source_log_basename
b20:hmf_refine:HMF:157:0	b20	hmf_refine	HMF	157		M	M_b20_cov95v2_HMF_refine_h159_m111	attempt_447880aa4a23af69d172	source_log_basename	111	f8007484d0a4a49bfed10e0d68bacc0c08b5971aff37d8af292b64b31cbaeed0	hmf_refine.tsv	158	UNIQUE	source_log_basename
b20:hmf_refine:HMF:158:0	b20	hmf_refine	HMF	158		F	F_b20_cov95v2_HMF_refine_h59_m73_F_p47	attempt_63d07bf15770d7b2c640	source_log_basename	47	434ab9b8621e9719e338b31497fed383774972a5daa06947b09ab80521904897	hmf_refine.tsv	159	UNIQUE	source_log_basename
b20:hmf_refine:HMF:158:0	b20	hmf_refine	HMF	158		H	H_b20_cov95v2_HMF_refine_H_p59	attempt_45c8596b1348932b923c	source_log_basename	59	b47a8224056f08b1dd615009f97ab71aac542af0dfad158ca7330b4bc8d18eac	hmf_refine.tsv	159	UNIQUE	source_log_basename
b20:hmf_refine:HMF:158:0	b20	hmf_refine	HMF	158		M	M_b20_cov95v2_HMF_refine_h59_m73	attempt_1a1de80c8a4032bf1c00	source_log_basename	73	9d15ce4e8e3fdc7303a323e9907eb2a6ffdeca52b23b06e38a57f26eab05abe5	hmf_refine.tsv	159	UNIQUE	source_log_basename
b20:hmf_refine:HMF:159:0	b20	hmf_refine	HMF	159		F	F_b20_cov95v2_HMF_refine_h59_m86_F_p37	attempt_4ac27abb2186be1ed6f7	source_log_basename	37	5dc3239580fedd719a34aaa6e4722695a3e8e6c7a512c13ab6ba5e74b61256a6	hmf_refine.tsv	160	UNIQUE	source_log_basename
b20:hmf_refine:HMF:159:0	b20	hmf_refine	HMF	159		H	H_b20_cov95v2_HMF_refine_H_p59	attempt_45c8596b1348932b923c	source_log_basename	59	b47a8224056f08b1dd615009f97ab71aac542af0dfad158ca7330b4bc8d18eac	hmf_refine.tsv	160	UNIQUE	source_log_basename
b20:hmf_refine:HMF:159:0	b20	hmf_refine	HMF	159		M	M_b20_cov95v2_HMF_refine_h59_m86	attempt_da61752ffbee5cb1dc3e	source_log_basename	86	29fc7bc3e8a4d7fdaf9af9c86aeaeb34c2ad05c04d358a35d90e3df088abca81	hmf_refine.tsv	160	UNIQUE	source_log_basename
b20:hmf_refine:HMF:15:0	b20	hmf_refine	HMF	15		F	F_b20_cov95v2_HMF_refine_h50_m121_F_p10	attempt_0e9aa2cc711f23c0dc70	source_log_basename	10	e6744f2782f7c22271d93a1a62b020b8cc1b8ab3aab3aaed4805e4fbe4647800	hmf_refine.tsv	16	UNIQUE	source_log_basename
b20:hmf_refine:HMF:15:0	b20	hmf_refine	HMF	15		H	H_b20_cov95v2_HMF_refine_H_p50	attempt_e32a5f296db16b0e257c	source_log_basename	50	05a90d3971500436ef098cf1e93d1c583b6c56bc76a6955f2cf5c8ed83113c62	hmf_refine.tsv	16	UNIQUE	source_log_basename
b20:hmf_refine:HMF:15:0	b20	hmf_refine	HMF	15		M	M_b20_cov95v2_HMF_refine_h50_m121	attempt_4f6b4de1accba8b1176e	source_log_basename	121	9e8395821d375e5efe03a686618ae9d859b0560d2b0f0d4a4541b5397dcc88e2	hmf_refine.tsv	16	UNIQUE	source_log_basename
b20:hmf_refine:HMF:160:0	b20	hmf_refine	HMF	160		F	F_b20_cov95v2_HMF_refine_h59_m99_F_p27	attempt_81595105eb2826987db2	source_log_basename	27	6032767e6425ff9a62e8b208f8e8d4bc671eec3cdb6db15b2f1b7443e23307a7	hmf_refine.tsv	161	UNIQUE	source_log_basename
b20:hmf_refine:HMF:160:0	b20	hmf_refine	HMF	160		H	H_b20_cov95v2_HMF_refine_H_p59	attempt_45c8596b1348932b923c	source_log_basename	59	b47a8224056f08b1dd615009f97ab71aac542af0dfad158ca7330b4bc8d18eac	hmf_refine.tsv	161	UNIQUE	source_log_basename
b20:hmf_refine:HMF:160:0	b20	hmf_refine	HMF	160		M	M_b20_cov95v2_HMF_refine_h59_m99	attempt_8567862509e9f7a9be26	source_log_basename	99	97d0be60b95223053a590218685abe58144ef5973f66ad40b8bae22a20672c26	hmf_refine.tsv	161	UNIQUE	source_log_basename
b20:hmf_refine:HMF:161:0	b20	hmf_refine	HMF	161		F	F_b20_cov95v2_HMF_refine_h79_m73_F_p30	attempt_11492abda3c7b511db40	source_log_basename	30	f67cc282574bf164f733e7bac483f0289b08e8d722c07b46f2c51d01dd239eb7	hmf_refine.tsv	162	UNIQUE	source_log_basename
b20:hmf_refine:HMF:161:0	b20	hmf_refine	HMF	161		H	H_b20_cov95v2_HMF_refine_H_p79	attempt_1f44d6a9d51dea24be48	source_log_basename	79	b71b98e299e873161c4858f576549ea4d10cddd43550c891164ad202fc63aebc	hmf_refine.tsv	162	UNIQUE	source_log_basename
b20:hmf_refine:HMF:161:0	b20	hmf_refine	HMF	161		M	M_b20_cov95v2_HMF_refine_h79_m73	attempt_019f17353127ec066262	source_log_basename	73	0ec22208051053c71851a9d28352cbbf44d1e0d1230594381918972fb04a030a	hmf_refine.tsv	162	UNIQUE	source_log_basename
b20:hmf_refine:HMF:162:0	b20	hmf_refine	HMF	162		F	F_b20_cov95v2_HMF_refine_h79_m99_F_p5	attempt_00d61663341136c41a19	source_log_basename	5	6d56d756a51715d1aa67de92c2aa3398351a87e738ab3fca18991457b9bd4def	hmf_refine.tsv	163	UNIQUE	source_log_basename
b20:hmf_refine:HMF:162:0	b20	hmf_refine	HMF	162		H	H_b20_cov95v2_HMF_refine_H_p79	attempt_1f44d6a9d51dea24be48	source_log_basename	79	b71b98e299e873161c4858f576549ea4d10cddd43550c891164ad202fc63aebc	hmf_refine.tsv	163	UNIQUE	source_log_basename
b20:hmf_refine:HMF:162:0	b20	hmf_refine	HMF	162		M	M_b20_cov95v2_HMF_refine_h79_m99	attempt_0cae60209a519f7a5716	source_log_basename	99	654bc7aa513f3fbd60a7b980773dff5996dbbc9728c90e1baa288fa0e5d188a9	hmf_refine.tsv	163	UNIQUE	source_log_basename
b20:hmf_refine:HMF:163:0	b20	hmf_refine	HMF	163		F	F_b20_cov95v2_HMF_refine_h99_m73_F_p26	attempt_f86494e030c151248f36	source_log_basename	26	013c22a0c4797b9d78392df2b81600d213036e1b0529e5dff80bcd1b977446e0	hmf_refine.tsv	164	UNIQUE	source_log_basename
b20:hmf_refine:HMF:163:0	b20	hmf_refine	HMF	163		H	H_b20_cov95v2_HMF_refine_H_p99	attempt_da24166e41ab698e44a6	source_log_basename	99	c7659ca49252596d46172a60abbc60f42444c4863bcb66608270823826cd57f8	hmf_refine.tsv	164	UNIQUE	source_log_basename
b20:hmf_refine:HMF:163:0	b20	hmf_refine	HMF	163		M	M_b20_cov95v2_HMF_refine_h99_m73	attempt_2c1c476667a79f4fa444	source_log_basename	73	fc6c9174ba318ea9bec25c7beb269178bff6c6bb819a3c3382ac47122a072240	hmf_refine.tsv	164	UNIQUE	source_log_basename
b20:hmf_refine:HMF:164:0	b20	hmf_refine	HMF	164		F	F_b20_cov95v2_HMF_refine_h99_m86_F_p15	attempt_6e4aca8634e3adb20412	source_log_basename	15	efd963259491e044c8963f14a62190a1793705c803663a59804ab49f613825bc	hmf_refine.tsv	165	UNIQUE	source_log_basename
b20:hmf_refine:HMF:164:0	b20	hmf_refine	HMF	164		H	H_b20_cov95v2_HMF_refine_H_p99	attempt_da24166e41ab698e44a6	source_log_basename	99	c7659ca49252596d46172a60abbc60f42444c4863bcb66608270823826cd57f8	hmf_refine.tsv	165	UNIQUE	source_log_basename
b20:hmf_refine:HMF:164:0	b20	hmf_refine	HMF	164		M	M_b20_cov95v2_HMF_refine_h99_m86	attempt_33081d0a0beac2a676fe	source_log_basename	86	b8d616bbeb7596da9551aa53c2ad3293cf70fc4b266d6517e7016cd2ea55d73e	hmf_refine.tsv	165	UNIQUE	source_log_basename
b20:hmf_refine:HMF:165:0	b20	hmf_refine	HMF	165		F	F_b20_cov95v2_HMF_refine_h99_m99_F_p6	attempt_7f24e046590e1d7cb8b4	source_log_basename	6	03d6af4cf80bbd9932cceccd2ca0f65224a84e2f54cca73f2c4bd35d9ed1f2dc	hmf_refine.tsv	166	UNIQUE	source_log_basename
b20:hmf_refine:HMF:165:0	b20	hmf_refine	HMF	165		H	H_b20_cov95v2_HMF_refine_H_p99	attempt_da24166e41ab698e44a6	source_log_basename	99	c7659ca49252596d46172a60abbc60f42444c4863bcb66608270823826cd57f8	hmf_refine.tsv	166	UNIQUE	source_log_basename
b20:hmf_refine:HMF:165:0	b20	hmf_refine	HMF	165		M	M_b20_cov95v2_HMF_refine_h99_m99	attempt_d5d8f0023aedd486754a	source_log_basename	99	9ea692556a92331d00ff0be86517c9b1bdb5df0e5e2e200e8b49090f4f1fc768	hmf_refine.tsv	166	UNIQUE	source_log_basename
b20:hmf_refine:HMF:166:0	b20	hmf_refine	HMF	166		F	F_b20_cov95v2_HMF_refine_h69_m92_F_p20	attempt_59ddaf9e4aec6e57a10a	source_log_basename	20	80d08d516037ed27e5733aa51a08f076992973301a3c4c6075226a60f99bfbc5	hmf_refine.tsv	167	UNIQUE	source_log_basename
b20:hmf_refine:HMF:166:0	b20	hmf_refine	HMF	166		H	H_b20_cov95v2_HMF_refine_H_p69	attempt_9cc923d735b523b8fefc	source_log_basename	69	ba1800a7541f76b595b1b86bd78ccc09fb571ce92b47f2d2d120a08efeb105f3	hmf_refine.tsv	167	UNIQUE	source_log_basename
b20:hmf_refine:HMF:166:0	b20	hmf_refine	HMF	166		M	M_b20_cov95v2_HMF_refine_h69_m92	attempt_2ecfd5600a8c379ad493	source_log_basename	92	0e2f2705630d91dbb6bbf266e9522ecefe322e37986bdc68fe8737d462949dd8	hmf_refine.tsv	167	UNIQUE	source_log_basename
b20:hmf_refine:HMF:167:0	b20	hmf_refine	HMF	167		F	F_b20_cov95v2_HMF_refine_h69_m99_F_p15	attempt_a72fc1596e80c9da0f70	source_log_basename	15	b88414fc88a2a539938885bc5bc0075638aef77e2bdce7d471fb7bb3bca0c9dd	hmf_refine.tsv	168	UNIQUE	source_log_basename
b20:hmf_refine:HMF:167:0	b20	hmf_refine	HMF	167		H	H_b20_cov95v2_HMF_refine_H_p69	attempt_9cc923d735b523b8fefc	source_log_basename	69	ba1800a7541f76b595b1b86bd78ccc09fb571ce92b47f2d2d120a08efeb105f3	hmf_refine.tsv	168	UNIQUE	source_log_basename
b20:hmf_refine:HMF:167:0	b20	hmf_refine	HMF	167		M	M_b20_cov95v2_HMF_refine_h69_m99	attempt_7193030d89cf3851c004	source_log_basename	99	741bde7b1b219119503176339662db3b8bccfd7d1085d1cc0ffaa53387621b4b	hmf_refine.tsv	168	UNIQUE	source_log_basename
b20:hmf_refine:HMF:168:0	b20	hmf_refine	HMF	168		F	F_b20_cov95v2_HMF_refine_h69_m106_F_p7	attempt_9c3d2c3c998ed84edb79	source_log_basename	7	92745661a94da172c5d841e481e533f3385f8a4b78d440a8a2c2e5fcf6896cc7	hmf_refine.tsv	169	UNIQUE	source_log_basename
b20:hmf_refine:HMF:168:0	b20	hmf_refine	HMF	168		H	H_b20_cov95v2_HMF_refine_H_p69	attempt_9cc923d735b523b8fefc	source_log_basename	69	ba1800a7541f76b595b1b86bd78ccc09fb571ce92b47f2d2d120a08efeb105f3	hmf_refine.tsv	169	UNIQUE	source_log_basename
b20:hmf_refine:HMF:168:0	b20	hmf_refine	HMF	168		M	M_b20_cov95v2_HMF_refine_h69_m106	attempt_3331c2718788641b14b6	source_log_basename	106	0d035b9351351f82e7e544e46317d8181d3dee27bb03023736c273bdc26efcfb	hmf_refine.tsv	169	UNIQUE	source_log_basename
b20:hmf_refine:HMF:169:0	b20	hmf_refine	HMF	169		F	F_b20_cov95v2_HMF_refine_h79_m92_F_p7	attempt_7b1b4337af83fbb610d5	source_log_basename	7	a75ac76fa60899d8a7d4306e604432bb8fc009ea92c7550f74a895af0773c74b	hmf_refine.tsv	170	UNIQUE	source_log_basename
b20:hmf_refine:HMF:169:0	b20	hmf_refine	HMF	169		H	H_b20_cov95v2_HMF_refine_H_p79	attempt_1f44d6a9d51dea24be48	source_log_basename	79	b71b98e299e873161c4858f576549ea4d10cddd43550c891164ad202fc63aebc	hmf_refine.tsv	170	UNIQUE	source_log_basename
b20:hmf_refine:HMF:169:0	b20	hmf_refine	HMF	169		M	M_b20_cov95v2_HMF_refine_h79_m92	attempt_2a61d9b9ed8138e69d09	source_log_basename	92	f5a0fc915f32469542c74a9114fa00b67b801bfbb55da169e4650fbad838243a	hmf_refine.tsv	170	UNIQUE	source_log_basename
b20:hmf_refine:HMF:16:0	b20	hmf_refine	HMF	16		F	F_b20_cov95v2_HMF_refine_h50_m128_F_p9	attempt_08b14aaf83d1a703a19c	source_log_basename	9	5175514f4fb81ba376952e134140b7778ea5d949f69de686e17654226e4dde12	hmf_refine.tsv	17	UNIQUE	source_log_basename
b20:hmf_refine:HMF:16:0	b20	hmf_refine	HMF	16		H	H_b20_cov95v2_HMF_refine_H_p50	attempt_e32a5f296db16b0e257c	source_log_basename	50	05a90d3971500436ef098cf1e93d1c583b6c56bc76a6955f2cf5c8ed83113c62	hmf_refine.tsv	17	UNIQUE	source_log_basename
b20:hmf_refine:HMF:16:0	b20	hmf_refine	HMF	16		M	M_b20_cov95v2_HMF_refine_h50_m128	attempt_612d11dca8643d7b4658	source_log_basename	128	3b84ba1cdbaf123eeb18a6c78c8cd061985ad1b831786575bdcf0e4514ca1586	hmf_refine.tsv	17	UNIQUE	source_log_basename
b20:hmf_refine:HMF:170:0	b20	hmf_refine	HMF	170		F	F_b20_cov95v2_HMF_refine_h79_m106_F_p2	attempt_7a13e4d9aec47e0f072d	source_log_basename	2	8508354d90e77c0dc0e9f04e85fd659a8e803803a690c38ac15e946954e48c41	hmf_refine.tsv	171	UNIQUE	source_log_basename
b20:hmf_refine:HMF:170:0	b20	hmf_refine	HMF	170		H	H_b20_cov95v2_HMF_refine_H_p79	attempt_1f44d6a9d51dea24be48	source_log_basename	79	b71b98e299e873161c4858f576549ea4d10cddd43550c891164ad202fc63aebc	hmf_refine.tsv	171	UNIQUE	source_log_basename
b20:hmf_refine:HMF:170:0	b20	hmf_refine	HMF	170		M	M_b20_cov95v2_HMF_refine_h79_m106	attempt_4d34f2989835fa2ed807	source_log_basename	106	f29f18902aa7dc178da868fdd1879a6757e752db78b55fd112c89a57803a6c69	hmf_refine.tsv	171	UNIQUE	source_log_basename
b20:hmf_refine:HMF:171:0	b20	hmf_refine	HMF	171		F	F_b20_cov95v2_HMF_refine_h89_m92_F_p5	attempt_5725e65cddc8fd9f6feb	source_log_basename	5	aae912e13cbdd8f6668901bcf9d77c5aee3d97f2b8745d26042fc9593f4fca19	hmf_refine.tsv	172	UNIQUE	source_log_basename
b20:hmf_refine:HMF:171:0	b20	hmf_refine	HMF	171		H	H_b20_cov95v2_HMF_refine_H_p89	attempt_22003e5e6a7c5b02a671	source_log_basename	89	60034b86c9c0d0f9149a2e854b28a3f23ed7600f5c4efceb00a2f9bc86e57c86	hmf_refine.tsv	172	UNIQUE	source_log_basename
b20:hmf_refine:HMF:171:0	b20	hmf_refine	HMF	171		M	M_b20_cov95v2_HMF_refine_h89_m92	attempt_c9c3820c6aaa13977b37	source_log_basename	92	2e9255d904009baf0cd8fd451f8001a400c9d8b70d5de6bed0a7f497bca5b300	hmf_refine.tsv	172	UNIQUE	source_log_basename
b20:hmf_refine:HMF:172:0	b20	hmf_refine	HMF	172		F	F_b20_cov95v2_HMF_refine_h89_m99_F_p5	attempt_7b7f626cc04fc41610d8	source_log_basename	5	99756ea5d192c4af74e06c6ce88466214b12db8bea676d2f80086d7116f05856	hmf_refine.tsv	173	UNIQUE	source_log_basename
b20:hmf_refine:HMF:172:0	b20	hmf_refine	HMF	172		H	H_b20_cov95v2_HMF_refine_H_p89	attempt_22003e5e6a7c5b02a671	source_log_basename	89	60034b86c9c0d0f9149a2e854b28a3f23ed7600f5c4efceb00a2f9bc86e57c86	hmf_refine.tsv	173	UNIQUE	source_log_basename
b20:hmf_refine:HMF:172:0	b20	hmf_refine	HMF	172		M	M_b20_cov95v2_HMF_refine_h89_m99	attempt_fdce88ce13e46b2ceba4	source_log_basename	99	c22fd048a4f112b75259354d8565335df4f3c390537ca0718503c5f84e926334	hmf_refine.tsv	173	UNIQUE	source_log_basename
b20:hmf_refine:HMF:173:0	b20	hmf_refine	HMF	173		F	F_b20_cov95v2_HMF_refine_h89_m106_F_p1	attempt_bd8f4c579c7bfc4cc04e	source_log_basename	1	852fe1bcf7c097eb1038f7daa2103cba76054ed306a3204bf888e38b18d8ec04	hmf_refine.tsv	174	UNIQUE	source_log_basename
b20:hmf_refine:HMF:173:0	b20	hmf_refine	HMF	173		H	H_b20_cov95v2_HMF_refine_H_p89	attempt_22003e5e6a7c5b02a671	source_log_basename	89	60034b86c9c0d0f9149a2e854b28a3f23ed7600f5c4efceb00a2f9bc86e57c86	hmf_refine.tsv	174	UNIQUE	source_log_basename
b20:hmf_refine:HMF:173:0	b20	hmf_refine	HMF	173		M	M_b20_cov95v2_HMF_refine_h89_m106	attempt_e26a3c1b05a80b0ed22c	source_log_basename	106	ca46e8e14c01816b994e9e43356c27638fdb0e67f731f1979113605ad85017d8	hmf_refine.tsv	174	UNIQUE	source_log_basename
b20:hmf_refine:HMF:174:0	b20	hmf_refine	HMF	174		F	F_b20_cov95v2_HMF_refine_h84_m88_F_p24	attempt_057bfb80f7c8fb448947	source_log_basename	24	25eacb022ce38fc6317b7c4e1cad88055522438c7ec2ba7446912922baa617fa	hmf_refine.tsv	175	UNIQUE	source_log_basename
b20:hmf_refine:HMF:174:0	b20	hmf_refine	HMF	174		H	H_b20_cov95v2_HMF_refine_H_p84	attempt_a8fe9c387f1a41a9a1de	source_log_basename	84	7f3ed3c9ccff97ad2aec82db448cf0c2acc3dc6b70e38759cb8d4b1b3760185f	hmf_refine.tsv	175	UNIQUE	source_log_basename
b20:hmf_refine:HMF:174:0	b20	hmf_refine	HMF	174		M	M_b20_cov95v2_HMF_refine_h84_m88	attempt_8758e0c5be3f6b7961d6	source_log_basename	88	31a8acce319ea21ac2561bf3c9d5f32f7635af712efea06e842b4dee4c4e1908	hmf_refine.tsv	175	UNIQUE	source_log_basename
b20:hmf_refine:HMF:175:0	b20	hmf_refine	HMF	175		F	F_b20_cov95v2_HMF_refine_h84_m92_F_p19	attempt_ac9ce64f38ef4a7513c5	source_log_basename	19	2b3cbe063491c388338c6cb60ca129ffb5399cb315a5a9f1a0c131b0f0a48854	hmf_refine.tsv	176	UNIQUE	source_log_basename
b20:hmf_refine:HMF:175:0	b20	hmf_refine	HMF	175		H	H_b20_cov95v2_HMF_refine_H_p84	attempt_a8fe9c387f1a41a9a1de	source_log_basename	84	7f3ed3c9ccff97ad2aec82db448cf0c2acc3dc6b70e38759cb8d4b1b3760185f	hmf_refine.tsv	176	UNIQUE	source_log_basename
b20:hmf_refine:HMF:175:0	b20	hmf_refine	HMF	175		M	M_b20_cov95v2_HMF_refine_h84_m92	attempt_968065f0ec05b1f720be	source_log_basename	92	0bf71c114064bd69f35b77d532ed92c661ecf3ebe3cec96ecfbf9204d72bced5	hmf_refine.tsv	176	UNIQUE	source_log_basename
b20:hmf_refine:HMF:176:0	b20	hmf_refine	HMF	176		F	F_b20_cov95v2_HMF_refine_h84_m96_F_p15	attempt_ca9352c1bd0ff1728000	source_log_basename	15	839996657dae510bdf3f00eba535c3b5b7b0167ee36074499c8f1c8de1cab9b4	hmf_refine.tsv	177	UNIQUE	source_log_basename
b20:hmf_refine:HMF:176:0	b20	hmf_refine	HMF	176		H	H_b20_cov95v2_HMF_refine_H_p84	attempt_a8fe9c387f1a41a9a1de	source_log_basename	84	7f3ed3c9ccff97ad2aec82db448cf0c2acc3dc6b70e38759cb8d4b1b3760185f	hmf_refine.tsv	177	UNIQUE	source_log_basename
b20:hmf_refine:HMF:176:0	b20	hmf_refine	HMF	176		M	M_b20_cov95v2_HMF_refine_h84_m96	attempt_581504b19123bc0b6e5f	source_log_basename	96	b4b1ae3fbdcd0866ffc771a834f59c987603b527be745e6fcd3066818d0ce7ad	hmf_refine.tsv	177	UNIQUE	source_log_basename
b20:hmf_refine:HMF:177:0	b20	hmf_refine	HMF	177		F	F_b20_cov95v2_HMF_refine_h89_m88_F_p7	attempt_cee241a45777971e639d	source_log_basename	7	8628059a6a5a50109d8aafa2637cce5404319841741c77b13b85c65700fde7a1	hmf_refine.tsv	178	UNIQUE	source_log_basename
b20:hmf_refine:HMF:177:0	b20	hmf_refine	HMF	177		H	H_b20_cov95v2_HMF_refine_H_p89	attempt_22003e5e6a7c5b02a671	source_log_basename	89	60034b86c9c0d0f9149a2e854b28a3f23ed7600f5c4efceb00a2f9bc86e57c86	hmf_refine.tsv	178	UNIQUE	source_log_basename
b20:hmf_refine:HMF:177:0	b20	hmf_refine	HMF	177		M	M_b20_cov95v2_HMF_refine_h89_m88	attempt_75a89916d226de1fa30d	source_log_basename	88	d363159543b5845f3281a8d414ab28017a936b247d1d5d3c60cf02248ceebde3	hmf_refine.tsv	178	UNIQUE	source_log_basename
b20:hmf_refine:HMF:178:0	b20	hmf_refine	HMF	178		F	F_b20_cov95v2_HMF_refine_h89_m96_F_p2	attempt_60b0a5707b49a105ddf9	source_log_basename	2	0dad0c985dcf2db7a0c703be4d600f9b663413f3959a8fb776217c0201869bc2	hmf_refine.tsv	179	UNIQUE	source_log_basename
b20:hmf_refine:HMF:178:0	b20	hmf_refine	HMF	178		H	H_b20_cov95v2_HMF_refine_H_p89	attempt_22003e5e6a7c5b02a671	source_log_basename	89	60034b86c9c0d0f9149a2e854b28a3f23ed7600f5c4efceb00a2f9bc86e57c86	hmf_refine.tsv	179	UNIQUE	source_log_basename
b20:hmf_refine:HMF:178:0	b20	hmf_refine	HMF	178		M	M_b20_cov95v2_HMF_refine_h89_m96	attempt_6fac6fc2f9b2f792841e	source_log_basename	96	0c5280243701d4ad52de9480e849320a0927fecfef9f75d9eaf5f8862d3bfedb	hmf_refine.tsv	179	UNIQUE	source_log_basename
b20:hmf_refine:HMF:179:0	b20	hmf_refine	HMF	179		F	F_b20_cov95v2_HMF_refine_h94_m88_F_p9	attempt_2e03d406f48a2035148d	source_log_basename	9	74c950ea3bca6ba79942eb1989add09c5560e9587867204c9285b07d5c646475	hmf_refine.tsv	180	UNIQUE	source_log_basename
b20:hmf_refine:HMF:179:0	b20	hmf_refine	HMF	179		H	H_b20_cov95v2_HMF_refine_H_p94	attempt_8d282efd0c815902e944	source_log_basename	94	266e0c8619106dbbeaa399c21c5d84aab49ae61156fb4eb80380f0444db8bbe7	hmf_refine.tsv	180	UNIQUE	source_log_basename
b20:hmf_refine:HMF:179:0	b20	hmf_refine	HMF	179		M	M_b20_cov95v2_HMF_refine_h94_m88	attempt_6be52ec5e1fc0758ef29	source_log_basename	88	b537d0b9f87c118dbb3f824cae6a398e4f206bd93cd28eb7a77bfa09934fff20	hmf_refine.tsv	180	UNIQUE	source_log_basename
b20:hmf_refine:HMF:17:0	b20	hmf_refine	HMF	17		F	F_b20_cov95v2_HMF_refine_h50_m135_F_p4	attempt_90dd5924f4c97a89f07c	source_log_basename	4	b44d2e721cc0dc1d01ac16d36343632340aa1c240901712b248f41c368037a06	hmf_refine.tsv	18	UNIQUE	source_log_basename
b20:hmf_refine:HMF:17:0	b20	hmf_refine	HMF	17		H	H_b20_cov95v2_HMF_refine_H_p50	attempt_e32a5f296db16b0e257c	source_log_basename	50	05a90d3971500436ef098cf1e93d1c583b6c56bc76a6955f2cf5c8ed83113c62	hmf_refine.tsv	18	UNIQUE	source_log_basename
b20:hmf_refine:HMF:17:0	b20	hmf_refine	HMF	17		M	M_b20_cov95v2_HMF_refine_h50_m135	attempt_4e388526a852465ca938	source_log_basename	135	1764fbe5d25ca5205ed976379767b6fd4ce001fd94633509b057a9689222817a	hmf_refine.tsv	18	UNIQUE	source_log_basename
b20:hmf_refine:HMF:180:0	b20	hmf_refine	HMF	180		F	F_b20_cov95v2_HMF_refine_h94_m92_F_p5	attempt_a589decf55bda594d351	source_log_basename	5	f9594344c3f0c95bc1ec88c772d2ef9eef55e254bb271b6066a776a96e385870	hmf_refine.tsv	181	UNIQUE	source_log_basename
b20:hmf_refine:HMF:180:0	b20	hmf_refine	HMF	180		H	H_b20_cov95v2_HMF_refine_H_p94	attempt_8d282efd0c815902e944	source_log_basename	94	266e0c8619106dbbeaa399c21c5d84aab49ae61156fb4eb80380f0444db8bbe7	hmf_refine.tsv	181	UNIQUE	source_log_basename
b20:hmf_refine:HMF:180:0	b20	hmf_refine	HMF	180		M	M_b20_cov95v2_HMF_refine_h94_m92	attempt_e5d518e01123b574a636	source_log_basename	92	7c8849a373c3a44095074d44fbb2a81545b905776434489f930757141a6a79fa	hmf_refine.tsv	181	UNIQUE	source_log_basename
b20:hmf_refine:HMF:181:0	b20	hmf_refine	HMF	181		F	F_b20_cov95v2_HMF_refine_h94_m96_F_p7	attempt_b211242d3aa783ae8770	source_log_basename	7	23de2f00495651842dc485f3de679b8ca0a3f7849aaec5afff8ba5a8455c9547	hmf_refine.tsv	182	UNIQUE	source_log_basename
b20:hmf_refine:HMF:181:0	b20	hmf_refine	HMF	181		H	H_b20_cov95v2_HMF_refine_H_p94	attempt_8d282efd0c815902e944	source_log_basename	94	266e0c8619106dbbeaa399c21c5d84aab49ae61156fb4eb80380f0444db8bbe7	hmf_refine.tsv	182	UNIQUE	source_log_basename
b20:hmf_refine:HMF:181:0	b20	hmf_refine	HMF	181		M	M_b20_cov95v2_HMF_refine_h94_m96	attempt_417413867bc34e68d4a6	source_log_basename	96	3bf261800b5d03a24f55e0fce73af9c02f77831bf2daee3b2482b300b723ce25	hmf_refine.tsv	182	UNIQUE	source_log_basename
b20:hmf_refine:HMF:182:0	b20	hmf_refine	HMF	182		F	F_b20_cov95v2_HMF_refine_h86_m94_F_p11	attempt_d5e0c776ed25c860b97d	source_log_basename	11	76dbc229800caec388c89b5de4361d205ac588bb45ff4022b581e950a27d0894	hmf_refine.tsv	183	UNIQUE	source_log_basename
b20:hmf_refine:HMF:182:0	b20	hmf_refine	HMF	182		H	H_b20_cov95v2_HMF_refine_H_p86	attempt_7af744458b4ebcf39358	source_log_basename	86	1dda1e1b7878e57cd1b88560b9b73414b3a3da499b04bff33d1fc4917157cb0d	hmf_refine.tsv	183	UNIQUE	source_log_basename
b20:hmf_refine:HMF:182:0	b20	hmf_refine	HMF	182		M	M_b20_cov95v2_HMF_refine_h86_m94	attempt_383aceec37e8b3ee928c	source_log_basename	94	bcd7de2eabc4947cf74c48310acdc4b5a39a28b877ea618f71f0a6238c239ad0	hmf_refine.tsv	183	UNIQUE	source_log_basename
b20:hmf_refine:HMF:183:0	b20	hmf_refine	HMF	183		F	F_b20_cov95v2_HMF_refine_h86_m96_F_p12	attempt_e1df6567d7b074470483	source_log_basename	12	849ff7c8c64ca890aa5333138555421df4a06710bb51c883f55d75c1e062188e	hmf_refine.tsv	184	UNIQUE	source_log_basename
b20:hmf_refine:HMF:183:0	b20	hmf_refine	HMF	183		H	H_b20_cov95v2_HMF_refine_H_p86	attempt_7af744458b4ebcf39358	source_log_basename	86	1dda1e1b7878e57cd1b88560b9b73414b3a3da499b04bff33d1fc4917157cb0d	hmf_refine.tsv	184	UNIQUE	source_log_basename
b20:hmf_refine:HMF:183:0	b20	hmf_refine	HMF	183		M	M_b20_cov95v2_HMF_refine_h86_m96	attempt_b547b72c353db00d11d9	source_log_basename	96	16537162c48fdbe73cf85feeb53df3d5e28dc400304c7db540da65dca6ba7ae3	hmf_refine.tsv	184	UNIQUE	source_log_basename
b20:hmf_refine:HMF:184:0	b20	hmf_refine	HMF	184		F	F_b20_cov95v2_HMF_refine_h86_m98_F_p12	attempt_28a3ac17744ff6a9c865	source_log_basename	12	5bc8c62c881e469f8d57243c3380a2fdb44dc382f7169a03b2a59a0032bee2fd	hmf_refine.tsv	185	UNIQUE	source_log_basename
b20:hmf_refine:HMF:184:0	b20	hmf_refine	HMF	184		H	H_b20_cov95v2_HMF_refine_H_p86	attempt_7af744458b4ebcf39358	source_log_basename	86	1dda1e1b7878e57cd1b88560b9b73414b3a3da499b04bff33d1fc4917157cb0d	hmf_refine.tsv	185	UNIQUE	source_log_basename
b20:hmf_refine:HMF:184:0	b20	hmf_refine	HMF	184		M	M_b20_cov95v2_HMF_refine_h86_m98	attempt_71a576a5b9fcb754c8e4	source_log_basename	98	4badeaef683a16c7ed72a4d16d53b5f95fe098bdb4afd7fa8e21b31c6a4681cb	hmf_refine.tsv	185	UNIQUE	source_log_basename
b20:hmf_refine:HMF:185:0	b20	hmf_refine	HMF	185		F	F_b20_cov95v2_HMF_refine_h89_m94_F_p4	attempt_1efa992652d5f5b9e907	source_log_basename	4	389d9449515e66f3b98bdc0462dc25abffc3a5c481ff2bc19a8a0a99288a7767	hmf_refine.tsv	186	UNIQUE	source_log_basename
b20:hmf_refine:HMF:185:0	b20	hmf_refine	HMF	185		H	H_b20_cov95v2_HMF_refine_H_p89	attempt_22003e5e6a7c5b02a671	source_log_basename	89	60034b86c9c0d0f9149a2e854b28a3f23ed7600f5c4efceb00a2f9bc86e57c86	hmf_refine.tsv	186	UNIQUE	source_log_basename
b20:hmf_refine:HMF:185:0	b20	hmf_refine	HMF	185		M	M_b20_cov95v2_HMF_refine_h89_m94	attempt_d34f12f6ca2c83dad40f	source_log_basename	94	b647aabfcc454a64b55e4196ee8c4f648cb8e6fcffafe2a60bf0e832c1824ef7	hmf_refine.tsv	186	UNIQUE	source_log_basename
b20:hmf_refine:HMF:186:0	b20	hmf_refine	HMF	186		F	F_b20_cov95v2_HMF_refine_h89_m98_F_p3	attempt_dcf950e47fb4b3919a8b	source_log_basename	3	27dd710014f4294f3e1a48d108f4c1d39b882075c24fc75fe4dc98f66d512a8d	hmf_refine.tsv	187	UNIQUE	source_log_basename
b20:hmf_refine:HMF:186:0	b20	hmf_refine	HMF	186		H	H_b20_cov95v2_HMF_refine_H_p89	attempt_22003e5e6a7c5b02a671	source_log_basename	89	60034b86c9c0d0f9149a2e854b28a3f23ed7600f5c4efceb00a2f9bc86e57c86	hmf_refine.tsv	187	UNIQUE	source_log_basename
b20:hmf_refine:HMF:186:0	b20	hmf_refine	HMF	186		M	M_b20_cov95v2_HMF_refine_h89_m98	attempt_ea2208ebe19e83ad3d6e	source_log_basename	98	d40bbbd038c374df21089d447c2742bb4fcbc9eac73e4876883e784d9c2c9e00	hmf_refine.tsv	187	UNIQUE	source_log_basename
b20:hmf_refine:HMF:187:0	b20	hmf_refine	HMF	187		F	F_b20_cov95v2_HMF_refine_h92_m94_F_p12	attempt_977ee1f8c288edfb4db0	source_log_basename	12	1dbac0a05dbb1e1b9d9d6570469db5f21cf361d87ef88fef0ef5cfcdf41d4d9d	hmf_refine.tsv	188	UNIQUE	source_log_basename
b20:hmf_refine:HMF:187:0	b20	hmf_refine	HMF	187		H	H_b20_cov95v2_HMF_refine_H_p92	attempt_a4ecd8b87d45827d81e6	source_log_basename	92	28329b3e9e19b68098891cac63906097e2ec066a4b32ed03d2bf9621e3646b52	hmf_refine.tsv	188	UNIQUE	source_log_basename
b20:hmf_refine:HMF:187:0	b20	hmf_refine	HMF	187		M	M_b20_cov95v2_HMF_refine_h92_m94	attempt_dc7c915b6b6f834d8df0	source_log_basename	94	28c1c3ae6310f26baa8e60fe174eba5e24584c26016889e2095375dfca06c949	hmf_refine.tsv	188	UNIQUE	source_log_basename
b20:hmf_refine:HMF:188:0	b20	hmf_refine	HMF	188		F	F_b20_cov95v2_HMF_refine_h92_m96_F_p14	attempt_349aa8aed7de348216d8	source_log_basename	14	acfbf6a2567bbc54841cbf48e01e4707503476a984b7d232a5f70f500579583a	hmf_refine.tsv	189	UNIQUE	source_log_basename
b20:hmf_refine:HMF:188:0	b20	hmf_refine	HMF	188		H	H_b20_cov95v2_HMF_refine_H_p92	attempt_a4ecd8b87d45827d81e6	source_log_basename	92	28329b3e9e19b68098891cac63906097e2ec066a4b32ed03d2bf9621e3646b52	hmf_refine.tsv	189	UNIQUE	source_log_basename
b20:hmf_refine:HMF:188:0	b20	hmf_refine	HMF	188		M	M_b20_cov95v2_HMF_refine_h92_m96	attempt_0b46deec78aa062f8f78	source_log_basename	96	da1d2b270ccc2c5a4089fb740d87d8426a2caadf1fa814da12b1d9c380a371e2	hmf_refine.tsv	189	UNIQUE	source_log_basename
b20:hmf_refine:HMF:189:0	b20	hmf_refine	HMF	189		F	F_b20_cov95v2_HMF_refine_h92_m98_F_p9	attempt_1d842c22047d3bce15cc	source_log_basename	9	3e105c9092bbdac269ff7bbbc49142242af45d72a411f06a6881053f232a101e	hmf_refine.tsv	190	UNIQUE	source_log_basename
b20:hmf_refine:HMF:189:0	b20	hmf_refine	HMF	189		H	H_b20_cov95v2_HMF_refine_H_p92	attempt_a4ecd8b87d45827d81e6	source_log_basename	92	28329b3e9e19b68098891cac63906097e2ec066a4b32ed03d2bf9621e3646b52	hmf_refine.tsv	190	UNIQUE	source_log_basename
b20:hmf_refine:HMF:189:0	b20	hmf_refine	HMF	189		M	M_b20_cov95v2_HMF_refine_h92_m98	attempt_3af7044bbc1a4965a90f	source_log_basename	98	016d02b211c6820e8a07fdd10b4ebc938c9a855bd7f0fb2c5717d9886b71827a	hmf_refine.tsv	190	UNIQUE	source_log_basename
b20:hmf_refine:HMF:18:0	b20	hmf_refine	HMF	18		F	F_b20_cov95v2_HMF_refine_h60_m121_F_p6	attempt_5f58a2bf6e53cab5ca0c	source_log_basename	6	bf0577f8369c68c670eb578064deec176ec42cece290167c0b68e3413983387d	hmf_refine.tsv	19	UNIQUE	source_log_basename
b20:hmf_refine:HMF:18:0	b20	hmf_refine	HMF	18		H	H_b20_cov95v2_HMF_refine_H_p60	attempt_11c45bcb787f5f230387	source_log_basename	60	f3363755fdcd288a9f380d64f093e2df390d7f1c21d9c9e3661aed7e6ad4be3a	hmf_refine.tsv	19	UNIQUE	source_log_basename
b20:hmf_refine:HMF:18:0	b20	hmf_refine	HMF	18		M	M_b20_cov95v2_HMF_refine_h60_m121	attempt_8073c71c824831cc3381	source_log_basename	121	fd9e362c36e469a57548ce1b2ebbfe307f18e6fe95aa2ac410bdac515ec148b9	hmf_refine.tsv	19	UNIQUE	source_log_basename
b20:hmf_refine:HMF:190:0	b20	hmf_refine	HMF	190		F	F_b20_cov95v2_HMF_refine_h87_m95_F_p7	attempt_8e59875f7875f75664c2	source_log_basename	7	5af25bfaa37a1ebf88873431973c5c8daf0202a4fcd3300004450a2cd637a0a5	hmf_refine.tsv	191	UNIQUE	source_log_basename
b20:hmf_refine:HMF:190:0	b20	hmf_refine	HMF	190		H	H_b20_cov95v2_HMF_refine_H_p87	attempt_cb11f0dbc115a9c2143d	source_log_basename	87	5cacc2d29c65920ce89307b4f15499ab1ad737c4b79edb899961529009c42741	hmf_refine.tsv	191	UNIQUE	source_log_basename
b20:hmf_refine:HMF:190:0	b20	hmf_refine	HMF	190		M	M_b20_cov95v2_HMF_refine_h87_m95	attempt_f4327ff86394abfc6af6	source_log_basename	95	e537b235487d775c40d108448a8eac50de2b9a93ded3c3f17fd646af9d8b4aed	hmf_refine.tsv	191	UNIQUE	source_log_basename
b20:hmf_refine:HMF:191:0	b20	hmf_refine	HMF	191		F	F_b20_cov95v2_HMF_refine_h87_m96_F_p9	attempt_86121c5638336c7d13a7	source_log_basename	9	9617889ff542fee2801a19a209caf4fcf94e6ed977efe621fd1b6277c9b8048b	hmf_refine.tsv	192	UNIQUE	source_log_basename
b20:hmf_refine:HMF:191:0	b20	hmf_refine	HMF	191		H	H_b20_cov95v2_HMF_refine_H_p87	attempt_cb11f0dbc115a9c2143d	source_log_basename	87	5cacc2d29c65920ce89307b4f15499ab1ad737c4b79edb899961529009c42741	hmf_refine.tsv	192	UNIQUE	source_log_basename
b20:hmf_refine:HMF:191:0	b20	hmf_refine	HMF	191		M	M_b20_cov95v2_HMF_refine_h87_m96	attempt_b44646593e628563b0b3	source_log_basename	96	af09508103f90320cf1bdf17eafbfab98989a7f57389ba34f4fd99b628bd5b9e	hmf_refine.tsv	192	UNIQUE	source_log_basename
b20:hmf_refine:HMF:192:0	b20	hmf_refine	HMF	192		F	F_b20_cov95v2_HMF_refine_h87_m97_F_p9	attempt_4da0eae10538993b7382	source_log_basename	9	056b5f08cc90c6eab041fdc3b33562a134b02dfbe68b11d0cab2c0a24b499543	hmf_refine.tsv	193	UNIQUE	source_log_basename
b20:hmf_refine:HMF:192:0	b20	hmf_refine	HMF	192		H	H_b20_cov95v2_HMF_refine_H_p87	attempt_cb11f0dbc115a9c2143d	source_log_basename	87	5cacc2d29c65920ce89307b4f15499ab1ad737c4b79edb899961529009c42741	hmf_refine.tsv	193	UNIQUE	source_log_basename
b20:hmf_refine:HMF:192:0	b20	hmf_refine	HMF	192		M	M_b20_cov95v2_HMF_refine_h87_m97	attempt_6dbfd2af1d465bb48f88	source_log_basename	97	493b9d460d2e4931ce569e22c293fb9f64b9258f3d39638d63741d021f959786	hmf_refine.tsv	193	UNIQUE	source_log_basename
b20:hmf_refine:HMF:193:0	b20	hmf_refine	HMF	193		F	F_b20_cov95v2_HMF_refine_h89_m95_F_p2	attempt_84d37266120cb2603bbb	source_log_basename	2	e483327bf5133bfdcf7e889bf4bdecfa88e02d779c2eb97f492cc0861ccd14f0	hmf_refine.tsv	194	UNIQUE	source_log_basename
b20:hmf_refine:HMF:193:0	b20	hmf_refine	HMF	193		H	H_b20_cov95v2_HMF_refine_H_p89	attempt_22003e5e6a7c5b02a671	source_log_basename	89	60034b86c9c0d0f9149a2e854b28a3f23ed7600f5c4efceb00a2f9bc86e57c86	hmf_refine.tsv	194	UNIQUE	source_log_basename
b20:hmf_refine:HMF:193:0	b20	hmf_refine	HMF	193		M	M_b20_cov95v2_HMF_refine_h89_m95	attempt_cf025b5887cb1b81316a	source_log_basename	95	432b06002ae0b2df3141d2beae15ea82a0a6432dac08805ac16690ebf2317b10	hmf_refine.tsv	194	UNIQUE	source_log_basename
b20:hmf_refine:HMF:194:0	b20	hmf_refine	HMF	194		F	F_b20_cov95v2_HMF_refine_h89_m97_F_p2	attempt_532c11f0347a352ee549	source_log_basename	2	dc42e22b4df77706d591b0fcb03bc072598bd1bb02a186242e62f593da20111c	hmf_refine.tsv	195	UNIQUE	source_log_basename
b20:hmf_refine:HMF:194:0	b20	hmf_refine	HMF	194		H	H_b20_cov95v2_HMF_refine_H_p89	attempt_22003e5e6a7c5b02a671	source_log_basename	89	60034b86c9c0d0f9149a2e854b28a3f23ed7600f5c4efceb00a2f9bc86e57c86	hmf_refine.tsv	195	UNIQUE	source_log_basename
b20:hmf_refine:HMF:194:0	b20	hmf_refine	HMF	194		M	M_b20_cov95v2_HMF_refine_h89_m97	attempt_b6d441eab539aa082277	source_log_basename	97	38425501eb60ec48773f11360c62c693f00626bb72d65da9ee94ab91043a58b9	hmf_refine.tsv	195	UNIQUE	source_log_basename
b20:hmf_refine:HMF:195:0	b20	hmf_refine	HMF	195		F	F_b20_cov95v2_HMF_refine_h91_m95_F_p11	attempt_72e8473c35d835d9b17c	source_log_basename	11	4390bcfbdd2262a179471dc8006b855fad07dfe7ede09c7faddfb5713f71f1cb	hmf_refine.tsv	196	UNIQUE	source_log_basename
b20:hmf_refine:HMF:195:0	b20	hmf_refine	HMF	195		H	H_b20_cov95v2_HMF_refine_H_p91	attempt_4c764f29a799c99a9245	source_log_basename	91	bd130d5fd657282bfa4c367e711382a51fe3ded8a1420f5dd5234476c3526e2b	hmf_refine.tsv	196	UNIQUE	source_log_basename
b20:hmf_refine:HMF:195:0	b20	hmf_refine	HMF	195		M	M_b20_cov95v2_HMF_refine_h91_m95	attempt_3910c0dd307b17bf290a	source_log_basename	95	7465c4e407cf80e7fe3f3fc3ddab5305ebf72f7649fca120774b023b69bcaab1	hmf_refine.tsv	196	UNIQUE	source_log_basename
b20:hmf_refine:HMF:196:0	b20	hmf_refine	HMF	196		F	F_b20_cov95v2_HMF_refine_h91_m96_F_p10	attempt_2a3732fa69b408442421	source_log_basename	10	258dd4bc358d68ce41ce08cbb6d23dc92a6cc338f71d08d2c9c7558166bdf881	hmf_refine.tsv	197	UNIQUE	source_log_basename
b20:hmf_refine:HMF:196:0	b20	hmf_refine	HMF	196		H	H_b20_cov95v2_HMF_refine_H_p91	attempt_4c764f29a799c99a9245	source_log_basename	91	bd130d5fd657282bfa4c367e711382a51fe3ded8a1420f5dd5234476c3526e2b	hmf_refine.tsv	197	UNIQUE	source_log_basename
b20:hmf_refine:HMF:196:0	b20	hmf_refine	HMF	196		M	M_b20_cov95v2_HMF_refine_h91_m96	attempt_64b6bf86fb96bf340672	source_log_basename	96	d81104e1fa8a50f52732a312fa3787c68ab6682b9eed09f1359d893601b9c5cb	hmf_refine.tsv	197	UNIQUE	source_log_basename
b20:hmf_refine:HMF:197:0	b20	hmf_refine	HMF	197		F	F_b20_cov95v2_HMF_refine_h91_m97_F_p7	attempt_8f9221ba71fba3327b59	source_log_basename	7	152d8d64ee5dad4fed0cb09dbb0ba363248bfcf42ed6fdd52ec08c30f8c4ed2a	hmf_refine.tsv	198	UNIQUE	source_log_basename
b20:hmf_refine:HMF:197:0	b20	hmf_refine	HMF	197		H	H_b20_cov95v2_HMF_refine_H_p91	attempt_4c764f29a799c99a9245	source_log_basename	91	bd130d5fd657282bfa4c367e711382a51fe3ded8a1420f5dd5234476c3526e2b	hmf_refine.tsv	198	UNIQUE	source_log_basename
b20:hmf_refine:HMF:197:0	b20	hmf_refine	HMF	197		M	M_b20_cov95v2_HMF_refine_h91_m97	attempt_bf808f17c70360869772	source_log_basename	97	43469152bfb9e790c9d0655085987a06bb425098c0d9d934b66341aebc60d5b1	hmf_refine.tsv	198	UNIQUE	source_log_basename
b20:hmf_refine:HMF:198:0	b20	hmf_refine	HMF	198		F	F_b20_cov95v2_HMF_refine_h88_m94_F_p19	attempt_2cfa0fa4163c949bf638	source_log_basename	19	06848b57797e7bca9947709ca78266ded763f973badea7911ce1e43966c2f495	hmf_refine.tsv	199	UNIQUE	source_log_basename
b20:hmf_refine:HMF:198:0	b20	hmf_refine	HMF	198		H	H_b20_cov95v2_HMF_refine_H_p88	attempt_71d6a077b116a14da6e9	source_log_basename	88	dec1801802c3ee7c514d292a877523cc6956c716b5486a53cdf50791864d7039	hmf_refine.tsv	199	UNIQUE	source_log_basename
b20:hmf_refine:HMF:198:0	b20	hmf_refine	HMF	198		M	M_b20_cov95v2_HMF_refine_h88_m94	attempt_376138027b9cec300184	source_log_basename	94	264247a52ac37ca8de8c15312a84641ab6698add1657fdce38086a1e59a9a3a7	hmf_refine.tsv	199	UNIQUE	source_log_basename
b20:hmf_refine:HMF:199:0	b20	hmf_refine	HMF	199		F	F_b20_cov95v2_HMF_refine_h88_m95_F_p14	attempt_360792badfc6e4a20579	source_log_basename	14	edd1c22b11573d2e9da2bdc61ab498aed16e775ecf3796c95e9df179ddd45f8e	hmf_refine.tsv	200	UNIQUE	source_log_basename
b20:hmf_refine:HMF:199:0	b20	hmf_refine	HMF	199		H	H_b20_cov95v2_HMF_refine_H_p88	attempt_71d6a077b116a14da6e9	source_log_basename	88	dec1801802c3ee7c514d292a877523cc6956c716b5486a53cdf50791864d7039	hmf_refine.tsv	200	UNIQUE	source_log_basename
b20:hmf_refine:HMF:199:0	b20	hmf_refine	HMF	199		M	M_b20_cov95v2_HMF_refine_h88_m95	attempt_e99945e73ac1ad87ec68	source_log_basename	95	6a0345149c0b82102fa60d9c4988e862947fc13387696c999b42290a5b5f49eb	hmf_refine.tsv	200	UNIQUE	source_log_basename
b20:hmf_refine:HMF:19:0	b20	hmf_refine	HMF	19		F				0	NA	hmf_refine.tsv	20	NOT_RUN	TARGET_BEFORE_F
b20:hmf_refine:HMF:19:0	b20	hmf_refine	HMF	19		H	H_b20_cov95v2_HMF_refine_H_p60	attempt_11c45bcb787f5f230387	source_log_basename	60	f3363755fdcd288a9f380d64f093e2df390d7f1c21d9c9e3661aed7e6ad4be3a	hmf_refine.tsv	20	UNIQUE	source_log_basename
b20:hmf_refine:HMF:19:0	b20	hmf_refine	HMF	19		M	M_b20_cov95v2_HMF_refine_h60_m135	attempt_85478ba0204a1a6b6e29	source_log_basename	135	21d64276dafc4dc0f6ccadf7447d6c6e96fa4e2a494938355de36c6fe748e4e7	hmf_refine.tsv	20	UNIQUE	source_log_basename
b20:hmf_refine:HMF:1:0	b20	hmf_refine	HMF	1		F	F_b20_cov95v2_HMF_refine_h40_m116_F_p20	attempt_db302180ad5b981536ca	source_log_basename	20	5931fd9537d3a345ece45794be458951f49e0eff0a24048f430850941102c8d3	hmf_refine.tsv	2	UNIQUE	source_log_basename
b20:hmf_refine:HMF:1:0	b20	hmf_refine	HMF	1		H	H_b20_cov95v2_HMF_refine_H_p40	attempt_2dc905ecc0125b75c80b	source_log_basename	40	eb2795dabafd038320b3ba057131d431a9f30ea9efa787eb5ace14e0f0831ca0	hmf_refine.tsv	2	UNIQUE	source_log_basename
b20:hmf_refine:HMF:1:0	b20	hmf_refine	HMF	1		M	M_b20_cov95v2_HMF_refine_h40_m116	attempt_e1a9db28d48ecaaa2254	source_log_basename	116	e3a3af0c1b84aa3fa0186f758de385f165c64608fea36763477edb7f0aef90be	hmf_refine.tsv	2	UNIQUE	source_log_basename
b20:hmf_refine:HMF:200:0	b20	hmf_refine	HMF	200		F	F_b20_cov95v2_HMF_refine_h88_m96_F_p12	attempt_858d5338957d509a73dc	source_log_basename	12	a3193d2ab16082f7f9994c43fe14154db60caf21dcf1190d6cb898feab3fdd45	hmf_refine.tsv	201	UNIQUE	source_log_basename
b20:hmf_refine:HMF:200:0	b20	hmf_refine	HMF	200		H	H_b20_cov95v2_HMF_refine_H_p88	attempt_71d6a077b116a14da6e9	source_log_basename	88	dec1801802c3ee7c514d292a877523cc6956c716b5486a53cdf50791864d7039	hmf_refine.tsv	201	UNIQUE	source_log_basename
b20:hmf_refine:HMF:200:0	b20	hmf_refine	HMF	200		M	M_b20_cov95v2_HMF_refine_h88_m96	attempt_8268ff96951180df8c89	source_log_basename	96	75bacd5f8a6d833f0c3ddc1385d440adf0346d46b85435a1f94ae7c9b8799bf9	hmf_refine.tsv	201	UNIQUE	source_log_basename
b20:hmf_refine:HMF:201:0	b20	hmf_refine	HMF	201		F	F_b20_cov95v2_HMF_refine_h90_m94_F_p8	attempt_b72dd6553b1152398644	source_log_basename	8	a76f73ddab585e4ea77f7a575c8c3cfe4bdd25f39cebd29b20b7437e0be87204	hmf_refine.tsv	202	UNIQUE	source_log_basename
b20:hmf_refine:HMF:201:0	b20	hmf_refine	HMF	201		H	H_b20_cov95v2_HMF_refine_H_p90	attempt_77272990645b1f0b1538	source_log_basename	90	441439bf4ce44bc600d81cc1b2e0a4fc25c25585bc6a0afac963f96dc6850c3f	hmf_refine.tsv	202	UNIQUE	source_log_basename
b20:hmf_refine:HMF:201:0	b20	hmf_refine	HMF	201		M	M_b20_cov95v2_HMF_refine_h90_m94	attempt_81e59aa756790af864a5	source_log_basename	94	e2dfd23ed9c597907e1c7345cbd1637c2622bf08637e27745462254cab9d0d85	hmf_refine.tsv	202	UNIQUE	source_log_basename
b20:hmf_refine:HMF:202:0	b20	hmf_refine	HMF	202		F	F_b20_cov95v2_HMF_refine_h90_m95_F_p6	attempt_aaceb041e82f2e82f357	source_log_basename	6	7afc3742af9cb9c7fa5924a81f404d9d20e234cebb65ad518a23509df61c31f3	hmf_refine.tsv	203	UNIQUE	source_log_basename
b20:hmf_refine:HMF:202:0	b20	hmf_refine	HMF	202		H	H_b20_cov95v2_HMF_refine_H_p90	attempt_77272990645b1f0b1538	source_log_basename	90	441439bf4ce44bc600d81cc1b2e0a4fc25c25585bc6a0afac963f96dc6850c3f	hmf_refine.tsv	203	UNIQUE	source_log_basename
b20:hmf_refine:HMF:202:0	b20	hmf_refine	HMF	202		M	M_b20_cov95v2_HMF_refine_h90_m95	attempt_035680d023741817996b	source_log_basename	95	08b34a2dbf7605162cfce3c8201d248eff1dd15bf0c0b2a9f905946843e0ac18	hmf_refine.tsv	203	UNIQUE	source_log_basename
b20:hmf_refine:HMF:203:0	b20	hmf_refine	HMF	203		F	F_b20_cov95v2_HMF_refine_h90_m96_F_p4	attempt_a8ab7a78708fd9ed804c	source_log_basename	4	8e588a56172851d9a4e5e6451d2fc6161e6fbbb900a535a677aba695d90b76c1	hmf_refine.tsv	204	UNIQUE	source_log_basename
b20:hmf_refine:HMF:203:0	b20	hmf_refine	HMF	203		H	H_b20_cov95v2_HMF_refine_H_p90	attempt_77272990645b1f0b1538	source_log_basename	90	441439bf4ce44bc600d81cc1b2e0a4fc25c25585bc6a0afac963f96dc6850c3f	hmf_refine.tsv	204	UNIQUE	source_log_basename
b20:hmf_refine:HMF:203:0	b20	hmf_refine	HMF	203		M	M_b20_cov95v2_HMF_refine_h90_m96	attempt_9ba482833cc0b051cf54	source_log_basename	96	2befc3abce2c890860918c08bb4b28f7e1fc429fffef2a70cead8f9dd9644471	hmf_refine.tsv	204	UNIQUE	source_log_basename
b20:hmf_refine:HMF:204:0	b20	hmf_refine	HMF	204		F	F_b20_cov95v2_HMF_refine_h79_m85_F_p15	attempt_a5b7dd60579abbebce0e	source_log_basename	15	bb58447453d6d18d548a6754b6e2bd78c5d21b2f6ef3a6a5267bcae08c8e1cda	hmf_refine.tsv	205	UNIQUE	source_log_basename
b20:hmf_refine:HMF:204:0	b20	hmf_refine	HMF	204		H	H_b20_cov95v2_HMF_refine_H_p79	attempt_1f44d6a9d51dea24be48	source_log_basename	79	b71b98e299e873161c4858f576549ea4d10cddd43550c891164ad202fc63aebc	hmf_refine.tsv	205	UNIQUE	source_log_basename
b20:hmf_refine:HMF:204:0	b20	hmf_refine	HMF	204		M	M_b20_cov95v2_HMF_refine_h79_m85	attempt_eca1ea68255cba399ee4	source_log_basename	85	bbe0750b43caadb8eaa37b97c9eaac5aef1b6ff9e59897ce30533034fc99bbe6	hmf_refine.tsv	205	UNIQUE	source_log_basename
b20:hmf_refine:HMF:205:0	b20	hmf_refine	HMF	205		F	F_b20_cov95v2_HMF_refine_h79_m90_F_p8	attempt_7db751e2121e7883abd8	source_log_basename	8	52ef51b5ecdbfec25af0e66a6cd39cff4016674f18cab4f5bc209844db77166b	hmf_refine.tsv	206	UNIQUE	source_log_basename
b20:hmf_refine:HMF:205:0	b20	hmf_refine	HMF	205		H	H_b20_cov95v2_HMF_refine_H_p79	attempt_1f44d6a9d51dea24be48	source_log_basename	79	b71b98e299e873161c4858f576549ea4d10cddd43550c891164ad202fc63aebc	hmf_refine.tsv	206	UNIQUE	source_log_basename
b20:hmf_refine:HMF:205:0	b20	hmf_refine	HMF	205		M	M_b20_cov95v2_HMF_refine_h79_m90	attempt_0ad90ed4e4699f05a48e	source_log_basename	90	b1be9514a3f3f21d3a174f6e0cfaa3113cc8f10089d49cf9cbf0a8c8799348b4	hmf_refine.tsv	206	UNIQUE	source_log_basename
b20:hmf_refine:HMF:206:0	b20	hmf_refine	HMF	206		F	F_b20_cov95v2_HMF_refine_h79_m95_F_p6	attempt_9743fcbd4fc165fd8c48	source_log_basename	6	b8dc61f3863728a892a1ac72986cd5c3be7665ba95e59b8217ce72b99bd2978e	hmf_refine.tsv	207	UNIQUE	source_log_basename
b20:hmf_refine:HMF:206:0	b20	hmf_refine	HMF	206		H	H_b20_cov95v2_HMF_refine_H_p79	attempt_1f44d6a9d51dea24be48	source_log_basename	79	b71b98e299e873161c4858f576549ea4d10cddd43550c891164ad202fc63aebc	hmf_refine.tsv	207	UNIQUE	source_log_basename
b20:hmf_refine:HMF:206:0	b20	hmf_refine	HMF	206		M	M_b20_cov95v2_HMF_refine_h79_m95	attempt_ee9d483bb3e5d608f9be	source_log_basename	95	d356f5eef66c1e258120b54f6a41c56ef53437181fd68cdfd67e6bfc786b8418	hmf_refine.tsv	207	UNIQUE	source_log_basename
b20:hmf_refine:HMF:207:0	b20	hmf_refine	HMF	207		F	F_b20_cov95v2_HMF_refine_h79_m100_F_p6	attempt_8221a0915bcb6879909b	source_log_basename	6	5c541080eacb9a08d4db795e069f19adab0be74a925d5cbaf6087fd86694d03b	hmf_refine.tsv	208	UNIQUE	source_log_basename
b20:hmf_refine:HMF:207:0	b20	hmf_refine	HMF	207		H	H_b20_cov95v2_HMF_refine_H_p79	attempt_1f44d6a9d51dea24be48	source_log_basename	79	b71b98e299e873161c4858f576549ea4d10cddd43550c891164ad202fc63aebc	hmf_refine.tsv	208	UNIQUE	source_log_basename
b20:hmf_refine:HMF:207:0	b20	hmf_refine	HMF	207		M	M_b20_cov95v2_HMF_refine_h79_m100	attempt_1a8cba091418116928a7	source_log_basename	100	02341061f23a0dbe334d5b0c2171cd785abdbdbe1514940e207f2ac647ed63bd	hmf_refine.tsv	208	UNIQUE	source_log_basename
b20:hmf_refine:HMF:208:0	b20	hmf_refine	HMF	208		F	F_b20_cov95v2_HMF_refine_h79_m105_F_p1	attempt_194273e0e2a5f5731f93	source_log_basename	1	81492291d2ab329bed2f44ae1af60ef682da2b05fc36f9d530f7ab273dad0e69	hmf_refine.tsv	209	UNIQUE	source_log_basename
b20:hmf_refine:HMF:208:0	b20	hmf_refine	HMF	208		H	H_b20_cov95v2_HMF_refine_H_p79	attempt_1f44d6a9d51dea24be48	source_log_basename	79	b71b98e299e873161c4858f576549ea4d10cddd43550c891164ad202fc63aebc	hmf_refine.tsv	209	UNIQUE	source_log_basename
b20:hmf_refine:HMF:208:0	b20	hmf_refine	HMF	208		M	M_b20_cov95v2_HMF_refine_h79_m105	attempt_88a8dbe7feb88da441df	source_log_basename	105	6e4dd3cc8a7685dec72d100786be63c1cf1f94ee76c138b3a25b6697e7aac901	hmf_refine.tsv	209	UNIQUE	source_log_basename
b20:hmf_refine:HMF:209:0	b20	hmf_refine	HMF	209		F	F_b20_cov95v2_HMF_refine_h84_m85_F_p20	attempt_d39d8cb80341d732dd39	source_log_basename	20	98de4a1a5ec4c924633e292258eb7ba746d0b348ea4e53c6bf968433e61ebb42	hmf_refine.tsv	210	UNIQUE	source_log_basename
b20:hmf_refine:HMF:209:0	b20	hmf_refine	HMF	209		H	H_b20_cov95v2_HMF_refine_H_p84	attempt_a8fe9c387f1a41a9a1de	source_log_basename	84	7f3ed3c9ccff97ad2aec82db448cf0c2acc3dc6b70e38759cb8d4b1b3760185f	hmf_refine.tsv	210	UNIQUE	source_log_basename
b20:hmf_refine:HMF:209:0	b20	hmf_refine	HMF	209		M	M_b20_cov95v2_HMF_refine_h84_m85	attempt_7a59c1d315a1a90593e9	source_log_basename	85	26b09848b740c4ac059bf2ed3df7f1825495083dd510c921b510322393215f2b	hmf_refine.tsv	210	UNIQUE	source_log_basename
b20:hmf_refine:HMF:20:0	b20	hmf_refine	HMF	20		F				0	NA	hmf_refine.tsv	21	NOT_RUN	TARGET_BEFORE_F
b20:hmf_refine:HMF:20:0	b20	hmf_refine	HMF	20		H	H_b20_cov95v2_HMF_refine_H_p70	attempt_9b12e4e5d3174f47aef6	source_log_basename	70	f46ee5e98bb6c444af6d1dc9bcbf8f0a4f56888ba05ba88adf2e0e6b26e3e856	hmf_refine.tsv	21	UNIQUE	source_log_basename
b20:hmf_refine:HMF:20:0	b20	hmf_refine	HMF	20		M	M_b20_cov95v2_HMF_refine_h70_m121	attempt_c1b8d2c16112e53fc329	source_log_basename	121	b6d1ab545956d462def280d4c7538a92125077fd2195dff4b442cd37cb9c6030	hmf_refine.tsv	21	UNIQUE	source_log_basename
b20:hmf_refine:HMF:210:0	b20	hmf_refine	HMF	210		F	F_b20_cov95v2_HMF_refine_h84_m90_F_p23	attempt_af6608b48ba6943a1445	source_log_basename	23	fe94173ce7c3d5c8cbd8c19faf8d8ca908b0d42c3c6640285f617f88fda4dc07	hmf_refine.tsv	211	UNIQUE	source_log_basename
b20:hmf_refine:HMF:210:0	b20	hmf_refine	HMF	210		H	H_b20_cov95v2_HMF_refine_H_p84	attempt_a8fe9c387f1a41a9a1de	source_log_basename	84	7f3ed3c9ccff97ad2aec82db448cf0c2acc3dc6b70e38759cb8d4b1b3760185f	hmf_refine.tsv	211	UNIQUE	source_log_basename
b20:hmf_refine:HMF:210:0	b20	hmf_refine	HMF	210		M	M_b20_cov95v2_HMF_refine_h84_m90	attempt_cf37022f0e3cc0b38e1b	source_log_basename	90	0e9bb9d0af39a5f681c245b180f1f9b7e78f85a74164ea43bab111e59d305d4c	hmf_refine.tsv	211	UNIQUE	source_log_basename
b20:hmf_refine:HMF:211:0	b20	hmf_refine	HMF	211		F	F_b20_cov95v2_HMF_refine_h84_m95_F_p18	attempt_7b2a3782fc89610bfef4	source_log_basename	18	16e80ef35bb8d58fe65224705fca27ead325358badaf58f4824b6fa68916034e	hmf_refine.tsv	212	UNIQUE	source_log_basename
b20:hmf_refine:HMF:211:0	b20	hmf_refine	HMF	211		H	H_b20_cov95v2_HMF_refine_H_p84	attempt_a8fe9c387f1a41a9a1de	source_log_basename	84	7f3ed3c9ccff97ad2aec82db448cf0c2acc3dc6b70e38759cb8d4b1b3760185f	hmf_refine.tsv	212	UNIQUE	source_log_basename
b20:hmf_refine:HMF:211:0	b20	hmf_refine	HMF	211		M	M_b20_cov95v2_HMF_refine_h84_m95	attempt_a219b1a1ff81775c16e5	source_log_basename	95	7edc0e044dcd21a85f44a6ea806fabb4abf5a8f2a4c8d099928afb0debfa0931	hmf_refine.tsv	212	UNIQUE	source_log_basename
b20:hmf_refine:HMF:212:0	b20	hmf_refine	HMF	212		F	F_b20_cov95v2_HMF_refine_h84_m100_F_p10	attempt_3010467aca1234e14a85	source_log_basename	10	de0c0e30cc662737f275ad8e517757d3d8d3e5c9e459dd2313dd72a2019b669b	hmf_refine.tsv	213	UNIQUE	source_log_basename
b20:hmf_refine:HMF:212:0	b20	hmf_refine	HMF	212		H	H_b20_cov95v2_HMF_refine_H_p84	attempt_a8fe9c387f1a41a9a1de	source_log_basename	84	7f3ed3c9ccff97ad2aec82db448cf0c2acc3dc6b70e38759cb8d4b1b3760185f	hmf_refine.tsv	213	UNIQUE	source_log_basename
b20:hmf_refine:HMF:212:0	b20	hmf_refine	HMF	212		M	M_b20_cov95v2_HMF_refine_h84_m100	attempt_356597911f0f0f137cf2	source_log_basename	100	f903d18db86192aed4e590e59186a578bdfbaac362b9ce25e422613af854c55b	hmf_refine.tsv	213	UNIQUE	source_log_basename
b20:hmf_refine:HMF:213:0	b20	hmf_refine	HMF	213		F	F_b20_cov95v2_HMF_refine_h84_m105_F_p4	attempt_a17a1b72a59b70913f35	source_log_basename	4	ae64430970fff4bf96d8bfa07634840bcb62215f44d784ec5f587dde1ade087a	hmf_refine.tsv	214	UNIQUE	source_log_basename
b20:hmf_refine:HMF:213:0	b20	hmf_refine	HMF	213		H	H_b20_cov95v2_HMF_refine_H_p84	attempt_a8fe9c387f1a41a9a1de	source_log_basename	84	7f3ed3c9ccff97ad2aec82db448cf0c2acc3dc6b70e38759cb8d4b1b3760185f	hmf_refine.tsv	214	UNIQUE	source_log_basename
b20:hmf_refine:HMF:213:0	b20	hmf_refine	HMF	213		M	M_b20_cov95v2_HMF_refine_h84_m105	attempt_256ee948d5b004f36dd1	source_log_basename	105	b61341c367a83b11bea01c2d84f145e99906a5ed194483e8e7327fa433cdaffe	hmf_refine.tsv	214	UNIQUE	source_log_basename
b20:hmf_refine:HMF:214:0	b20	hmf_refine	HMF	214		F	F_b20_cov95v2_HMF_refine_h89_m85_F_p8	attempt_6964215233b3e24b2b4f	source_log_basename	8	76b31d9dd1af7c97a1ac6d07ba44b683acd65b8ae97ea3de39f76fa64a3d8fb8	hmf_refine.tsv	215	UNIQUE	source_log_basename
b20:hmf_refine:HMF:214:0	b20	hmf_refine	HMF	214		H	H_b20_cov95v2_HMF_refine_H_p89	attempt_22003e5e6a7c5b02a671	source_log_basename	89	60034b86c9c0d0f9149a2e854b28a3f23ed7600f5c4efceb00a2f9bc86e57c86	hmf_refine.tsv	215	UNIQUE	source_log_basename
b20:hmf_refine:HMF:214:0	b20	hmf_refine	HMF	214		M	M_b20_cov95v2_HMF_refine_h89_m85	attempt_f211719692e0ad6aa88b	source_log_basename	85	7e36d8d81f548e0910472f286832e33c43d7bf5686abc55442d2927144569e8a	hmf_refine.tsv	215	UNIQUE	source_log_basename
b20:hmf_refine:HMF:215:0	b20	hmf_refine	HMF	215		F	F_b20_cov95v2_HMF_refine_h89_m90_F_p5	attempt_6c431c873bd362407233	source_log_basename	5	2e7c761b6891382a03756f0c609d7ae87e8c658c33739ecefed4bbd15edc3096	hmf_refine.tsv	216	UNIQUE	source_log_basename
b20:hmf_refine:HMF:215:0	b20	hmf_refine	HMF	215		H	H_b20_cov95v2_HMF_refine_H_p89	attempt_22003e5e6a7c5b02a671	source_log_basename	89	60034b86c9c0d0f9149a2e854b28a3f23ed7600f5c4efceb00a2f9bc86e57c86	hmf_refine.tsv	216	UNIQUE	source_log_basename
b20:hmf_refine:HMF:215:0	b20	hmf_refine	HMF	215		M	M_b20_cov95v2_HMF_refine_h89_m90	attempt_01a9277b330b38278811	source_log_basename	90	5fcd0354248c1de5233eec392554574f84c5af7900174391b581eebf23d09c16	hmf_refine.tsv	216	UNIQUE	source_log_basename
b20:hmf_refine:HMF:216:0	b20	hmf_refine	HMF	216		F	F_b20_cov95v2_HMF_refine_h89_m100_F_p3	attempt_af71c527a2e2f3f06040	source_log_basename	3	851cf6f9fbf1a0d425cb4c93a1b995b70cc786b737d3903f069f8138c8ea08f6	hmf_refine.tsv	217	UNIQUE	source_log_basename
b20:hmf_refine:HMF:216:0	b20	hmf_refine	HMF	216		H	H_b20_cov95v2_HMF_refine_H_p89	attempt_22003e5e6a7c5b02a671	source_log_basename	89	60034b86c9c0d0f9149a2e854b28a3f23ed7600f5c4efceb00a2f9bc86e57c86	hmf_refine.tsv	217	UNIQUE	source_log_basename
b20:hmf_refine:HMF:216:0	b20	hmf_refine	HMF	216		M	M_b20_cov95v2_HMF_refine_h89_m100	attempt_af4cc597d550a8f7e096	source_log_basename	100	4f40ae713cfa053897176a291df5c6d0798f9746b5db5cc44d6a09840759675b	hmf_refine.tsv	217	UNIQUE	source_log_basename
b20:hmf_refine:HMF:217:0	b20	hmf_refine	HMF	217		F	F_b20_cov95v2_HMF_refine_h89_m105_F_p3	attempt_329b5ef267d14476f182	source_log_basename	3	29dd76065044817739188fbb363a6d568df1148425a006b7da832d68e2d37ccd	hmf_refine.tsv	218	UNIQUE	source_log_basename
b20:hmf_refine:HMF:217:0	b20	hmf_refine	HMF	217		H	H_b20_cov95v2_HMF_refine_H_p89	attempt_22003e5e6a7c5b02a671	source_log_basename	89	60034b86c9c0d0f9149a2e854b28a3f23ed7600f5c4efceb00a2f9bc86e57c86	hmf_refine.tsv	218	UNIQUE	source_log_basename
b20:hmf_refine:HMF:217:0	b20	hmf_refine	HMF	217		M	M_b20_cov95v2_HMF_refine_h89_m105	attempt_2b4bd5d8ab159ad480ab	source_log_basename	105	3f61cee1afb261d3fd8534b71ff475b7c926b5436d05f2c99d1d57b5c87008b7	hmf_refine.tsv	218	UNIQUE	source_log_basename
b20:hmf_refine:HMF:218:0	b20	hmf_refine	HMF	218		F	F_b20_cov95v2_HMF_refine_h94_m85_F_p14	attempt_a9f725f034882b9d9386	source_log_basename	14	4bc4cc7e24e7165c3319e7910835b97e80190d70317dd5643d1d7e3eb9da1292	hmf_refine.tsv	219	UNIQUE	source_log_basename
b20:hmf_refine:HMF:218:0	b20	hmf_refine	HMF	218		H	H_b20_cov95v2_HMF_refine_H_p94	attempt_8d282efd0c815902e944	source_log_basename	94	266e0c8619106dbbeaa399c21c5d84aab49ae61156fb4eb80380f0444db8bbe7	hmf_refine.tsv	219	UNIQUE	source_log_basename
b20:hmf_refine:HMF:218:0	b20	hmf_refine	HMF	218		M	M_b20_cov95v2_HMF_refine_h94_m85	attempt_2abc8c0a7577e3055d29	source_log_basename	85	1b3df5822ae4fab23ef68164ef648be3979a784197e48485da3f1191ed76da06	hmf_refine.tsv	219	UNIQUE	source_log_basename
b20:hmf_refine:HMF:219:0	b20	hmf_refine	HMF	219		F	F_b20_cov95v2_HMF_refine_h94_m90_F_p8	attempt_f544adb1c6cda70fb5e3	source_log_basename	8	a708d2ca95179973d3a90016a1e02348611da0d5a11f13d86385452a3e67a6c5	hmf_refine.tsv	220	UNIQUE	source_log_basename
b20:hmf_refine:HMF:219:0	b20	hmf_refine	HMF	219		H	H_b20_cov95v2_HMF_refine_H_p94	attempt_8d282efd0c815902e944	source_log_basename	94	266e0c8619106dbbeaa399c21c5d84aab49ae61156fb4eb80380f0444db8bbe7	hmf_refine.tsv	220	UNIQUE	source_log_basename
b20:hmf_refine:HMF:219:0	b20	hmf_refine	HMF	219		M	M_b20_cov95v2_HMF_refine_h94_m90	attempt_a323000122bc5765dc13	source_log_basename	90	f8af1ffad24cbbce936a41630963801dccbb0894d2f26a165db1b854ddee0054	hmf_refine.tsv	220	UNIQUE	source_log_basename
b20:hmf_refine:HMF:21:0	b20	hmf_refine	HMF	21		F				0	NA	hmf_refine.tsv	22	NOT_RUN	TARGET_BEFORE_F
b20:hmf_refine:HMF:21:0	b20	hmf_refine	HMF	21		H	H_b20_cov95v2_HMF_refine_H_p70	attempt_9b12e4e5d3174f47aef6	source_log_basename	70	f46ee5e98bb6c444af6d1dc9bcbf8f0a4f56888ba05ba88adf2e0e6b26e3e856	hmf_refine.tsv	22	UNIQUE	source_log_basename
b20:hmf_refine:HMF:21:0	b20	hmf_refine	HMF	21		M	M_b20_cov95v2_HMF_refine_h70_m128	attempt_b0f9ed83767cabb9de46	source_log_basename	128	d53b4d209a00f0ed2d980e4b81369822b2a2926098855f98d7942d35d99a02d6	hmf_refine.tsv	22	UNIQUE	source_log_basename
b20:hmf_refine:HMF:220:0	b20	hmf_refine	HMF	220		F	F_b20_cov95v2_HMF_refine_h94_m95_F_p3	attempt_75528e4e8e644b6a76c1	source_log_basename	3	28856029d47c3b6105f2e1639f16cb0fb560d3881f4a6c318e630048b4215847	hmf_refine.tsv	221	UNIQUE	source_log_basename
b20:hmf_refine:HMF:220:0	b20	hmf_refine	HMF	220		H	H_b20_cov95v2_HMF_refine_H_p94	attempt_8d282efd0c815902e944	source_log_basename	94	266e0c8619106dbbeaa399c21c5d84aab49ae61156fb4eb80380f0444db8bbe7	hmf_refine.tsv	221	UNIQUE	source_log_basename
b20:hmf_refine:HMF:220:0	b20	hmf_refine	HMF	220		M	M_b20_cov95v2_HMF_refine_h94_m95	attempt_a7cf5eb460bc9c43232a	source_log_basename	95	ab9744333c08f03b849b1a9d8580f91d3a38f96423de4921ad5579c284f83a0d	hmf_refine.tsv	221	UNIQUE	source_log_basename
b20:hmf_refine:HMF:221:0	b20	hmf_refine	HMF	221		F	F_b20_cov95v2_HMF_refine_h94_m100_F_p3	attempt_01e4c9177c914a0d7cde	source_log_basename	3	d20c55907afc6e698393fc55ca4588deb1032648c95b21fb15039f03dfd8b06a	hmf_refine.tsv	222	UNIQUE	source_log_basename
b20:hmf_refine:HMF:221:0	b20	hmf_refine	HMF	221		H	H_b20_cov95v2_HMF_refine_H_p94	attempt_8d282efd0c815902e944	source_log_basename	94	266e0c8619106dbbeaa399c21c5d84aab49ae61156fb4eb80380f0444db8bbe7	hmf_refine.tsv	222	UNIQUE	source_log_basename
b20:hmf_refine:HMF:221:0	b20	hmf_refine	HMF	221		M	M_b20_cov95v2_HMF_refine_h94_m100	attempt_1e729afa0e0dc4018cf0	source_log_basename	100	a4b8b2570faaa51a4c9af86748f5077fa078d1df2e575b93673fd7dce43995b5	hmf_refine.tsv	222	UNIQUE	source_log_basename
b20:hmf_refine:HMF:222:0	b20	hmf_refine	HMF	222		F	F_b20_cov95v2_HMF_refine_h94_m105_F_p2	attempt_60b0fbb10228151c94b1	source_log_basename	2	77ceb5ae696d5dc4dce283c4b0adda37cc1db33b3090cb51b1ab198f54867a90	hmf_refine.tsv	223	UNIQUE	source_log_basename
b20:hmf_refine:HMF:222:0	b20	hmf_refine	HMF	222		H	H_b20_cov95v2_HMF_refine_H_p94	attempt_8d282efd0c815902e944	source_log_basename	94	266e0c8619106dbbeaa399c21c5d84aab49ae61156fb4eb80380f0444db8bbe7	hmf_refine.tsv	223	UNIQUE	source_log_basename
b20:hmf_refine:HMF:222:0	b20	hmf_refine	HMF	222		M	M_b20_cov95v2_HMF_refine_h94_m105	attempt_8cb37cb557a6c15bf50b	source_log_basename	105	29fa2df14befed0b76dc2ecda066f04ab533bea435aab970c1c6cda9a02067d7	hmf_refine.tsv	223	UNIQUE	source_log_basename
b20:hmf_refine:HMF:223:0	b20	hmf_refine	HMF	223		F	F_b20_cov95v2_HMF_refine_h99_m85_F_p14	attempt_804bfa8aa97600880d45	source_log_basename	14	c7aca2d4bb2b7ea7a823a04a77f9d3257c6e96243b57bd93f439475d7bd58b79	hmf_refine.tsv	224	UNIQUE	source_log_basename
b20:hmf_refine:HMF:223:0	b20	hmf_refine	HMF	223		H	H_b20_cov95v2_HMF_refine_H_p99	attempt_da24166e41ab698e44a6	source_log_basename	99	c7659ca49252596d46172a60abbc60f42444c4863bcb66608270823826cd57f8	hmf_refine.tsv	224	UNIQUE	source_log_basename
b20:hmf_refine:HMF:223:0	b20	hmf_refine	HMF	223		M	M_b20_cov95v2_HMF_refine_h99_m85	attempt_af7d145303ba98b86755	source_log_basename	85	5d062b472d3ad09a28885a364b4e7f86dde51eb52065f1b7d0a70afaaba0c6dd	hmf_refine.tsv	224	UNIQUE	source_log_basename
b20:hmf_refine:HMF:224:0	b20	hmf_refine	HMF	224		F	F_b20_cov95v2_HMF_refine_h99_m90_F_p10	attempt_bd19c21359951901094d	source_log_basename	10	d2013311c464271fc8ebdc69f14d879ee8367e7d3ed908f712d09cfa85bc6745	hmf_refine.tsv	225	UNIQUE	source_log_basename
b20:hmf_refine:HMF:224:0	b20	hmf_refine	HMF	224		H	H_b20_cov95v2_HMF_refine_H_p99	attempt_da24166e41ab698e44a6	source_log_basename	99	c7659ca49252596d46172a60abbc60f42444c4863bcb66608270823826cd57f8	hmf_refine.tsv	225	UNIQUE	source_log_basename
b20:hmf_refine:HMF:224:0	b20	hmf_refine	HMF	224		M	M_b20_cov95v2_HMF_refine_h99_m90	attempt_da04ecf1add57fc3d781	source_log_basename	90	b1e2011f8d816e36c1808aff14cf8b5e6d22fef552e5505969b9e543ffab349d	hmf_refine.tsv	225	UNIQUE	source_log_basename
b20:hmf_refine:HMF:225:0	b20	hmf_refine	HMF	225		F	F_b20_cov95v2_HMF_refine_h99_m95_F_p7	attempt_a706210cbdc328bc5272	source_log_basename	7	db33a742dcc16ba4c18964afe67ceb547f83acdfbe20f40a95ac490ae675faed	hmf_refine.tsv	226	UNIQUE	source_log_basename
b20:hmf_refine:HMF:225:0	b20	hmf_refine	HMF	225		H	H_b20_cov95v2_HMF_refine_H_p99	attempt_da24166e41ab698e44a6	source_log_basename	99	c7659ca49252596d46172a60abbc60f42444c4863bcb66608270823826cd57f8	hmf_refine.tsv	226	UNIQUE	source_log_basename
b20:hmf_refine:HMF:225:0	b20	hmf_refine	HMF	225		M	M_b20_cov95v2_HMF_refine_h99_m95	attempt_20c8c13b25429752b1f2	source_log_basename	95	d4384796f79592ec912a11bff2cddde8da1440d608d33af99bdb1f4a866f7847	hmf_refine.tsv	226	UNIQUE	source_log_basename
b20:hmf_refine:HMF:226:0	b20	hmf_refine	HMF	226		F	F_b20_cov95v2_HMF_refine_h99_m100_F_p4	attempt_91a71165991a91e6031a	source_log_basename	4	289d5af061c806f7b26a66d4370eb526e062d2b6b0fce503994d3f613c5f7d2b	hmf_refine.tsv	227	UNIQUE	source_log_basename
b20:hmf_refine:HMF:226:0	b20	hmf_refine	HMF	226		H	H_b20_cov95v2_HMF_refine_H_p99	attempt_da24166e41ab698e44a6	source_log_basename	99	c7659ca49252596d46172a60abbc60f42444c4863bcb66608270823826cd57f8	hmf_refine.tsv	227	UNIQUE	source_log_basename
b20:hmf_refine:HMF:226:0	b20	hmf_refine	HMF	226		M	M_b20_cov95v2_HMF_refine_h99_m100	attempt_a4bd4bc90eac870356d0	source_log_basename	100	4344d26ce49844ca41657d3f7320d8ae6984b6892cd1ea1fb4706d5f04c5c482	hmf_refine.tsv	227	UNIQUE	source_log_basename
b20:hmf_refine:HMF:227:0	b20	hmf_refine	HMF	227		F	F_b20_cov95v2_HMF_refine_h99_m105_F_p3	attempt_a4b3745dbe680bf0a863	source_log_basename	3	f80090cb1cc522fcc026c8de85247ca1791d1fb0f0baf4687d40a497c65990bf	hmf_refine.tsv	228	UNIQUE	source_log_basename
b20:hmf_refine:HMF:227:0	b20	hmf_refine	HMF	227		H	H_b20_cov95v2_HMF_refine_H_p99	attempt_da24166e41ab698e44a6	source_log_basename	99	c7659ca49252596d46172a60abbc60f42444c4863bcb66608270823826cd57f8	hmf_refine.tsv	228	UNIQUE	source_log_basename
b20:hmf_refine:HMF:227:0	b20	hmf_refine	HMF	227		M	M_b20_cov95v2_HMF_refine_h99_m105	attempt_fa776d7bf2c9c511cba9	source_log_basename	105	fc3b96ee39ef0eed47fdcae1e2553f5f7620eebaade24b262ba42a2144519803	hmf_refine.tsv	228	UNIQUE	source_log_basename
b20:hmf_refine:HMF:228:0	b20	hmf_refine	HMF	228		F	F_b20_cov95v2_HMF_refine_h159_m32_F_p43	attempt_b4eab34e5dec4b06186b	source_log_basename	43	ac52b17e5a8ce7f39aaf9d08ee54b3b2fcc6ffe2812dc6f93e15ececd235461c	hmf_refine.tsv	229	UNIQUE	source_log_basename
b20:hmf_refine:HMF:228:0	b20	hmf_refine	HMF	228		H	H_b20_cov95v2_HMF_refine_H_p159	attempt_bfda4c3c4d034632a22f	source_log_basename	159	77f188be05c1e606c04e911b11eeb801e8fe2f8489529aa30701832d9ce79b72	hmf_refine.tsv	229	UNIQUE	source_log_basename
b20:hmf_refine:HMF:228:0	b20	hmf_refine	HMF	228		M	M_b20_cov95v2_HMF_refine_h159_m32	attempt_ae0cfc9dce2f5c0c3098	source_log_basename	32	9c7abe8a0b2f85b6c9e2de85c55da8939cfaade0643f2f11340f3a91639bc599	hmf_refine.tsv	229	UNIQUE	source_log_basename
b20:hmf_refine:HMF:229:0	b20	hmf_refine	HMF	229		F	F_b20_cov95v2_HMF_refine_h159_m57_F_p26	attempt_0ff0b1825d15054e246f	source_log_basename	26	32d223e42ec0dae589408ae43a8fe7c66e1ef193da3f7571fec5368b2e8a27fa	hmf_refine.tsv	230	UNIQUE	source_log_basename
b20:hmf_refine:HMF:229:0	b20	hmf_refine	HMF	229		H	H_b20_cov95v2_HMF_refine_H_p159	attempt_bfda4c3c4d034632a22f	source_log_basename	159	77f188be05c1e606c04e911b11eeb801e8fe2f8489529aa30701832d9ce79b72	hmf_refine.tsv	230	UNIQUE	source_log_basename
b20:hmf_refine:HMF:229:0	b20	hmf_refine	HMF	229		M	M_b20_cov95v2_HMF_refine_h159_m57	attempt_4355d24d792d4736aa69	source_log_basename	57	12dd901bd3c3bfbfe0d5a0a4dcc8a5c906a5929e90ccfe849e64957d520d9daa	hmf_refine.tsv	230	UNIQUE	source_log_basename
b20:hmf_refine:HMF:22:0	b20	hmf_refine	HMF	22		F				0	NA	hmf_refine.tsv	23	NOT_RUN	TARGET_BEFORE_F
b20:hmf_refine:HMF:22:0	b20	hmf_refine	HMF	22		H	H_b20_cov95v2_HMF_refine_H_p70	attempt_9b12e4e5d3174f47aef6	source_log_basename	70	f46ee5e98bb6c444af6d1dc9bcbf8f0a4f56888ba05ba88adf2e0e6b26e3e856	hmf_refine.tsv	23	UNIQUE	source_log_basename
b20:hmf_refine:HMF:22:0	b20	hmf_refine	HMF	22		M	M_b20_cov95v2_HMF_refine_h70_m135	attempt_6d484a008c0933b3f8e3	source_log_basename	135	b58ae2742c4b83761e4646c2cb682c66678a853b6214edb3550dd51d1ab5b687	hmf_refine.tsv	23	UNIQUE	source_log_basename
b20:hmf_refine:HMF:230:0	b20	hmf_refine	HMF	230		F	F_b20_cov95v2_HMF_refine_h159_m82_F_p4	attempt_b555d08d76e75634a659	source_log_basename	4	3fbc9cfe34b5aa2ada08125b43d742929dd82d09893f4fdec7cf16ccc0cedda7	hmf_refine.tsv	231	UNIQUE	source_log_basename
b20:hmf_refine:HMF:230:0	b20	hmf_refine	HMF	230		H	H_b20_cov95v2_HMF_refine_H_p159	attempt_bfda4c3c4d034632a22f	source_log_basename	159	77f188be05c1e606c04e911b11eeb801e8fe2f8489529aa30701832d9ce79b72	hmf_refine.tsv	231	UNIQUE	source_log_basename
b20:hmf_refine:HMF:230:0	b20	hmf_refine	HMF	230		M	M_b20_cov95v2_HMF_refine_h159_m82	attempt_0b3bff74e5abb3ed4d8a	source_log_basename	82	e1f4b7fddf46958aa056ee73064218644a35850ade8bfaaa10791eaf27d8c6bd	hmf_refine.tsv	231	UNIQUE	source_log_basename
b20:hmf_refine:HMF:231:0	b20	hmf_refine	HMF	231		F	F_b20_cov95v2_HMF_refine_h199_m32_F_p27	attempt_958db272b5ee0a5b049f	source_log_basename	27	d99658a9d3a71050ac74014985a8162e64c88b8eefe167da00ed44476f665a6f	hmf_refine.tsv	232	UNIQUE	source_log_basename
b20:hmf_refine:HMF:231:0	b20	hmf_refine	HMF	231		H	H_b20_cov95v2_HMF_refine_H_p199	attempt_51b8bcd702d88c51071d	source_log_basename	199	61b6b37223b6941a3f03dc5227205bfd2c7a4b270f46326bc06a496afa38de17	hmf_refine.tsv	232	UNIQUE	source_log_basename
b20:hmf_refine:HMF:231:0	b20	hmf_refine	HMF	231		M	M_b20_cov95v2_HMF_refine_h199_m32	attempt_1bc497be78f1aa7613ac	source_log_basename	32	bc89ed0b8f3327f701e8eaeb42d0d0c980082e57c7998a4c74f73366e2718f19	hmf_refine.tsv	232	UNIQUE	source_log_basename
b20:hmf_refine:HMF:232:0	b20	hmf_refine	HMF	232		F	F_b20_cov95v2_HMF_refine_h199_m57_F_p8	attempt_4b6e37a44ddb37305afe	source_log_basename	8	71bc04b3e95500b2630b9060181bbdfe634d1966f9414229408891bb8159523d	hmf_refine.tsv	233	UNIQUE	source_log_basename
b20:hmf_refine:HMF:232:0	b20	hmf_refine	HMF	232		H	H_b20_cov95v2_HMF_refine_H_p199	attempt_51b8bcd702d88c51071d	source_log_basename	199	61b6b37223b6941a3f03dc5227205bfd2c7a4b270f46326bc06a496afa38de17	hmf_refine.tsv	233	UNIQUE	source_log_basename
b20:hmf_refine:HMF:232:0	b20	hmf_refine	HMF	232		M	M_b20_cov95v2_HMF_refine_h199_m57	attempt_0ed77e1e2c970690d64d	source_log_basename	57	28e6d589ab0474b77185ea3df0137eb42474f66b8af83c30124e27774245b877	hmf_refine.tsv	233	UNIQUE	source_log_basename
b20:hmf_refine:HMF:233:0	b20	hmf_refine	HMF	233		F				0	NA	hmf_refine.tsv	234	NOT_RUN	TARGET_BEFORE_F
b20:hmf_refine:HMF:233:0	b20	hmf_refine	HMF	233		H	H_b20_cov95v2_HMF_refine_H_p199	attempt_51b8bcd702d88c51071d	source_log_basename	199	61b6b37223b6941a3f03dc5227205bfd2c7a4b270f46326bc06a496afa38de17	hmf_refine.tsv	234	UNIQUE	source_log_basename
b20:hmf_refine:HMF:233:0	b20	hmf_refine	HMF	233		M	M_b20_cov95v2_HMF_refine_h199_m82	attempt_b031a86dcf226b36c618	source_log_basename	82	a1958ae5d6207b60d2f1ddebbc3658eb270047a33ece6f836ed220b385998262	hmf_refine.tsv	234	UNIQUE	source_log_basename
b20:hmf_refine:HMF:234:0	b20	hmf_refine	HMF	234		F	F_b20_cov95v2_HMF_refine_h239_m32_F_p20	attempt_3fb7cb9b4b1f88606e1c	source_log_basename	20	8a8440d79058a821d18ca0accec6f5060380ed73e7224b3103fc25b142a0b922	hmf_refine.tsv	235	UNIQUE	source_log_basename
b20:hmf_refine:HMF:234:0	b20	hmf_refine	HMF	234		H	H_b20_cov95v2_HMF_refine_H_p239	attempt_ce9d94577d0d72a36f9b	source_log_basename	239	d0cb2bbbe5330f293ebe65a0e16138978de7499ed8fe136493cef34c9e6bfa9c	hmf_refine.tsv	235	UNIQUE	source_log_basename
b20:hmf_refine:HMF:234:0	b20	hmf_refine	HMF	234		M	M_b20_cov95v2_HMF_refine_h239_m32	attempt_f4c750d80bd1ac226aaa	source_log_basename	32	349a2b108bc3579c503802bcb4451cbb5ebbf9ea7d337f49779efeb343a40412	hmf_refine.tsv	235	UNIQUE	source_log_basename
b20:hmf_refine:HMF:235:0	b20	hmf_refine	HMF	235		F	F_b20_cov95v2_HMF_refine_h239_m57_F_p4	attempt_d7b99b60745681fff674	source_log_basename	4	ace3d73153405a91c18d12256a980bd7a69d85052906d86798a4f44a9158e5b1	hmf_refine.tsv	236	UNIQUE	source_log_basename
b20:hmf_refine:HMF:235:0	b20	hmf_refine	HMF	235		H	H_b20_cov95v2_HMF_refine_H_p239	attempt_ce9d94577d0d72a36f9b	source_log_basename	239	d0cb2bbbe5330f293ebe65a0e16138978de7499ed8fe136493cef34c9e6bfa9c	hmf_refine.tsv	236	UNIQUE	source_log_basename
b20:hmf_refine:HMF:235:0	b20	hmf_refine	HMF	235		M	M_b20_cov95v2_HMF_refine_h239_m57	attempt_08d120f35ba52d0d35f0	source_log_basename	57	be8c7fa5a0d52222e2588a029b5a6520a1dccbb18de5c5d06ed00c35b65abb19	hmf_refine.tsv	236	UNIQUE	source_log_basename
b20:hmf_refine:HMF:236:0	b20	hmf_refine	HMF	236		F				0	NA	hmf_refine.tsv	237	NOT_RUN	TARGET_BEFORE_F
b20:hmf_refine:HMF:236:0	b20	hmf_refine	HMF	236		H	H_b20_cov95v2_HMF_refine_H_p239	attempt_ce9d94577d0d72a36f9b	source_log_basename	239	d0cb2bbbe5330f293ebe65a0e16138978de7499ed8fe136493cef34c9e6bfa9c	hmf_refine.tsv	237	UNIQUE	source_log_basename
b20:hmf_refine:HMF:236:0	b20	hmf_refine	HMF	236		M	M_b20_cov95v2_HMF_refine_h239_m82	attempt_da4b5871329302259d96	source_log_basename	82	708776ff4d60a0b92ffa75db230bfbdebf4d53dcaef3713820a9c2ccb05d3408	hmf_refine.tsv	237	UNIQUE	source_log_basename
b20:hmf_refine:HMF:237:0	b20	hmf_refine	HMF	237		F	F_b20_cov95v2_HMF_refine_h139_m69_F_p31	attempt_f1ca500e0c03cfe5721e	source_log_basename	31	6f1852e3a3b0c67b4dc8a5e184ab6a808c0e94da63883fd19382c9e74b73c11f	hmf_refine.tsv	238	UNIQUE	source_log_basename
b20:hmf_refine:HMF:237:0	b20	hmf_refine	HMF	237		H	H_b20_cov95v2_HMF_refine_H_p139	attempt_7cc91f033361569e5c2d	source_log_basename	139	31c209015622326b230ca83e48dff3992b9dabf9beb9ee336fc684d035b3b45f	hmf_refine.tsv	238	UNIQUE	source_log_basename
b20:hmf_refine:HMF:237:0	b20	hmf_refine	HMF	237		M	M_b20_cov95v2_HMF_refine_h139_m69	attempt_e7745a24383e3fde92db	source_log_basename	69	cc26f32f8ddb87b474c40c0647e0ee77182d8413320e39c15f23c344233e3d42	hmf_refine.tsv	238	UNIQUE	source_log_basename
b20:hmf_refine:HMF:238:0	b20	hmf_refine	HMF	238		F	F_b20_cov95v2_HMF_refine_h139_m82_F_p17	attempt_a84eb5dfc50fa8881459	source_log_basename	17	d69f5e2ccdeb60d039938a7c22c4e83fd92847289448eac21a89f3d2eca4f553	hmf_refine.tsv	239	UNIQUE	source_log_basename
b20:hmf_refine:HMF:238:0	b20	hmf_refine	HMF	238		H	H_b20_cov95v2_HMF_refine_H_p139	attempt_7cc91f033361569e5c2d	source_log_basename	139	31c209015622326b230ca83e48dff3992b9dabf9beb9ee336fc684d035b3b45f	hmf_refine.tsv	239	UNIQUE	source_log_basename
b20:hmf_refine:HMF:238:0	b20	hmf_refine	HMF	238		M	M_b20_cov95v2_HMF_refine_h139_m82	attempt_46f53e12b31d92c68f16	source_log_basename	82	3a7a8887218ce17c08b8467900751f8e1bcb1b69b6122d59d3e4589437f673e9	hmf_refine.tsv	239	UNIQUE	source_log_basename
b20:hmf_refine:HMF:239:0	b20	hmf_refine	HMF	239		F	F_b20_cov95v2_HMF_refine_h139_m95_F_p1	attempt_36f5022dd65e7e3b4ea3	source_log_basename	1	7b48bcfd9ab325a042a675265bd693fa1423bb90989653b6579af8b5773843c1	hmf_refine.tsv	240	UNIQUE	source_log_basename
b20:hmf_refine:HMF:239:0	b20	hmf_refine	HMF	239		H	H_b20_cov95v2_HMF_refine_H_p139	attempt_7cc91f033361569e5c2d	source_log_basename	139	31c209015622326b230ca83e48dff3992b9dabf9beb9ee336fc684d035b3b45f	hmf_refine.tsv	240	UNIQUE	source_log_basename
b20:hmf_refine:HMF:239:0	b20	hmf_refine	HMF	239		M	M_b20_cov95v2_HMF_refine_h139_m95	attempt_8fbeed7d5f57629edb7e	source_log_basename	95	55dd456d538b3cb540a4a6df9335b250dfb6e49ad0ab4a9e51ab2e65a411bc0a	hmf_refine.tsv	240	UNIQUE	source_log_basename
b20:hmf_refine:HMF:23:0	b20	hmf_refine	HMF	23		F	F_b20_cov95v2_HMF_refine_h55_m124_F_p2	attempt_54ffa2996c8971bcf6a9	source_log_basename	2	f24055f133fed8be02fa8e9593e8c166203c61cc08059e385cb9d5b202be5f0e	hmf_refine.tsv	24	UNIQUE	source_log_basename
b20:hmf_refine:HMF:23:0	b20	hmf_refine	HMF	23		H	H_b20_cov95v2_HMF_refine_H_p55	attempt_277d0afb9e965f93e11d	source_log_basename	55	8e9407850d071618990a8bd7b910c79b32daf490a864d1df9f6b7ac85167a095	hmf_refine.tsv	24	UNIQUE	source_log_basename
b20:hmf_refine:HMF:23:0	b20	hmf_refine	HMF	23		M	M_b20_cov95v2_HMF_refine_h55_m124	attempt_eb3bc7866db6df9e0888	source_log_basename	124	369281ee13fcc05c9403a4219a47a04c9f32f784dd4fc174a09cf8720e29e35f	hmf_refine.tsv	24	UNIQUE	source_log_basename
b20:hmf_refine:HMF:240:0	b20	hmf_refine	HMF	240		F	F_b20_cov95v2_HMF_refine_h159_m69_F_p8	attempt_acec7592375ce01820a9	source_log_basename	8	5f97754bbd1717bc71153f9113b80277cb3db3005c9aae3ecf96efba2c49e93c	hmf_refine.tsv	241	UNIQUE	source_log_basename
b20:hmf_refine:HMF:240:0	b20	hmf_refine	HMF	240		H	H_b20_cov95v2_HMF_refine_H_p159	attempt_bfda4c3c4d034632a22f	source_log_basename	159	77f188be05c1e606c04e911b11eeb801e8fe2f8489529aa30701832d9ce79b72	hmf_refine.tsv	241	UNIQUE	source_log_basename
b20:hmf_refine:HMF:240:0	b20	hmf_refine	HMF	240		M	M_b20_cov95v2_HMF_refine_h159_m69	attempt_1c013561f943eb7c6af2	source_log_basename	69	95343c29950822af62f71d523ca876aa8ebef2fa81f1279076abeeb6b71c7544	hmf_refine.tsv	241	UNIQUE	source_log_basename
b20:hmf_refine:HMF:241:0	b20	hmf_refine	HMF	241		F				0	NA	hmf_refine.tsv	242	NOT_RUN	TARGET_BEFORE_F
b20:hmf_refine:HMF:241:0	b20	hmf_refine	HMF	241		H	H_b20_cov95v2_HMF_refine_H_p159	attempt_bfda4c3c4d034632a22f	source_log_basename	159	77f188be05c1e606c04e911b11eeb801e8fe2f8489529aa30701832d9ce79b72	hmf_refine.tsv	242	UNIQUE	source_log_basename
b20:hmf_refine:HMF:241:0	b20	hmf_refine	HMF	241		M	M_b20_cov95v2_HMF_refine_h159_m95	attempt_c6f7e003bc09b061c6b9	source_log_basename	95	c6943a1830af7547f6ec099548dd56eae2b059de0e6bf5f8748baa5d3175c092	hmf_refine.tsv	242	UNIQUE	source_log_basename
b20:hmf_refine:HMF:242:0	b20	hmf_refine	HMF	242		F	F_b20_cov95v2_HMF_refine_h179_m69_F_p9	attempt_33528e1059098d634f24	source_log_basename	9	c25250ac29cfe99cc2dc949d02910f0eb6a5bdbaa4a1e365dcc76293b017ff18	hmf_refine.tsv	243	UNIQUE	source_log_basename
b20:hmf_refine:HMF:242:0	b20	hmf_refine	HMF	242		H	H_b20_cov95v2_HMF_refine_H_p179	attempt_b0c0ca14156b17a645ff	source_log_basename	179	9866a196988979f77591517af5774f993a635ea2c30fd0a06d004461a3adce89	hmf_refine.tsv	243	UNIQUE	source_log_basename
b20:hmf_refine:HMF:242:0	b20	hmf_refine	HMF	242		M	M_b20_cov95v2_HMF_refine_h179_m69	attempt_33d40da9f94b9f057a03	source_log_basename	69	685032ebb49bb4d4e3520b4713b443790873c462ba1240f42cf761a6b2c54483	hmf_refine.tsv	243	UNIQUE	source_log_basename
b20:hmf_refine:HMF:243:0	b20	hmf_refine	HMF	243		F				0	NA	hmf_refine.tsv	244	NOT_RUN	TARGET_BEFORE_F
b20:hmf_refine:HMF:243:0	b20	hmf_refine	HMF	243		H	H_b20_cov95v2_HMF_refine_H_p179	attempt_b0c0ca14156b17a645ff	source_log_basename	179	9866a196988979f77591517af5774f993a635ea2c30fd0a06d004461a3adce89	hmf_refine.tsv	244	UNIQUE	source_log_basename
b20:hmf_refine:HMF:243:0	b20	hmf_refine	HMF	243		M	M_b20_cov95v2_HMF_refine_h179_m82	attempt_e18920130857a8f49a1e	source_log_basename	82	23808d14b5b53869c2f2260834cd65760147eae4aa2770c0808ee67ebd1c1516	hmf_refine.tsv	244	UNIQUE	source_log_basename
b20:hmf_refine:HMF:244:0	b20	hmf_refine	HMF	244		F				0	NA	hmf_refine.tsv	245	NOT_RUN	TARGET_BEFORE_F
b20:hmf_refine:HMF:244:0	b20	hmf_refine	HMF	244		H	H_b20_cov95v2_HMF_refine_H_p179	attempt_b0c0ca14156b17a645ff	source_log_basename	179	9866a196988979f77591517af5774f993a635ea2c30fd0a06d004461a3adce89	hmf_refine.tsv	245	UNIQUE	source_log_basename
b20:hmf_refine:HMF:244:0	b20	hmf_refine	HMF	244		M	M_b20_cov95v2_HMF_refine_h179_m95	attempt_23ebd2d1daa605237f2a	source_log_basename	95	a21abaecd4904e87e2122224dbdbd4f31d965862f08d5fb664f6e4a0b3228733	hmf_refine.tsv	245	UNIQUE	source_log_basename
b20:hmf_refine:HMF:245:0	b20	hmf_refine	HMF	245		F	F_b20_cov95v2_HMF_refine_h129_m88_F_p9	attempt_ec46dca98ec52b471743	source_log_basename	9	a44962c633afa893a9a268b8a6345a12265379882f2c0f51c1876debce1fa059	hmf_refine.tsv	246	UNIQUE	source_log_basename
b20:hmf_refine:HMF:245:0	b20	hmf_refine	HMF	245		H	H_b20_cov95v2_HMF_refine_H_p129	attempt_d13258c930a36d53b152	source_log_basename	129	bc768db34620b2dfc90798abfb07c94e96ac07106806ec77552574130cc24ce6	hmf_refine.tsv	246	UNIQUE	source_log_basename
b20:hmf_refine:HMF:245:0	b20	hmf_refine	HMF	245		M	M_b20_cov95v2_HMF_refine_h129_m88	attempt_ec50bc6a36ba6f005bbe	source_log_basename	88	7d3290d5fbe2bd4e77fe724d269179c0544fb579a86f82875874db788e093330	hmf_refine.tsv	246	UNIQUE	source_log_basename
b20:hmf_refine:HMF:246:0	b20	hmf_refine	HMF	246		F	F_b20_cov95v2_HMF_refine_h129_m95_F_p3	attempt_e23adafe0a9a67a642b5	source_log_basename	3	94b3510682d9bbd9b23397f0c721209535702d5e2c03feb227ffb77a75c6a2c3	hmf_refine.tsv	247	UNIQUE	source_log_basename
b20:hmf_refine:HMF:246:0	b20	hmf_refine	HMF	246		H	H_b20_cov95v2_HMF_refine_H_p129	attempt_d13258c930a36d53b152	source_log_basename	129	bc768db34620b2dfc90798abfb07c94e96ac07106806ec77552574130cc24ce6	hmf_refine.tsv	247	UNIQUE	source_log_basename
b20:hmf_refine:HMF:246:0	b20	hmf_refine	HMF	246		M	M_b20_cov95v2_HMF_refine_h129_m95	attempt_cf08874ab9b6b9a60a87	source_log_basename	95	6e5580103f59340c1084456ea7f38569a9eca84c7845d91891b19756033e53fe	hmf_refine.tsv	247	UNIQUE	source_log_basename
b20:hmf_refine:HMF:247:0	b20	hmf_refine	HMF	247		F				0	NA	hmf_refine.tsv	248	NOT_RUN	TARGET_BEFORE_F
b20:hmf_refine:HMF:247:0	b20	hmf_refine	HMF	247		H	H_b20_cov95v2_HMF_refine_H_p129	attempt_d13258c930a36d53b152	source_log_basename	129	bc768db34620b2dfc90798abfb07c94e96ac07106806ec77552574130cc24ce6	hmf_refine.tsv	248	UNIQUE	source_log_basename
b20:hmf_refine:HMF:247:0	b20	hmf_refine	HMF	247		M	M_b20_cov95v2_HMF_refine_h129_m102	attempt_07061bd4938c7c1ddb07	source_log_basename	102	7748d1a7e2fb65e179ac2e09231a55fc82e8033d796f41fe7a0e9910025af195	hmf_refine.tsv	248	UNIQUE	source_log_basename
b20:hmf_refine:HMF:248:0	b20	hmf_refine	HMF	248		F	F_b20_cov95v2_HMF_refine_h139_m88_F_p8	attempt_d00421babc7ba7528216	source_log_basename	8	a36651242e9254191f6cd13a75a62ae76f9eacb75f7f624f56ed6534143d82e4	hmf_refine.tsv	249	UNIQUE	source_log_basename
b20:hmf_refine:HMF:248:0	b20	hmf_refine	HMF	248		H	H_b20_cov95v2_HMF_refine_H_p139	attempt_7cc91f033361569e5c2d	source_log_basename	139	31c209015622326b230ca83e48dff3992b9dabf9beb9ee336fc684d035b3b45f	hmf_refine.tsv	249	UNIQUE	source_log_basename
b20:hmf_refine:HMF:248:0	b20	hmf_refine	HMF	248		M	M_b20_cov95v2_HMF_refine_h139_m88	attempt_1e96a240d0897c11c564	source_log_basename	88	907682b8c00895da338d3cfbb7984086a6b23abd5eb895920a729bf55d3d37d9	hmf_refine.tsv	249	UNIQUE	source_log_basename
b20:hmf_refine:HMF:249:0	b20	hmf_refine	HMF	249		F				0	NA	hmf_refine.tsv	250	NOT_RUN	TARGET_BEFORE_F
b20:hmf_refine:HMF:249:0	b20	hmf_refine	HMF	249		H	H_b20_cov95v2_HMF_refine_H_p139	attempt_7cc91f033361569e5c2d	source_log_basename	139	31c209015622326b230ca83e48dff3992b9dabf9beb9ee336fc684d035b3b45f	hmf_refine.tsv	250	UNIQUE	source_log_basename
b20:hmf_refine:HMF:249:0	b20	hmf_refine	HMF	249		M	M_b20_cov95v2_HMF_refine_h139_m102	attempt_856edf46414eedc1af6c	source_log_basename	102	fa8ab377bfcc14b6cb42d5cc3c596a4ed382d3f2ac6a2308fc6edd3b8d0f4a0a	hmf_refine.tsv	250	UNIQUE	source_log_basename
b20:hmf_refine:HMF:24:0	b20	hmf_refine	HMF	24		F	F_b20_cov95v2_HMF_refine_h55_m128_F_p1	attempt_68e7e307e33178587b23	source_log_basename	1	252a83fbe579b3795ce6fb981831261fee0cd9ea07e06d6eadefbf8af2248586	hmf_refine.tsv	25	UNIQUE	source_log_basename
b20:hmf_refine:HMF:24:0	b20	hmf_refine	HMF	24		H	H_b20_cov95v2_HMF_refine_H_p55	attempt_277d0afb9e965f93e11d	source_log_basename	55	8e9407850d071618990a8bd7b910c79b32daf490a864d1df9f6b7ac85167a095	hmf_refine.tsv	25	UNIQUE	source_log_basename
b20:hmf_refine:HMF:24:0	b20	hmf_refine	HMF	24		M	M_b20_cov95v2_HMF_refine_h55_m128	attempt_9c28bd66375a195167f8	source_log_basename	128	32061713a40d84051b821d9c383f6854f9642cad620fa1cfded0d5b56b5d90b2	hmf_refine.tsv	25	UNIQUE	source_log_basename
b20:hmf_refine:HMF:250:0	b20	hmf_refine	HMF	250		F	F_b20_cov95v2_HMF_refine_h149_m88_F_p10	attempt_57e1377ca668e8bff498	source_log_basename	10	3e7d0f38950c8c39e070f62974864998e76dba1e21b26c9ed38865aac41bd69a	hmf_refine.tsv	251	UNIQUE	source_log_basename
b20:hmf_refine:HMF:250:0	b20	hmf_refine	HMF	250		H	H_b20_cov95v2_HMF_refine_H_p149	attempt_4e148c32fbb1fdd6f9fe	source_log_basename	149	796419c91eaf8a9e09e5d9285502dbde3c86b2c70354bfaf1fbcd8adab8fe12b	hmf_refine.tsv	251	UNIQUE	source_log_basename
b20:hmf_refine:HMF:250:0	b20	hmf_refine	HMF	250		M	M_b20_cov95v2_HMF_refine_h149_m88	attempt_b84a7f649093d5335844	source_log_basename	88	9bdced61a64aaa6f9e2e8854925bf2528f14ce5f893885856f1001d556bbfae7	hmf_refine.tsv	251	UNIQUE	source_log_basename
b20:hmf_refine:HMF:251:0	b20	hmf_refine	HMF	251		F	F_b20_cov95v2_HMF_refine_h149_m95_F_p5	attempt_232d0f31a00c14c60190	source_log_basename	5	d14419ffbd70e439622916afd70200c35b9a10c3ff48ac9db038db536b05f78c	hmf_refine.tsv	252	UNIQUE	source_log_basename
b20:hmf_refine:HMF:251:0	b20	hmf_refine	HMF	251		H	H_b20_cov95v2_HMF_refine_H_p149	attempt_4e148c32fbb1fdd6f9fe	source_log_basename	149	796419c91eaf8a9e09e5d9285502dbde3c86b2c70354bfaf1fbcd8adab8fe12b	hmf_refine.tsv	252	UNIQUE	source_log_basename
b20:hmf_refine:HMF:251:0	b20	hmf_refine	HMF	251		M	M_b20_cov95v2_HMF_refine_h149_m95	attempt_0679dbec7c04d55a6378	source_log_basename	95	17a60511c12c369e4586bb471855de85571701958ef4f8a885d8ea272986b621	hmf_refine.tsv	252	UNIQUE	source_log_basename
b20:hmf_refine:HMF:252:0	b20	hmf_refine	HMF	252		F	F_b20_cov95v2_HMF_refine_h149_m102_F_p3	attempt_cdb3f925479d40a111b2	source_log_basename	3	78f5b5d5b4f67fd75cd030e9d13437fcf79a5b72ebae1df58f0c38f2e7dc19fd	hmf_refine.tsv	253	UNIQUE	source_log_basename
b20:hmf_refine:HMF:252:0	b20	hmf_refine	HMF	252		H	H_b20_cov95v2_HMF_refine_H_p149	attempt_4e148c32fbb1fdd6f9fe	source_log_basename	149	796419c91eaf8a9e09e5d9285502dbde3c86b2c70354bfaf1fbcd8adab8fe12b	hmf_refine.tsv	253	UNIQUE	source_log_basename
b20:hmf_refine:HMF:252:0	b20	hmf_refine	HMF	252		M	M_b20_cov95v2_HMF_refine_h149_m102	attempt_09590a20f959ededdefc	source_log_basename	102	08bfe2a1ecd27e790c6a53e8aafbd31ce8a3fbe6dbd2f975b521a7eb43914d0a	hmf_refine.tsv	253	UNIQUE	source_log_basename
b20:hmf_refine:HMF:253:0	b20	hmf_refine	HMF	253		F	F_b20_cov95v2_HMF_refine_h134_m91_F_p4	attempt_a1e4beb78d38ed9b165a	source_log_basename	4	a20094f7df8c5e72bbeb1da6a20addb23f58b839af731da241e56d68c012a4b0	hmf_refine.tsv	254	UNIQUE	source_log_basename
b20:hmf_refine:HMF:253:0	b20	hmf_refine	HMF	253		H	H_b20_cov95v2_HMF_refine_H_p134	attempt_2c7f5eeb11983bd5f3f7	source_log_basename	134	b60e82dfbdb263b2919f6944c2c884f3deab33268a2e1238dc43ec8e3812c95c	hmf_refine.tsv	254	UNIQUE	source_log_basename
b20:hmf_refine:HMF:253:0	b20	hmf_refine	HMF	253		M	M_b20_cov95v2_HMF_refine_h134_m91	attempt_d59c71afd7ecdc28f91f	source_log_basename	91	6670672748d325eb99d509662cc0878e50d23657328f196f118b59582e88592d	hmf_refine.tsv	254	UNIQUE	source_log_basename
b20:hmf_refine:HMF:254:0	b20	hmf_refine	HMF	254		F	F_b20_cov95v2_HMF_refine_h134_m95_F_p2	attempt_3f33187706a98dbd9e4a	source_log_basename	2	21538bc05eb8cf8a09f9bf0ef43cd11236c48a793ddacde9d38949c42f3fc955	hmf_refine.tsv	255	UNIQUE	source_log_basename
b20:hmf_refine:HMF:254:0	b20	hmf_refine	HMF	254		H	H_b20_cov95v2_HMF_refine_H_p134	attempt_2c7f5eeb11983bd5f3f7	source_log_basename	134	b60e82dfbdb263b2919f6944c2c884f3deab33268a2e1238dc43ec8e3812c95c	hmf_refine.tsv	255	UNIQUE	source_log_basename
b20:hmf_refine:HMF:254:0	b20	hmf_refine	HMF	254		M	M_b20_cov95v2_HMF_refine_h134_m95	attempt_ca1f42f824eedd6e1dcf	source_log_basename	95	8e1629aa688b61090422ef3857014bc3fc9be23c4c33fe6e4e99cad54f1c4a19	hmf_refine.tsv	255	UNIQUE	source_log_basename
b20:hmf_refine:HMF:255:0	b20	hmf_refine	HMF	255		F	F_b20_cov95v2_HMF_refine_h134_m99_F_p1	attempt_fe063dbf34a025217b67	source_log_basename	1	66fa2322c0b1c73a3f4ed6eda5ee46bb2c070e6fd504171151163fe71914a139	hmf_refine.tsv	256	UNIQUE	source_log_basename
b20:hmf_refine:HMF:255:0	b20	hmf_refine	HMF	255		H	H_b20_cov95v2_HMF_refine_H_p134	attempt_2c7f5eeb11983bd5f3f7	source_log_basename	134	b60e82dfbdb263b2919f6944c2c884f3deab33268a2e1238dc43ec8e3812c95c	hmf_refine.tsv	256	UNIQUE	source_log_basename
b20:hmf_refine:HMF:255:0	b20	hmf_refine	HMF	255		M	M_b20_cov95v2_HMF_refine_h134_m99	attempt_dfafba6a3c5eedb1d9ab	source_log_basename	99	3494424b5e812b7915d58f8375d36d98b98361766cb07c3af33d842559389345	hmf_refine.tsv	256	UNIQUE	source_log_basename
b20:hmf_refine:HMF:256:0	b20	hmf_refine	HMF	256		F	F_b20_cov95v2_HMF_refine_h139_m91_F_p2	attempt_c42dd40eab9b2fe6f6ff	source_log_basename	2	9cb50d8efd264742fe21656f223ade0021d892e84b853ef0b75b30a915f7d2d3	hmf_refine.tsv	257	UNIQUE	source_log_basename
b20:hmf_refine:HMF:256:0	b20	hmf_refine	HMF	256		H	H_b20_cov95v2_HMF_refine_H_p139	attempt_7cc91f033361569e5c2d	source_log_basename	139	31c209015622326b230ca83e48dff3992b9dabf9beb9ee336fc684d035b3b45f	hmf_refine.tsv	257	UNIQUE	source_log_basename
b20:hmf_refine:HMF:256:0	b20	hmf_refine	HMF	256		M	M_b20_cov95v2_HMF_refine_h139_m91	attempt_c4e89ca73c5416c9f11a	source_log_basename	91	6b83dae10e8ea6cb161847ce52e3a3c955e79c398c5c42629d212ce1964f62ee	hmf_refine.tsv	257	UNIQUE	source_log_basename
b20:hmf_refine:HMF:257:0	b20	hmf_refine	HMF	257		F	F_b20_cov95v2_HMF_refine_h139_m99_F_p1	attempt_495fb12c870ac2e30d77	source_log_basename	1	dc3d2e8ca2aa4ed76908adbe91ce7fb74b7ce2436bf435e2223f8c6564207447	hmf_refine.tsv	258	UNIQUE	source_log_basename
b20:hmf_refine:HMF:257:0	b20	hmf_refine	HMF	257		H	H_b20_cov95v2_HMF_refine_H_p139	attempt_7cc91f033361569e5c2d	source_log_basename	139	31c209015622326b230ca83e48dff3992b9dabf9beb9ee336fc684d035b3b45f	hmf_refine.tsv	258	UNIQUE	source_log_basename
b20:hmf_refine:HMF:257:0	b20	hmf_refine	HMF	257		M	M_b20_cov95v2_HMF_refine_h139_m99	attempt_31d7933d6a71b262d26c	source_log_basename	99	8fa8f248e46598a07cd14604c2dac3ffbda89b46d8f1bbac0c3cfca792ddadd1	hmf_refine.tsv	258	UNIQUE	source_log_basename
b20:hmf_refine:HMF:258:0	b20	hmf_refine	HMF	258		F	F_b20_cov95v2_HMF_refine_h144_m91_F_p8	attempt_dcb5df410bd771b49f2a	source_log_basename	8	273aaedebd478cff044e3d2935d0b8eb4aa6f2f5344cbe438d758475055a2022	hmf_refine.tsv	259	UNIQUE	source_log_basename
b20:hmf_refine:HMF:258:0	b20	hmf_refine	HMF	258		H	H_b20_cov95v2_HMF_refine_H_p144	attempt_9e8a3b6b90e6b99359f7	source_log_basename	144	6afdddcb407cdef012cd7c62eeb3e2b3a907a858194e1b1daebeee0f5219ab78	hmf_refine.tsv	259	UNIQUE	source_log_basename
b20:hmf_refine:HMF:258:0	b20	hmf_refine	HMF	258		M	M_b20_cov95v2_HMF_refine_h144_m91	attempt_c76ac378d6d98a3f55e7	source_log_basename	91	64113fdf21764b18301ee8836c192edef7998611b5596f901b9c4d74019cfb0b	hmf_refine.tsv	259	UNIQUE	source_log_basename
b20:hmf_refine:HMF:259:0	b20	hmf_refine	HMF	259		F	F_b20_cov95v2_HMF_refine_h144_m95_F_p2	attempt_e7f53a47a5431a669b41	source_log_basename	2	b93b06ee220b7d5b41c1008784b51cc3691d1ae6ea0e70aca4bacfa1cffe73ce	hmf_refine.tsv	260	UNIQUE	source_log_basename
b20:hmf_refine:HMF:259:0	b20	hmf_refine	HMF	259		H	H_b20_cov95v2_HMF_refine_H_p144	attempt_9e8a3b6b90e6b99359f7	source_log_basename	144	6afdddcb407cdef012cd7c62eeb3e2b3a907a858194e1b1daebeee0f5219ab78	hmf_refine.tsv	260	UNIQUE	source_log_basename
b20:hmf_refine:HMF:259:0	b20	hmf_refine	HMF	259		M	M_b20_cov95v2_HMF_refine_h144_m95	attempt_48590a1076e63645356f	source_log_basename	95	d5919896af19739cf5c6f7e151ebdf2ddf0a9a3660f9db67cdc8fcc2e1b411c7	hmf_refine.tsv	260	UNIQUE	source_log_basename
b20:hmf_refine:HMF:25:0	b20	hmf_refine	HMF	25		F				0	NA	hmf_refine.tsv	26	NOT_RUN	TARGET_BEFORE_F
b20:hmf_refine:HMF:25:0	b20	hmf_refine	HMF	25		H	H_b20_cov95v2_HMF_refine_H_p55	attempt_277d0afb9e965f93e11d	source_log_basename	55	8e9407850d071618990a8bd7b910c79b32daf490a864d1df9f6b7ac85167a095	hmf_refine.tsv	26	UNIQUE	source_log_basename
b20:hmf_refine:HMF:25:0	b20	hmf_refine	HMF	25		M	M_b20_cov95v2_HMF_refine_h55_m132	attempt_93883815e9806e6131db	source_log_basename	132	a3013fdd0d387149b522995a184055f9743ed8d3c0de91695df4f2733949122c	hmf_refine.tsv	26	UNIQUE	source_log_basename
b20:hmf_refine:HMF:260:0	b20	hmf_refine	HMF	260		F	F_b20_cov95v2_HMF_refine_h144_m99_F_p1	attempt_02db0f71e50f4a6c289b	source_log_basename	1	5392e6adda77e05fcd53dcf8b6debeb3390eeffa5a6ea688ab9a2a0d06946f5b	hmf_refine.tsv	261	UNIQUE	source_log_basename
b20:hmf_refine:HMF:260:0	b20	hmf_refine	HMF	260		H	H_b20_cov95v2_HMF_refine_H_p144	attempt_9e8a3b6b90e6b99359f7	source_log_basename	144	6afdddcb407cdef012cd7c62eeb3e2b3a907a858194e1b1daebeee0f5219ab78	hmf_refine.tsv	261	UNIQUE	source_log_basename
b20:hmf_refine:HMF:260:0	b20	hmf_refine	HMF	260		M	M_b20_cov95v2_HMF_refine_h144_m99	attempt_73830003cfa483847fb3	source_log_basename	99	986408f7fe06e819e839442db5c96bb7981ffc431d4566ae1e00ebe30d758f2c	hmf_refine.tsv	261	UNIQUE	source_log_basename
b20:hmf_refine:HMF:261:0	b20	hmf_refine	HMF	261		F	F_b20_cov95v2_HMF_refine_h136_m89_F_p4	attempt_ee4e1910e39b93720cc1	source_log_basename	4	1176a515adfd62062bea1051f77d1deebc59056fa7f71e2d982beebc62503b10	hmf_refine.tsv	262	UNIQUE	source_log_basename
b20:hmf_refine:HMF:261:0	b20	hmf_refine	HMF	261		H	H_b20_cov95v2_HMF_refine_H_p136	attempt_1b0d7a327d847401d655	source_log_basename	136	f7c9df20498248396dc40b69c370bbcbc27a12a33db4a41b0d7673eee23f3d03	hmf_refine.tsv	262	UNIQUE	source_log_basename
b20:hmf_refine:HMF:261:0	b20	hmf_refine	HMF	261		M	M_b20_cov95v2_HMF_refine_h136_m89	attempt_e18a21b6fb566a36d93a	source_log_basename	89	c9f785f78f06d0ea2b9fe6d799c038365028dcc42aa407ccc610127d06879463	hmf_refine.tsv	262	UNIQUE	source_log_basename
b20:hmf_refine:HMF:262:0	b20	hmf_refine	HMF	262		F	F_b20_cov95v2_HMF_refine_h136_m91_F_p4	attempt_1fa69bc579d32c184765	source_log_basename	4	52ac54ab7f34f1fb1950bc93b9a83f470d95f46b773ba8e999952af0d4e951bf	hmf_refine.tsv	263	UNIQUE	source_log_basename
b20:hmf_refine:HMF:262:0	b20	hmf_refine	HMF	262		H	H_b20_cov95v2_HMF_refine_H_p136	attempt_1b0d7a327d847401d655	source_log_basename	136	f7c9df20498248396dc40b69c370bbcbc27a12a33db4a41b0d7673eee23f3d03	hmf_refine.tsv	263	UNIQUE	source_log_basename
b20:hmf_refine:HMF:262:0	b20	hmf_refine	HMF	262		M	M_b20_cov95v2_HMF_refine_h136_m91	attempt_a8e2e88a18ec5c2010d6	source_log_basename	91	8716c393ffbd318850a86223fdd06595bc6231d126908c7149389e6b5aaf5a0d	hmf_refine.tsv	263	UNIQUE	source_log_basename
b20:hmf_refine:HMF:263:0	b20	hmf_refine	HMF	263		F	F_b20_cov95v2_HMF_refine_h136_m93_F_p6	attempt_30f3e1cdf5bc2107d176	source_log_basename	6	cd2c3b8d74c27b4d7fdc1a40eb9266cf7c2fc4a146cad43b38fd61ab894dba8e	hmf_refine.tsv	264	UNIQUE	source_log_basename
b20:hmf_refine:HMF:263:0	b20	hmf_refine	HMF	263		H	H_b20_cov95v2_HMF_refine_H_p136	attempt_1b0d7a327d847401d655	source_log_basename	136	f7c9df20498248396dc40b69c370bbcbc27a12a33db4a41b0d7673eee23f3d03	hmf_refine.tsv	264	UNIQUE	source_log_basename
b20:hmf_refine:HMF:263:0	b20	hmf_refine	HMF	263		M	M_b20_cov95v2_HMF_refine_h136_m93	attempt_8b8e2c590f31d8c37dcc	source_log_basename	93	8a7bb1a829f2009670a994732f90b4e41c9394f77250861cab8067997eb15aff	hmf_refine.tsv	264	UNIQUE	source_log_basename
b20:hmf_refine:HMF:264:0	b20	hmf_refine	HMF	264		F	F_b20_cov95v2_HMF_refine_h139_m89_F_p7	attempt_bc02b0a6e1be2510c7ea	source_log_basename	7	c92da7152f7c559872e2b0025e3df4fd9123357fcc3af66cb3c02e5f8244f481	hmf_refine.tsv	265	UNIQUE	source_log_basename
b20:hmf_refine:HMF:264:0	b20	hmf_refine	HMF	264		H	H_b20_cov95v2_HMF_refine_H_p139	attempt_7cc91f033361569e5c2d	source_log_basename	139	31c209015622326b230ca83e48dff3992b9dabf9beb9ee336fc684d035b3b45f	hmf_refine.tsv	265	UNIQUE	source_log_basename
b20:hmf_refine:HMF:264:0	b20	hmf_refine	HMF	264		M	M_b20_cov95v2_HMF_refine_h139_m89	attempt_21701fc3780635e5cb29	source_log_basename	89	841832d499130f2a748838b745541e563f2169ddbe67108cc9e64d6c6df7f752	hmf_refine.tsv	265	UNIQUE	source_log_basename
b20:hmf_refine:HMF:265:0	b20	hmf_refine	HMF	265		F	F_b20_cov95v2_HMF_refine_h139_m93_F_p3	attempt_c491c78393c279f8b237	source_log_basename	3	8d753f88c17787eee64396311c5feb9057266ec90344a494cdb865cdf476d1a6	hmf_refine.tsv	266	UNIQUE	source_log_basename
b20:hmf_refine:HMF:265:0	b20	hmf_refine	HMF	265		H	H_b20_cov95v2_HMF_refine_H_p139	attempt_7cc91f033361569e5c2d	source_log_basename	139	31c209015622326b230ca83e48dff3992b9dabf9beb9ee336fc684d035b3b45f	hmf_refine.tsv	266	UNIQUE	source_log_basename
b20:hmf_refine:HMF:265:0	b20	hmf_refine	HMF	265		M	M_b20_cov95v2_HMF_refine_h139_m93	attempt_c2616f4f0143f2d2727c	source_log_basename	93	f41b234a433c187cf585f718c72f396226f2adcab9fbb39e96df667f544474cf	hmf_refine.tsv	266	UNIQUE	source_log_basename
b20:hmf_refine:HMF:266:0	b20	hmf_refine	HMF	266		F	F_b20_cov95v2_HMF_refine_h142_m89_F_p2	attempt_bac7ded4699235abb1e6	source_log_basename	2	507c1e74e23caeb3b241ff0d62a0f171824c744d80c172bb2ecd5c98aa33a9a7	hmf_refine.tsv	267	UNIQUE	source_log_basename
b20:hmf_refine:HMF:266:0	b20	hmf_refine	HMF	266		H	H_b20_cov95v2_HMF_refine_H_p142	attempt_f42cdea60bf6e0394e12	source_log_basename	142	1a3dd5bfdad69b475990f206133047883199bb6c726db151f3cc223ac4a369e5	hmf_refine.tsv	267	UNIQUE	source_log_basename
b20:hmf_refine:HMF:266:0	b20	hmf_refine	HMF	266		M	M_b20_cov95v2_HMF_refine_h142_m89	attempt_b92ca2fa10e195f65c66	source_log_basename	89	51ad6fc16fcac0263b6082c08bb9f7aa607303f85becf67e5b06a90e832da466	hmf_refine.tsv	267	UNIQUE	source_log_basename
b20:hmf_refine:HMF:267:0	b20	hmf_refine	HMF	267		F	F_b20_cov95v2_HMF_refine_h142_m91_F_p2	attempt_4467a20a155e27a20ad9	source_log_basename	2	861e279d76f3a5cbbe6dda50e47258d85b6054c7b30ac66dc46a0a7420a6f497	hmf_refine.tsv	268	UNIQUE	source_log_basename
b20:hmf_refine:HMF:267:0	b20	hmf_refine	HMF	267		H	H_b20_cov95v2_HMF_refine_H_p142	attempt_f42cdea60bf6e0394e12	source_log_basename	142	1a3dd5bfdad69b475990f206133047883199bb6c726db151f3cc223ac4a369e5	hmf_refine.tsv	268	UNIQUE	source_log_basename
b20:hmf_refine:HMF:267:0	b20	hmf_refine	HMF	267		M	M_b20_cov95v2_HMF_refine_h142_m91	attempt_692f2944fec15eecac64	source_log_basename	91	56e1e2e9ee8c615c63cec690f545f9ce26357b4eb8225bacba88e51a3c61bc67	hmf_refine.tsv	268	UNIQUE	source_log_basename
b20:hmf_refine:HMF:268:0	b20	hmf_refine	HMF	268		F	F_b20_cov95v2_HMF_refine_h142_m93_F_p1	attempt_fac6a8c94ca01b5bed03	source_log_basename	1	d940672fe7e41294d5ae629d7726ea13900e0664073d1408dc64d7079ae41ef3	hmf_refine.tsv	269	UNIQUE	source_log_basename
b20:hmf_refine:HMF:268:0	b20	hmf_refine	HMF	268		H	H_b20_cov95v2_HMF_refine_H_p142	attempt_f42cdea60bf6e0394e12	source_log_basename	142	1a3dd5bfdad69b475990f206133047883199bb6c726db151f3cc223ac4a369e5	hmf_refine.tsv	269	UNIQUE	source_log_basename
b20:hmf_refine:HMF:268:0	b20	hmf_refine	HMF	268		M	M_b20_cov95v2_HMF_refine_h142_m93	attempt_6fd63bfd72601f8a156a	source_log_basename	93	83bef2b8c591f3922c1956af3f577a8ab0cb6fb28410d036933b0be0d6deae4a	hmf_refine.tsv	269	UNIQUE	source_log_basename
b20:hmf_refine:HMF:269:0	b20	hmf_refine	HMF	269		F	F_b20_cov95v2_HMF_refine_h140_m88_F_p4	attempt_02252d7ce181712bf687	source_log_basename	4	e86fad89b5848a3e29f4a16e11008f214c376ff25d2d08b5879536a0bbdae0c5	hmf_refine.tsv	270	UNIQUE	source_log_basename
b20:hmf_refine:HMF:269:0	b20	hmf_refine	HMF	269		H	H_b20_cov95v2_HMF_refine_H_p140	attempt_f38463f3e2de75e4674b	source_log_basename	140	bff1b637f081773f4d36a1428927b6b2f1e82cd2f0d4aaee6b299fc52db34035	hmf_refine.tsv	270	UNIQUE	source_log_basename
b20:hmf_refine:HMF:269:0	b20	hmf_refine	HMF	269		M	M_b20_cov95v2_HMF_refine_h140_m88	attempt_dfe47e2ee24cae687aae	source_log_basename	88	2d65f7e535d52317069b245bd01331d1e24dbd1750e6cc6fb8980a683636dfd0	hmf_refine.tsv	270	UNIQUE	source_log_basename
b20:hmf_refine:HMF:26:0	b20	hmf_refine	HMF	26		F	F_b20_cov95v2_HMF_refine_h60_m124_F_p7	attempt_b8224d0c807fa4906f6d	source_log_basename	7	ac0dab9b0945135c057b4edacda57503941b0546b6712e63ab287c1739603eb0	hmf_refine.tsv	27	UNIQUE	source_log_basename
b20:hmf_refine:HMF:26:0	b20	hmf_refine	HMF	26		H	H_b20_cov95v2_HMF_refine_H_p60	attempt_11c45bcb787f5f230387	source_log_basename	60	f3363755fdcd288a9f380d64f093e2df390d7f1c21d9c9e3661aed7e6ad4be3a	hmf_refine.tsv	27	UNIQUE	source_log_basename
b20:hmf_refine:HMF:26:0	b20	hmf_refine	HMF	26		M	M_b20_cov95v2_HMF_refine_h60_m124	attempt_201205f14b99f39386b2	source_log_basename	124	dcaa88c2e649c23a5b7a7cca83d41556efab2e90f5fa76b6cf6b89c817c2c8c1	hmf_refine.tsv	27	UNIQUE	source_log_basename
b20:hmf_refine:HMF:270:0	b20	hmf_refine	HMF	270		F	F_b20_cov95v2_HMF_refine_h140_m89_F_p5	attempt_abf7ec19b56dc4255523	source_log_basename	5	7dae185e163203209a3c3c49d75b4299bbf29f7918aae52bde294c8c7befe642	hmf_refine.tsv	271	UNIQUE	source_log_basename
b20:hmf_refine:HMF:270:0	b20	hmf_refine	HMF	270		H	H_b20_cov95v2_HMF_refine_H_p140	attempt_f38463f3e2de75e4674b	source_log_basename	140	bff1b637f081773f4d36a1428927b6b2f1e82cd2f0d4aaee6b299fc52db34035	hmf_refine.tsv	271	UNIQUE	source_log_basename
b20:hmf_refine:HMF:270:0	b20	hmf_refine	HMF	270		M	M_b20_cov95v2_HMF_refine_h140_m89	attempt_0da193e8aaaf0b58442c	source_log_basename	89	364206039680131795144e23707c948fc27e645434912b7bb9eca1468ce475e4	hmf_refine.tsv	271	UNIQUE	source_log_basename
b20:hmf_refine:HMF:271:0	b20	hmf_refine	HMF	271		F	F_b20_cov95v2_HMF_refine_h140_m90_F_p1	attempt_66659f38743b991273bf	source_log_basename	1	18b4441d9c1accb6ed791239eb6a3c3399ebd241f2000586c03dd1590fee0f53	hmf_refine.tsv	272	UNIQUE	source_log_basename
b20:hmf_refine:HMF:271:0	b20	hmf_refine	HMF	271		H	H_b20_cov95v2_HMF_refine_H_p140	attempt_f38463f3e2de75e4674b	source_log_basename	140	bff1b637f081773f4d36a1428927b6b2f1e82cd2f0d4aaee6b299fc52db34035	hmf_refine.tsv	272	UNIQUE	source_log_basename
b20:hmf_refine:HMF:271:0	b20	hmf_refine	HMF	271		M	M_b20_cov95v2_HMF_refine_h140_m90	attempt_c652e78cbb6e1fcabfd5	source_log_basename	90	3d96c37a972099b0645a620a969d2f2bb35fa495f0db266f6fef1b86e720bda8	hmf_refine.tsv	272	UNIQUE	source_log_basename
b20:hmf_refine:HMF:272:0	b20	hmf_refine	HMF	272		F	F_b20_cov95v2_HMF_refine_h142_m88_F_p2	attempt_046e13dc27165833c122	source_log_basename	2	570677e6b738ed73aba19fba1c0465f4abc869af749fc21cdc2d9480946863a7	hmf_refine.tsv	273	UNIQUE	source_log_basename
b20:hmf_refine:HMF:272:0	b20	hmf_refine	HMF	272		H	H_b20_cov95v2_HMF_refine_H_p142	attempt_f42cdea60bf6e0394e12	source_log_basename	142	1a3dd5bfdad69b475990f206133047883199bb6c726db151f3cc223ac4a369e5	hmf_refine.tsv	273	UNIQUE	source_log_basename
b20:hmf_refine:HMF:272:0	b20	hmf_refine	HMF	272		M	M_b20_cov95v2_HMF_refine_h142_m88	attempt_e3510748a5592139d3cb	source_log_basename	88	dc8aa800f9fc8e4168c453ac0fa6557c2ff52ac6e64f3d4748cd6403a5dcde2c	hmf_refine.tsv	273	UNIQUE	source_log_basename
b20:hmf_refine:HMF:273:0	b20	hmf_refine	HMF	273		F	F_b20_cov95v2_HMF_refine_h142_m90_F_p2	attempt_f3439e72b68c7b164ab3	source_log_basename	2	c329f50cbe2e1fcd1fd264c617f42f0f878323dc3f2459b2cf0c70be62c8bc86	hmf_refine.tsv	274	UNIQUE	source_log_basename
b20:hmf_refine:HMF:273:0	b20	hmf_refine	HMF	273		H	H_b20_cov95v2_HMF_refine_H_p142	attempt_f42cdea60bf6e0394e12	source_log_basename	142	1a3dd5bfdad69b475990f206133047883199bb6c726db151f3cc223ac4a369e5	hmf_refine.tsv	274	UNIQUE	source_log_basename
b20:hmf_refine:HMF:273:0	b20	hmf_refine	HMF	273		M	M_b20_cov95v2_HMF_refine_h142_m90	attempt_c5daa25359fc4ed5ac2e	source_log_basename	90	c3d186a1fc94e4c197ddc8e1cc231ab127c64c9fc8f448212f0e5d3f439994a3	hmf_refine.tsv	274	UNIQUE	source_log_basename
b20:hmf_refine:HMF:274:0	b20	hmf_refine	HMF	274		F	F_b20_cov95v2_HMF_refine_h144_m88_F_p12	attempt_727f30b0ba0330dbc462	source_log_basename	12	7b3bbdbfb4c452a7f380438e8b5add3180807efbff73652093a76c1053a4a5d7	hmf_refine.tsv	275	UNIQUE	source_log_basename
b20:hmf_refine:HMF:274:0	b20	hmf_refine	HMF	274		H	H_b20_cov95v2_HMF_refine_H_p144	attempt_9e8a3b6b90e6b99359f7	source_log_basename	144	6afdddcb407cdef012cd7c62eeb3e2b3a907a858194e1b1daebeee0f5219ab78	hmf_refine.tsv	275	UNIQUE	source_log_basename
b20:hmf_refine:HMF:274:0	b20	hmf_refine	HMF	274		M	M_b20_cov95v2_HMF_refine_h144_m88	attempt_3c8d833a97fc887d466f	source_log_basename	88	444ee9cc151d06674760b862be51a7a81dad87621a4f215472445e1bd5051bbc	hmf_refine.tsv	275	UNIQUE	source_log_basename
b20:hmf_refine:HMF:275:0	b20	hmf_refine	HMF	275		F	F_b20_cov95v2_HMF_refine_h144_m89_F_p7	attempt_c192bcc7c468938069e7	source_log_basename	7	e28261ed658ba2427b7d7df0d8adfbb1aef03513d738fc6c45d8f9e173235da9	hmf_refine.tsv	276	UNIQUE	source_log_basename
b20:hmf_refine:HMF:275:0	b20	hmf_refine	HMF	275		H	H_b20_cov95v2_HMF_refine_H_p144	attempt_9e8a3b6b90e6b99359f7	source_log_basename	144	6afdddcb407cdef012cd7c62eeb3e2b3a907a858194e1b1daebeee0f5219ab78	hmf_refine.tsv	276	UNIQUE	source_log_basename
b20:hmf_refine:HMF:275:0	b20	hmf_refine	HMF	275		M	M_b20_cov95v2_HMF_refine_h144_m89	attempt_3a2fee147eabf16e000a	source_log_basename	89	52906593455ce4072ab6f7f8e4ff865f0ce31c7bbc4ce4a1be8617b396e87b5d	hmf_refine.tsv	276	UNIQUE	source_log_basename
b20:hmf_refine:HMF:276:0	b20	hmf_refine	HMF	276		F	F_b20_cov95v2_HMF_refine_h144_m90_F_p9	attempt_569523edede78702dd9e	source_log_basename	9	5eb01d0932c6b2fba78373a78e0bc21bc2d029452b4f4b58ee3f72a9cd1615b6	hmf_refine.tsv	277	UNIQUE	source_log_basename
b20:hmf_refine:HMF:276:0	b20	hmf_refine	HMF	276		H	H_b20_cov95v2_HMF_refine_H_p144	attempt_9e8a3b6b90e6b99359f7	source_log_basename	144	6afdddcb407cdef012cd7c62eeb3e2b3a907a858194e1b1daebeee0f5219ab78	hmf_refine.tsv	277	UNIQUE	source_log_basename
b20:hmf_refine:HMF:276:0	b20	hmf_refine	HMF	276		M	M_b20_cov95v2_HMF_refine_h144_m90	attempt_2a9cfa3c29b9ed9eeb0a	source_log_basename	90	75c5ee9efdf07f6b1468981a9e0c9472696b3e7cbde0f215b989a9520792d82b	hmf_refine.tsv	277	UNIQUE	source_log_basename
b20:hmf_refine:HMF:277:0	b20	hmf_refine	HMF	277		F	F_b20_cov95v2_HMF_refine_h139_m90_F_p4	attempt_63c79fa46f5ea8213b00	source_log_basename	4	5e248f48b5090d1b1244eb76c949bb0cf34dbd9762a0abbd58e822d3810fcef9	hmf_refine.tsv	278	UNIQUE	source_log_basename
b20:hmf_refine:HMF:277:0	b20	hmf_refine	HMF	277		H	H_b20_cov95v2_HMF_refine_H_p139	attempt_7cc91f033361569e5c2d	source_log_basename	139	31c209015622326b230ca83e48dff3992b9dabf9beb9ee336fc684d035b3b45f	hmf_refine.tsv	278	UNIQUE	source_log_basename
b20:hmf_refine:HMF:277:0	b20	hmf_refine	HMF	277		M	M_b20_cov95v2_HMF_refine_h139_m90	attempt_8c990c658d88d36f39a0	source_log_basename	90	f57802a6c46a167c6d1d1acfda2ca4302cecc473b89e59bab74817b2996bab0b	hmf_refine.tsv	278	UNIQUE	source_log_basename
b20:hmf_refine:HMF:278:0	b20	hmf_refine	HMF	278		F	F_b20_cov95v2_HMF_refine_h140_m91_F_p1	attempt_a10fd8f65f2b23fd0282	source_log_basename	1	90513fbf2f93f08ec7875f66bb1fdea2d020cf532d4bfd1c91c3c05904dfdb08	hmf_refine.tsv	279	UNIQUE	source_log_basename
b20:hmf_refine:HMF:278:0	b20	hmf_refine	HMF	278		H	H_b20_cov95v2_HMF_refine_H_p140	attempt_f38463f3e2de75e4674b	source_log_basename	140	bff1b637f081773f4d36a1428927b6b2f1e82cd2f0d4aaee6b299fc52db34035	hmf_refine.tsv	279	UNIQUE	source_log_basename
b20:hmf_refine:HMF:278:0	b20	hmf_refine	HMF	278		M	M_b20_cov95v2_HMF_refine_h140_m91	attempt_fdb32a420b462506b03c	source_log_basename	91	34ee5b310d08d834846adac0a64a40d5c38a399ec89342b46d1348be5ad06fb7	hmf_refine.tsv	279	UNIQUE	source_log_basename
b20:hmf_refine:HMF:279:0	b20	hmf_refine	HMF	279		F				0	NA	hmf_refine.tsv	280	NOT_RUN	TARGET_BEFORE_F
b20:hmf_refine:HMF:279:0	b20	hmf_refine	HMF	279		H	H_b20_cov95v2_HMF_refine_H_p141	attempt_284d2a9a75a66d40facf	source_log_basename	141	d1cf995af63be732c803bbca59f3cafcc2640577bba4f5678f75fab4f7afd0a6	hmf_refine.tsv	280	UNIQUE	source_log_basename
b20:hmf_refine:HMF:279:0	b20	hmf_refine	HMF	279		M	M_b20_cov95v2_HMF_refine_h141_m89	attempt_934fe0a72ea6d2b622c2	source_log_basename	89	0f50015c95ee9364cb2317d1f1cd28d085e34334f64628a5cf1655cf35e46597	hmf_refine.tsv	280	UNIQUE	source_log_basename
b20:hmf_refine:HMF:27:0	b20	hmf_refine	HMF	27		F	F_b20_cov95v2_HMF_refine_h60_m132_F_p1	attempt_2ce759b27860b6c4633f	source_log_basename	1	c3e118dfc6e855d4da0afa76ee66b8c59c21399f827e2d2e91d46e2bec48f0c1	hmf_refine.tsv	28	UNIQUE	source_log_basename
b20:hmf_refine:HMF:27:0	b20	hmf_refine	HMF	27		H	H_b20_cov95v2_HMF_refine_H_p60	attempt_11c45bcb787f5f230387	source_log_basename	60	f3363755fdcd288a9f380d64f093e2df390d7f1c21d9c9e3661aed7e6ad4be3a	hmf_refine.tsv	28	UNIQUE	source_log_basename
b20:hmf_refine:HMF:27:0	b20	hmf_refine	HMF	27		M	M_b20_cov95v2_HMF_refine_h60_m132	attempt_6d871004fe87626cb82b	source_log_basename	132	f9f11084fe70d6061470587b35811773c5e08ff54588cbed3b867eca46d84b6c	hmf_refine.tsv	28	UNIQUE	source_log_basename
b20:hmf_refine:HMF:280:0	b20	hmf_refine	HMF	280		F	F_b20_cov95v2_HMF_refine_h141_m90_F_p1	attempt_7cebcb7534ae2c1aa0f4	source_log_basename	1	55cd081f1916d8e76014110cf2510a710245cd69942fe9861aa0ea46c1d21432	hmf_refine.tsv	281	UNIQUE	source_log_basename
b20:hmf_refine:HMF:280:0	b20	hmf_refine	HMF	280		H	H_b20_cov95v2_HMF_refine_H_p141	attempt_284d2a9a75a66d40facf	source_log_basename	141	d1cf995af63be732c803bbca59f3cafcc2640577bba4f5678f75fab4f7afd0a6	hmf_refine.tsv	281	UNIQUE	source_log_basename
b20:hmf_refine:HMF:280:0	b20	hmf_refine	HMF	280		M	M_b20_cov95v2_HMF_refine_h141_m90	attempt_9b0e012e49988804993f	source_log_basename	90	87f0deba951098e2ecfb25fbf315e30e312a435e5c1829438f010d2d9809d984	hmf_refine.tsv	281	UNIQUE	source_log_basename
b20:hmf_refine:HMF:281:0	b20	hmf_refine	HMF	281		F				0	NA	hmf_refine.tsv	282	NOT_RUN	TARGET_BEFORE_F
b20:hmf_refine:HMF:281:0	b20	hmf_refine	HMF	281		H	H_b20_cov95v2_HMF_refine_H_p141	attempt_284d2a9a75a66d40facf	source_log_basename	141	d1cf995af63be732c803bbca59f3cafcc2640577bba4f5678f75fab4f7afd0a6	hmf_refine.tsv	282	UNIQUE	source_log_basename
b20:hmf_refine:HMF:281:0	b20	hmf_refine	HMF	281		M	M_b20_cov95v2_HMF_refine_h141_m91	attempt_9cd27bbf5b07318bf351	source_log_basename	91	af60e9161b7639f2fbdeef843cf3d87b11b12e72a8345108fefc2f9d32b99553	hmf_refine.tsv	282	UNIQUE	source_log_basename
b20:hmf_refine:HMF:282:0	b20	hmf_refine	HMF	282		F	F_b20_cov95v2_HMF_refine_h130_m80_F_p26	attempt_f50d30ffe3cf04cb2882	source_log_basename	26	8b3c9ac37739b7117121ef9bcbdef319784843bc10f691fe7f5140b4c585dddc	hmf_refine.tsv	283	UNIQUE	source_log_basename
b20:hmf_refine:HMF:282:0	b20	hmf_refine	HMF	282		H	H_b20_cov95v2_HMF_refine_H_p130	attempt_a16ffb71f11dafba8f3d	source_log_basename	130	f891cc17a56c666e5331d20b67cf03f3cb9b4b10756e00d6d21b0efbf945c0ba	hmf_refine.tsv	283	UNIQUE	source_log_basename
b20:hmf_refine:HMF:282:0	b20	hmf_refine	HMF	282		M	M_b20_cov95v2_HMF_refine_h130_m80	attempt_e9ce9dfcb49fbd7c1c31	source_log_basename	80	34475c4a7c94bdeb13fd1511977f9caf3d0cf5349e4e718bfbb24b6e99e81d34	hmf_refine.tsv	283	UNIQUE	source_log_basename
b20:hmf_refine:HMF:283:0	b20	hmf_refine	HMF	283		F	F_b20_cov95v2_HMF_refine_h130_m85_F_p15	attempt_d2045357d7812e2f185f	source_log_basename	15	2d3a923a9cc6010e7b3b24038336e44b0bfab44d46caae4da59f2df0e732d106	hmf_refine.tsv	284	UNIQUE	source_log_basename
b20:hmf_refine:HMF:283:0	b20	hmf_refine	HMF	283		H	H_b20_cov95v2_HMF_refine_H_p130	attempt_a16ffb71f11dafba8f3d	source_log_basename	130	f891cc17a56c666e5331d20b67cf03f3cb9b4b10756e00d6d21b0efbf945c0ba	hmf_refine.tsv	284	UNIQUE	source_log_basename
b20:hmf_refine:HMF:283:0	b20	hmf_refine	HMF	283		M	M_b20_cov95v2_HMF_refine_h130_m85	attempt_a426b676c2d364ac3276	source_log_basename	85	b8befb1b18cb4525cf5220dff340e041a6829315560f38e94b5cdd751133b03d	hmf_refine.tsv	284	UNIQUE	source_log_basename
b20:hmf_refine:HMF:284:0	b20	hmf_refine	HMF	284		F	F_b20_cov95v2_HMF_refine_h130_m90_F_p7	attempt_a790125e9cbaa242b871	source_log_basename	7	b26c9298d2efb52108526be450e57c506b5357c4b8f27552f4f5e9823954b831	hmf_refine.tsv	285	UNIQUE	source_log_basename
b20:hmf_refine:HMF:284:0	b20	hmf_refine	HMF	284		H	H_b20_cov95v2_HMF_refine_H_p130	attempt_a16ffb71f11dafba8f3d	source_log_basename	130	f891cc17a56c666e5331d20b67cf03f3cb9b4b10756e00d6d21b0efbf945c0ba	hmf_refine.tsv	285	UNIQUE	source_log_basename
b20:hmf_refine:HMF:284:0	b20	hmf_refine	HMF	284		M	M_b20_cov95v2_HMF_refine_h130_m90	attempt_15bea78f234c872db8f8	source_log_basename	90	13526de155cc9c3015b75cfa32734d4a0e2f228ffb6731dbc4502611e09ee402	hmf_refine.tsv	285	UNIQUE	source_log_basename
b20:hmf_refine:HMF:285:0	b20	hmf_refine	HMF	285		F	F_b20_cov95v2_HMF_refine_h130_m95_F_p2	attempt_91bc12f49ce404caa094	source_log_basename	2	a9cab6f5b4101fe5a78bc25865ee91958a0e349918e35cb886ba435ce0858b8d	hmf_refine.tsv	286	UNIQUE	source_log_basename
b20:hmf_refine:HMF:285:0	b20	hmf_refine	HMF	285		H	H_b20_cov95v2_HMF_refine_H_p130	attempt_a16ffb71f11dafba8f3d	source_log_basename	130	f891cc17a56c666e5331d20b67cf03f3cb9b4b10756e00d6d21b0efbf945c0ba	hmf_refine.tsv	286	UNIQUE	source_log_basename
b20:hmf_refine:HMF:285:0	b20	hmf_refine	HMF	285		M	M_b20_cov95v2_HMF_refine_h130_m95	attempt_cbfbc6e04830e9510147	source_log_basename	95	2918ec715dda8e98aedee05ac2a03c73e23f157b0113425c4fa1fe5216319be1	hmf_refine.tsv	286	UNIQUE	source_log_basename
b20:hmf_refine:HMF:286:0	b20	hmf_refine	HMF	286		F				0	NA	hmf_refine.tsv	287	NOT_RUN	TARGET_BEFORE_F
b20:hmf_refine:HMF:286:0	b20	hmf_refine	HMF	286		H	H_b20_cov95v2_HMF_refine_H_p130	attempt_a16ffb71f11dafba8f3d	source_log_basename	130	f891cc17a56c666e5331d20b67cf03f3cb9b4b10756e00d6d21b0efbf945c0ba	hmf_refine.tsv	287	UNIQUE	source_log_basename
b20:hmf_refine:HMF:286:0	b20	hmf_refine	HMF	286		M	M_b20_cov95v2_HMF_refine_h130_m100	attempt_c13e3dea95cb48fe94c5	source_log_basename	100	de8fa229514362071aae5bfb75321a0d51b48998418476d146a689ac8889d355	hmf_refine.tsv	287	UNIQUE	source_log_basename
b20:hmf_refine:HMF:287:0	b20	hmf_refine	HMF	287		F	F_b20_cov95v2_HMF_refine_h135_m80_F_p19	attempt_3a68b57d7a8b6a039ff8	source_log_basename	19	088cf96b01415f7bd3acf9f0e9004fddcb0473362f4d3857a1a1dd0556439fb9	hmf_refine.tsv	288	UNIQUE	source_log_basename
b20:hmf_refine:HMF:287:0	b20	hmf_refine	HMF	287		H	H_b20_cov95v2_HMF_refine_H_p135	attempt_ee8cc28fca56f91448b5	source_log_basename	135	857922433c86e6413b2fc478ba3506fec11b523868628a37005aef8a2c64d4ac	hmf_refine.tsv	288	UNIQUE	source_log_basename
b20:hmf_refine:HMF:287:0	b20	hmf_refine	HMF	287		M	M_b20_cov95v2_HMF_refine_h135_m80	attempt_f2a4e5a455754ad956f2	source_log_basename	80	ff10f44394b821a3c596efef0be8d6f3aa32964d52f7b39e26828de25c15a9ed	hmf_refine.tsv	288	UNIQUE	source_log_basename
b20:hmf_refine:HMF:288:0	b20	hmf_refine	HMF	288		F	F_b20_cov95v2_HMF_refine_h135_m85_F_p18	attempt_9e7652f53b46b2938f4c	source_log_basename	18	f83cd774913f036d04bb70098d974731634896c274d3cd2e8194cca60a6a0770	hmf_refine.tsv	289	UNIQUE	source_log_basename
b20:hmf_refine:HMF:288:0	b20	hmf_refine	HMF	288		H	H_b20_cov95v2_HMF_refine_H_p135	attempt_ee8cc28fca56f91448b5	source_log_basename	135	857922433c86e6413b2fc478ba3506fec11b523868628a37005aef8a2c64d4ac	hmf_refine.tsv	289	UNIQUE	source_log_basename
b20:hmf_refine:HMF:288:0	b20	hmf_refine	HMF	288		M	M_b20_cov95v2_HMF_refine_h135_m85	attempt_4f4e9f7fbd7668c764c4	source_log_basename	85	010c973b5b98527ca239d5ea0c99dbd41a8638ba25418193426f1599086bc33d	hmf_refine.tsv	289	UNIQUE	source_log_basename
b20:hmf_refine:HMF:289:0	b20	hmf_refine	HMF	289		F	F_b20_cov95v2_HMF_refine_h135_m90_F_p6	attempt_5e601e002a0213de5208	source_log_basename	6	e18ee648dd8afe199153c9f56d0a058764306f2a3f36bff0c2eae24084d631ce	hmf_refine.tsv	290	UNIQUE	source_log_basename
b20:hmf_refine:HMF:289:0	b20	hmf_refine	HMF	289		H	H_b20_cov95v2_HMF_refine_H_p135	attempt_ee8cc28fca56f91448b5	source_log_basename	135	857922433c86e6413b2fc478ba3506fec11b523868628a37005aef8a2c64d4ac	hmf_refine.tsv	290	UNIQUE	source_log_basename
b20:hmf_refine:HMF:289:0	b20	hmf_refine	HMF	289		M	M_b20_cov95v2_HMF_refine_h135_m90	attempt_db5f3fcc350b792800fc	source_log_basename	90	4f21ed4b032efaa6faa64e61b381f4e7e191b74cfddb786401a737facd45d1cf	hmf_refine.tsv	290	UNIQUE	source_log_basename
b20:hmf_refine:HMF:28:0	b20	hmf_refine	HMF	28		F	F_b20_cov95v2_HMF_refine_h65_m124_F_p3	attempt_03b742321a036f1ffe86	source_log_basename	3	ac4b72d7b0846d7a5f942843c2fe8e1c176ad538f49817fd03f8d6b586218e92	hmf_refine.tsv	29	UNIQUE	source_log_basename
b20:hmf_refine:HMF:28:0	b20	hmf_refine	HMF	28		H	H_b20_cov95v2_HMF_refine_H_p65	attempt_336b6b99f3d8aa758fde	source_log_basename	65	9e7e88b145d401a2c17046fae6a4974ab5ef8b30d7445a210cf2d2ed62253d6a	hmf_refine.tsv	29	UNIQUE	source_log_basename
b20:hmf_refine:HMF:28:0	b20	hmf_refine	HMF	28		M	M_b20_cov95v2_HMF_refine_h65_m124	attempt_c7a906acdc2dec9205da	source_log_basename	124	d89575c7ea0785d9aaa5305856f63b38f91eb1d290b95bedc67be93bc4eb6ebc	hmf_refine.tsv	29	UNIQUE	source_log_basename
b20:hmf_refine:HMF:290:0	b20	hmf_refine	HMF	290		F	F_b20_cov95v2_HMF_refine_h135_m95_F_p5	attempt_5cfc805f8d4ea639ae45	source_log_basename	5	f23da51f599a25df9c4e63c69bc586f339876c4dd92acbd973a0aa76d303834c	hmf_refine.tsv	291	UNIQUE	source_log_basename
b20:hmf_refine:HMF:290:0	b20	hmf_refine	HMF	290		H	H_b20_cov95v2_HMF_refine_H_p135	attempt_ee8cc28fca56f91448b5	source_log_basename	135	857922433c86e6413b2fc478ba3506fec11b523868628a37005aef8a2c64d4ac	hmf_refine.tsv	291	UNIQUE	source_log_basename
b20:hmf_refine:HMF:290:0	b20	hmf_refine	HMF	290		M	M_b20_cov95v2_HMF_refine_h135_m95	attempt_c3a356f85d40e288e34b	source_log_basename	95	2bf97df18e5b1c08dc3f09ca909796aec380638b306062de2350466c0e67d647	hmf_refine.tsv	291	UNIQUE	source_log_basename
b20:hmf_refine:HMF:291:0	b20	hmf_refine	HMF	291		F				0	NA	hmf_refine.tsv	292	NOT_RUN	TARGET_BEFORE_F
b20:hmf_refine:HMF:291:0	b20	hmf_refine	HMF	291		H	H_b20_cov95v2_HMF_refine_H_p135	attempt_ee8cc28fca56f91448b5	source_log_basename	135	857922433c86e6413b2fc478ba3506fec11b523868628a37005aef8a2c64d4ac	hmf_refine.tsv	292	UNIQUE	source_log_basename
b20:hmf_refine:HMF:291:0	b20	hmf_refine	HMF	291		M	M_b20_cov95v2_HMF_refine_h135_m100	attempt_d6c67389db5f4b2dd6c3	source_log_basename	100	7d461a334a377b90ef9b8e8a8a6d27a83df8852a4c3bf79c87c5ffa6680cd606	hmf_refine.tsv	292	UNIQUE	source_log_basename
b20:hmf_refine:HMF:292:0	b20	hmf_refine	HMF	292		F	F_b20_cov95v2_HMF_refine_h140_m80_F_p10	attempt_aeb7809a84e5e2595096	source_log_basename	10	e78e436f800cbd643482ded47ce83ea09e241c62eb3edab9c6d091a9576c375e	hmf_refine.tsv	293	UNIQUE	source_log_basename
b20:hmf_refine:HMF:292:0	b20	hmf_refine	HMF	292		H	H_b20_cov95v2_HMF_refine_H_p140	attempt_f38463f3e2de75e4674b	source_log_basename	140	bff1b637f081773f4d36a1428927b6b2f1e82cd2f0d4aaee6b299fc52db34035	hmf_refine.tsv	293	UNIQUE	source_log_basename
b20:hmf_refine:HMF:292:0	b20	hmf_refine	HMF	292		M	M_b20_cov95v2_HMF_refine_h140_m80	attempt_152d0f652eab038c0c38	source_log_basename	80	0fe514c97289038f7094f93ee027343fe7500dbac30aa23e449ba1037bc73d1f	hmf_refine.tsv	293	UNIQUE	source_log_basename
b20:hmf_refine:HMF:293:0	b20	hmf_refine	HMF	293		F	F_b20_cov95v2_HMF_refine_h140_m85_F_p7	attempt_471f08e3dd87b673c091	source_log_basename	7	3b506c16a5ee10c98639d656211fb4324c6d930fc98b75228bf890457de99d83	hmf_refine.tsv	294	UNIQUE	source_log_basename
b20:hmf_refine:HMF:293:0	b20	hmf_refine	HMF	293		H	H_b20_cov95v2_HMF_refine_H_p140	attempt_f38463f3e2de75e4674b	source_log_basename	140	bff1b637f081773f4d36a1428927b6b2f1e82cd2f0d4aaee6b299fc52db34035	hmf_refine.tsv	294	UNIQUE	source_log_basename
b20:hmf_refine:HMF:293:0	b20	hmf_refine	HMF	293		M	M_b20_cov95v2_HMF_refine_h140_m85	attempt_7201e03bff7837c5fa25	source_log_basename	85	63d3a2f7bae29749e729ab8c2cd7093640099592e1c63c1dde4eb6bbde43741f	hmf_refine.tsv	294	UNIQUE	source_log_basename
b20:hmf_refine:HMF:294:0	b20	hmf_refine	HMF	294		F				0	NA	hmf_refine.tsv	295	NOT_RUN	TARGET_BEFORE_F
b20:hmf_refine:HMF:294:0	b20	hmf_refine	HMF	294		H	H_b20_cov95v2_HMF_refine_H_p140	attempt_f38463f3e2de75e4674b	source_log_basename	140	bff1b637f081773f4d36a1428927b6b2f1e82cd2f0d4aaee6b299fc52db34035	hmf_refine.tsv	295	UNIQUE	source_log_basename
b20:hmf_refine:HMF:294:0	b20	hmf_refine	HMF	294		M	M_b20_cov95v2_HMF_refine_h140_m95	attempt_4946e8c5e79725a0e423	source_log_basename	95	874b97916ee715540af9b4a494b7e6adcd18eee24401560ad227b8468a776d4d	hmf_refine.tsv	295	UNIQUE	source_log_basename
b20:hmf_refine:HMF:295:0	b20	hmf_refine	HMF	295		F				0	NA	hmf_refine.tsv	296	NOT_RUN	TARGET_BEFORE_F
b20:hmf_refine:HMF:295:0	b20	hmf_refine	HMF	295		H	H_b20_cov95v2_HMF_refine_H_p140	attempt_f38463f3e2de75e4674b	source_log_basename	140	bff1b637f081773f4d36a1428927b6b2f1e82cd2f0d4aaee6b299fc52db34035	hmf_refine.tsv	296	UNIQUE	source_log_basename
b20:hmf_refine:HMF:295:0	b20	hmf_refine	HMF	295		M	M_b20_cov95v2_HMF_refine_h140_m100	attempt_c7d0ae9617d73a41a3b5	source_log_basename	100	eaad707994c8af116def86b39ec88a6fc4e8de55d841cf8588d34b6127e02780	hmf_refine.tsv	296	UNIQUE	source_log_basename
b20:hmf_refine:HMF:296:0	b20	hmf_refine	HMF	296		F	F_b20_cov95v2_HMF_refine_h145_m80_F_p6	attempt_fd90e4f663f6945bf3f7	source_log_basename	6	eef5088550de51c13b933f453a949e3f67ffa42cfcfb93344eab9533e9dbceba	hmf_refine.tsv	297	UNIQUE	source_log_basename
b20:hmf_refine:HMF:296:0	b20	hmf_refine	HMF	296		H	H_b20_cov95v2_HMF_refine_H_p145	attempt_d9b54fd58bc875c0884a	source_log_basename	145	ef26ec39281e6386af55d3fc1e19f3d63ef975548b3de77de1b52b8c04424e8b	hmf_refine.tsv	297	UNIQUE	source_log_basename
b20:hmf_refine:HMF:296:0	b20	hmf_refine	HMF	296		M	M_b20_cov95v2_HMF_refine_h145_m80	attempt_169cfe9f43d88383a19c	source_log_basename	80	3f4c4cd0aa9a543f3b3a66e4f44dc933ac76e81d4ac3731c5c23c3144600c199	hmf_refine.tsv	297	UNIQUE	source_log_basename
b20:hmf_refine:HMF:297:0	b20	hmf_refine	HMF	297		F	F_b20_cov95v2_HMF_refine_h145_m85_F_p5	attempt_29a0ea169967ef789bde	source_log_basename	5	c7052ce1767d1158e6896bd07761e0f4f45f4270dd3ec47ed8c95469ad52ec6d	hmf_refine.tsv	298	UNIQUE	source_log_basename
b20:hmf_refine:HMF:297:0	b20	hmf_refine	HMF	297		H	H_b20_cov95v2_HMF_refine_H_p145	attempt_d9b54fd58bc875c0884a	source_log_basename	145	ef26ec39281e6386af55d3fc1e19f3d63ef975548b3de77de1b52b8c04424e8b	hmf_refine.tsv	298	UNIQUE	source_log_basename
b20:hmf_refine:HMF:297:0	b20	hmf_refine	HMF	297		M	M_b20_cov95v2_HMF_refine_h145_m85	attempt_6ac9086264e627713815	source_log_basename	85	aac56148a32b6810c9060d86a0894e73eddc0fc945dd35b4eedfe67efdfbfb93	hmf_refine.tsv	298	UNIQUE	source_log_basename
b20:hmf_refine:HMF:298:0	b20	hmf_refine	HMF	298		F	F_b20_cov95v2_HMF_refine_h145_m90_F_p1	attempt_13951f80db0253deb2d7	source_log_basename	1	1faac118bfd33e342ed48e4f1225ca6d2125bc1f5b480d392e9d8359d3394fb7	hmf_refine.tsv	299	UNIQUE	source_log_basename
b20:hmf_refine:HMF:298:0	b20	hmf_refine	HMF	298		H	H_b20_cov95v2_HMF_refine_H_p145	attempt_d9b54fd58bc875c0884a	source_log_basename	145	ef26ec39281e6386af55d3fc1e19f3d63ef975548b3de77de1b52b8c04424e8b	hmf_refine.tsv	299	UNIQUE	source_log_basename
b20:hmf_refine:HMF:298:0	b20	hmf_refine	HMF	298		M	M_b20_cov95v2_HMF_refine_h145_m90	attempt_79c366498c1bcaeecd8d	source_log_basename	90	a14061200f50f97fd943357cd19d78d6504262bed1151f210dce328c4444b263	hmf_refine.tsv	299	UNIQUE	source_log_basename
b20:hmf_refine:HMF:299:0	b20	hmf_refine	HMF	299		F	F_b20_cov95v2_HMF_refine_h145_m95_F_p1	attempt_60ea89e7921ec6bdd404	source_log_basename	1	b2b0d3be578bd527dc5f2898cf94c3e3558dc6861c7ab85cdfc9314454716f29	hmf_refine.tsv	300	UNIQUE	source_log_basename
b20:hmf_refine:HMF:299:0	b20	hmf_refine	HMF	299		H	H_b20_cov95v2_HMF_refine_H_p145	attempt_d9b54fd58bc875c0884a	source_log_basename	145	ef26ec39281e6386af55d3fc1e19f3d63ef975548b3de77de1b52b8c04424e8b	hmf_refine.tsv	300	UNIQUE	source_log_basename
b20:hmf_refine:HMF:299:0	b20	hmf_refine	HMF	299		M	M_b20_cov95v2_HMF_refine_h145_m95	attempt_42b847892f402087d051	source_log_basename	95	dbe2992477e92bc0b00d3d28231cf94b6ae1b4245f6c86f41185c8476a37e1ff	hmf_refine.tsv	300	UNIQUE	source_log_basename
b20:hmf_refine:HMF:29:0	b20	hmf_refine	HMF	29		F	F_b20_cov95v2_HMF_refine_h65_m128_F_p2	attempt_d91153f3a5a0ddd7351b	source_log_basename	2	157a2daa853605674d3031ac1a460b162b8c2177cc8a2c7d259866888ad6837c	hmf_refine.tsv	30	UNIQUE	source_log_basename
b20:hmf_refine:HMF:29:0	b20	hmf_refine	HMF	29		H	H_b20_cov95v2_HMF_refine_H_p65	attempt_336b6b99f3d8aa758fde	source_log_basename	65	9e7e88b145d401a2c17046fae6a4974ab5ef8b30d7445a210cf2d2ed62253d6a	hmf_refine.tsv	30	UNIQUE	source_log_basename
b20:hmf_refine:HMF:29:0	b20	hmf_refine	HMF	29		M	M_b20_cov95v2_HMF_refine_h65_m128	attempt_75bb7565e805d95ba898	source_log_basename	128	df829df59bff46308fcadf2e52f1127d086eb1b45cbc5e35d40767985af43e71	hmf_refine.tsv	30	UNIQUE	source_log_basename
b20:hmf_refine:HMF:2:0	b20	hmf_refine	HMF	2		F	F_b20_cov95v2_HMF_refine_h40_m141_F_p3	attempt_4ed3e28da40d30235343	source_log_basename	3	f7e79454db7da492b4a6711cdbda5d153293b79c6bb4b423a1d66f6a51945b51	hmf_refine.tsv	3	UNIQUE	source_log_basename
b20:hmf_refine:HMF:2:0	b20	hmf_refine	HMF	2		H	H_b20_cov95v2_HMF_refine_H_p40	attempt_2dc905ecc0125b75c80b	source_log_basename	40	eb2795dabafd038320b3ba057131d431a9f30ea9efa787eb5ace14e0f0831ca0	hmf_refine.tsv	3	UNIQUE	source_log_basename
b20:hmf_refine:HMF:2:0	b20	hmf_refine	HMF	2		M	M_b20_cov95v2_HMF_refine_h40_m141	attempt_57ff5746d36d2d66bb29	source_log_basename	141	93a835fd0e37e1729650a8c6399c7154399067356b36816bd850588799b56f1e	hmf_refine.tsv	3	UNIQUE	source_log_basename
b20:hmf_refine:HMF:300:0	b20	hmf_refine	HMF	300		F				0	NA	hmf_refine.tsv	301	NOT_RUN	TARGET_BEFORE_F
b20:hmf_refine:HMF:300:0	b20	hmf_refine	HMF	300		H	H_b20_cov95v2_HMF_refine_H_p145	attempt_d9b54fd58bc875c0884a	source_log_basename	145	ef26ec39281e6386af55d3fc1e19f3d63ef975548b3de77de1b52b8c04424e8b	hmf_refine.tsv	301	UNIQUE	source_log_basename
b20:hmf_refine:HMF:300:0	b20	hmf_refine	HMF	300		M	M_b20_cov95v2_HMF_refine_h145_m100	attempt_18cfcf96728e3c2e70f8	source_log_basename	100	9474fc42b9fb84a20409a88e3426f54c3d7dbbe179292f619cd0bc81ddf58c37	hmf_refine.tsv	301	UNIQUE	source_log_basename
b20:hmf_refine:HMF:301:0	b20	hmf_refine	HMF	301		F	F_b20_cov95v2_HMF_refine_h150_m80_F_p10	attempt_0af3d5de2a408858ffc5	source_log_basename	10	4bb92e07c687ad608bae4042785c13096cfb9a341a5e6860544f246576440faa	hmf_refine.tsv	302	UNIQUE	source_log_basename
b20:hmf_refine:HMF:301:0	b20	hmf_refine	HMF	301		H	H_b20_cov95v2_HMF_refine_H_p150	attempt_3a991e471061e8476608	source_log_basename	150	fc337c1c4d29b2a05a25054a2493d6372e1df07147448e3d50258a00008ceaff	hmf_refine.tsv	302	UNIQUE	source_log_basename
b20:hmf_refine:HMF:301:0	b20	hmf_refine	HMF	301		M	M_b20_cov95v2_HMF_refine_h150_m80	attempt_ba6703575f24cecc1e65	source_log_basename	80	26c82fa9cd8f826b5cbeeef9ae1a37090f766a6d233d29443c21656783333fdf	hmf_refine.tsv	302	UNIQUE	source_log_basename
b20:hmf_refine:HMF:302:0	b20	hmf_refine	HMF	302		F	F_b20_cov95v2_HMF_refine_h150_m85_F_p9	attempt_5efe320b60e42f38c837	source_log_basename	9	91fbe246c127de0434bfb8c23d3add039838d585fa5d0a87665a514e345fe9db	hmf_refine.tsv	303	UNIQUE	source_log_basename
b20:hmf_refine:HMF:302:0	b20	hmf_refine	HMF	302		H	H_b20_cov95v2_HMF_refine_H_p150	attempt_3a991e471061e8476608	source_log_basename	150	fc337c1c4d29b2a05a25054a2493d6372e1df07147448e3d50258a00008ceaff	hmf_refine.tsv	303	UNIQUE	source_log_basename
b20:hmf_refine:HMF:302:0	b20	hmf_refine	HMF	302		M	M_b20_cov95v2_HMF_refine_h150_m85	attempt_6b0b993528056870e613	source_log_basename	85	55bf705034a5633879773bb1a275494c7c953f1654faa198604433b838c17979	hmf_refine.tsv	303	UNIQUE	source_log_basename
b20:hmf_refine:HMF:303:0	b20	hmf_refine	HMF	303		F	F_b20_cov95v2_HMF_refine_h150_m90_F_p2	attempt_f096baa30fce9bc7a216	source_log_basename	2	571a060e63bf82c943504b4f41e6f6198adc5583f689ae2d3a5ecdff0a1f461d	hmf_refine.tsv	304	UNIQUE	source_log_basename
b20:hmf_refine:HMF:303:0	b20	hmf_refine	HMF	303		H	H_b20_cov95v2_HMF_refine_H_p150	attempt_3a991e471061e8476608	source_log_basename	150	fc337c1c4d29b2a05a25054a2493d6372e1df07147448e3d50258a00008ceaff	hmf_refine.tsv	304	UNIQUE	source_log_basename
b20:hmf_refine:HMF:303:0	b20	hmf_refine	HMF	303		M	M_b20_cov95v2_HMF_refine_h150_m90	attempt_5fa8e6781ba7a274985b	source_log_basename	90	c8001bfb4a84f5cceeb77a0ce796db2922555aa947249da246cb9d91568c8e3e	hmf_refine.tsv	304	UNIQUE	source_log_basename
b20:hmf_refine:HMF:304:0	b20	hmf_refine	HMF	304		F				0	NA	hmf_refine.tsv	305	NOT_RUN	TARGET_BEFORE_F
b20:hmf_refine:HMF:304:0	b20	hmf_refine	HMF	304		H	H_b20_cov95v2_HMF_refine_H_p150	attempt_3a991e471061e8476608	source_log_basename	150	fc337c1c4d29b2a05a25054a2493d6372e1df07147448e3d50258a00008ceaff	hmf_refine.tsv	305	UNIQUE	source_log_basename
b20:hmf_refine:HMF:304:0	b20	hmf_refine	HMF	304		M	M_b20_cov95v2_HMF_refine_h150_m95	attempt_dc16909d6eccc7f61a4a	source_log_basename	95	ed7a14a70ed8fa484ab00e47bc35b99e82bd4d5d16723d10e28b1248178a1b9f	hmf_refine.tsv	305	UNIQUE	source_log_basename
b20:hmf_refine:HMF:305:0	b20	hmf_refine	HMF	305		F				0	NA	hmf_refine.tsv	306	NOT_RUN	TARGET_BEFORE_F
b20:hmf_refine:HMF:305:0	b20	hmf_refine	HMF	305		H	H_b20_cov95v2_HMF_refine_H_p150	attempt_3a991e471061e8476608	source_log_basename	150	fc337c1c4d29b2a05a25054a2493d6372e1df07147448e3d50258a00008ceaff	hmf_refine.tsv	306	UNIQUE	source_log_basename
b20:hmf_refine:HMF:305:0	b20	hmf_refine	HMF	305		M	M_b20_cov95v2_HMF_refine_h150_m100	attempt_c8fc778c604722c2f89e	source_log_basename	100	88fc587ad26420230fdcf31de12b92264da440d9d488ce77e4f4ae45352cbdc0	hmf_refine.tsv	306	UNIQUE	source_log_basename
b20:hmf_refine:HMF:306:0	b20	hmf_refine	HMF	306		F	F_b20_cov95v2_HMF_refine_h119_m55_F_p46	attempt_29a83ba1e59091ec5819	source_log_basename	46	45e5060ec67295ac11b5fdcd19fbbe7d3d0fbdc19b46ad29db54984b505ffe7f	hmf_refine.tsv	307	UNIQUE	source_log_basename
b20:hmf_refine:HMF:306:0	b20	hmf_refine	HMF	306		H	H_b20_cov95v2_HMF_refine_H_p119	attempt_d5fee4ce8f8d670bdffd	source_log_basename	119	68710af2b26ea3263e8004796be654d8d538a1e83bc58e4e567a5a27f5ee0e81	hmf_refine.tsv	307	UNIQUE	source_log_basename
b20:hmf_refine:HMF:306:0	b20	hmf_refine	HMF	306		M	M_b20_cov95v2_HMF_refine_h119_m55	attempt_30e84617e30cfd594f5b	source_log_basename	55	f85f6c45c0019e35ac164b4bd9fd8c0a615c3d841217a4f7393214881a1d14aa	hmf_refine.tsv	307	UNIQUE	source_log_basename
b20:hmf_refine:HMF:307:0	b20	hmf_refine	HMF	307		F	F_b20_cov95v2_HMF_refine_h119_m80_F_p21	attempt_637e4b300b80ad9d81a9	source_log_basename	21	8f8c0b2c5a3f2f94a3b9f332cac82d2ba5753d12ba11de51295f614736b37d7a	hmf_refine.tsv	308	UNIQUE	source_log_basename
b20:hmf_refine:HMF:307:0	b20	hmf_refine	HMF	307		H	H_b20_cov95v2_HMF_refine_H_p119	attempt_d5fee4ce8f8d670bdffd	source_log_basename	119	68710af2b26ea3263e8004796be654d8d538a1e83bc58e4e567a5a27f5ee0e81	hmf_refine.tsv	308	UNIQUE	source_log_basename
b20:hmf_refine:HMF:307:0	b20	hmf_refine	HMF	307		M	M_b20_cov95v2_HMF_refine_h119_m80	attempt_c3008e8945c6f241b3a3	source_log_basename	80	fbcd33ed430599d33b2b4676f8aa1b0f27c5d65b8293c6a9d0f9e0676054209b	hmf_refine.tsv	308	UNIQUE	source_log_basename
b20:hmf_refine:HMF:308:0	b20	hmf_refine	HMF	308		F	F_b20_cov95v2_HMF_refine_h119_m105_F_p1	attempt_bb594f3ab20053336453	source_log_basename	1	51d8ab70c7ae8f122098e2e5db16cd26ec4b64d4d3c14566a4e3f5bc6ae950d0	hmf_refine.tsv	309	UNIQUE	source_log_basename
b20:hmf_refine:HMF:308:0	b20	hmf_refine	HMF	308		H	H_b20_cov95v2_HMF_refine_H_p119	attempt_d5fee4ce8f8d670bdffd	source_log_basename	119	68710af2b26ea3263e8004796be654d8d538a1e83bc58e4e567a5a27f5ee0e81	hmf_refine.tsv	309	UNIQUE	source_log_basename
b20:hmf_refine:HMF:308:0	b20	hmf_refine	HMF	308		M	M_b20_cov95v2_HMF_refine_h119_m105	attempt_321fe1931a2d5314ec0e	source_log_basename	105	1ca872748b1e8b4b7e5ab37e5b31c4d2b286cb3f7126465af1ab46171c4f8e44	hmf_refine.tsv	309	UNIQUE	source_log_basename
b20:hmf_refine:HMF:309:0	b20	hmf_refine	HMF	309		F	F_b20_cov95v2_HMF_refine_h159_m55_F_p28	attempt_e83463139aa6a186e6a3	source_log_basename	28	1d0b6e548b233adbabeabc34205da0b0889d5999b3fc78606b5f31c5eaf7d6b4	hmf_refine.tsv	310	UNIQUE	source_log_basename
b20:hmf_refine:HMF:309:0	b20	hmf_refine	HMF	309		H	H_b20_cov95v2_HMF_refine_H_p159	attempt_bfda4c3c4d034632a22f	source_log_basename	159	77f188be05c1e606c04e911b11eeb801e8fe2f8489529aa30701832d9ce79b72	hmf_refine.tsv	310	UNIQUE	source_log_basename
b20:hmf_refine:HMF:309:0	b20	hmf_refine	HMF	309		M	M_b20_cov95v2_HMF_refine_h159_m55	attempt_157d6ea0c056850b5696	source_log_basename	55	9defb0d50152b2d5370be300644087c84f1ce6d1cc4f45ff8226ec444a1ba95b	hmf_refine.tsv	310	UNIQUE	source_log_basename
b20:hmf_refine:HMF:30:0	b20	hmf_refine	HMF	30		F	F_b20_cov95v2_HMF_refine_h65_m132_F_p1	attempt_a5b3807145e9424d5fe1	source_log_basename	1	0f10a3ed7a26ce12d7a08c4b8ce0b6777353dc60e7ea1d31ee008d73d8a1550b	hmf_refine.tsv	31	UNIQUE	source_log_basename
b20:hmf_refine:HMF:30:0	b20	hmf_refine	HMF	30		H	H_b20_cov95v2_HMF_refine_H_p65	attempt_336b6b99f3d8aa758fde	source_log_basename	65	9e7e88b145d401a2c17046fae6a4974ab5ef8b30d7445a210cf2d2ed62253d6a	hmf_refine.tsv	31	UNIQUE	source_log_basename
b20:hmf_refine:HMF:30:0	b20	hmf_refine	HMF	30		M	M_b20_cov95v2_HMF_refine_h65_m132	attempt_39f94dacf9852aa58ec0	source_log_basename	132	827e1982ba8ba7f3122e26949baf3223384b72d467cf1387820a9d463dd5fc08	hmf_refine.tsv	31	UNIQUE	source_log_basename
b20:hmf_refine:HMF:310:0	b20	hmf_refine	HMF	310		F	F_b20_cov95v2_HMF_refine_h159_m80_F_p8	attempt_b0d2a924159972a29cd4	source_log_basename	8	6a7e477b66cf861dcf6f508f6a5d14c4a3c09681ecd79dbcc3c75c9e7baa0ec4	hmf_refine.tsv	311	UNIQUE	source_log_basename
b20:hmf_refine:HMF:310:0	b20	hmf_refine	HMF	310		H	H_b20_cov95v2_HMF_refine_H_p159	attempt_bfda4c3c4d034632a22f	source_log_basename	159	77f188be05c1e606c04e911b11eeb801e8fe2f8489529aa30701832d9ce79b72	hmf_refine.tsv	311	UNIQUE	source_log_basename
b20:hmf_refine:HMF:310:0	b20	hmf_refine	HMF	310		M	M_b20_cov95v2_HMF_refine_h159_m80	attempt_603c184258885c513f87	source_log_basename	80	21bb2d41836738e2aaef566277e11d7193ffe639bb47893e27b28181d506d4b6	hmf_refine.tsv	311	UNIQUE	source_log_basename
b20:hmf_refine:HMF:311:0	b20	hmf_refine	HMF	311		F				0	NA	hmf_refine.tsv	312	NOT_RUN	TARGET_BEFORE_F
b20:hmf_refine:HMF:311:0	b20	hmf_refine	HMF	311		H	H_b20_cov95v2_HMF_refine_H_p159	attempt_bfda4c3c4d034632a22f	source_log_basename	159	77f188be05c1e606c04e911b11eeb801e8fe2f8489529aa30701832d9ce79b72	hmf_refine.tsv	312	UNIQUE	source_log_basename
b20:hmf_refine:HMF:311:0	b20	hmf_refine	HMF	311		M	M_b20_cov95v2_HMF_refine_h159_m105	attempt_7c2c505227867351b37d	source_log_basename	105	3f55f0fbb6dba8063eca7c44727ba0ff2d96192368d73877944970d1001cf802	hmf_refine.tsv	312	UNIQUE	source_log_basename
b20:hmf_refine:HMF:312:0	b20	hmf_refine	HMF	312		F	F_b20_cov95v2_HMF_refine_h199_m55_F_p12	attempt_d5bf00b0f5ef710897fd	source_log_basename	12	cac54b2a7a8a33a3e42dbb91ac211d0590cfabac253280ccafc2d7e31cb5981a	hmf_refine.tsv	313	UNIQUE	source_log_basename
b20:hmf_refine:HMF:312:0	b20	hmf_refine	HMF	312		H	H_b20_cov95v2_HMF_refine_H_p199	attempt_51b8bcd702d88c51071d	source_log_basename	199	61b6b37223b6941a3f03dc5227205bfd2c7a4b270f46326bc06a496afa38de17	hmf_refine.tsv	313	UNIQUE	source_log_basename
b20:hmf_refine:HMF:312:0	b20	hmf_refine	HMF	312		M	M_b20_cov95v2_HMF_refine_h199_m55	attempt_ad17e97645d8d4738b3f	source_log_basename	55	528d6165bb8b197bd923b28d385118831923b9689e6c9198ea06f04491b07a7a	hmf_refine.tsv	313	UNIQUE	source_log_basename
b20:hmf_refine:HMF:313:0	b20	hmf_refine	HMF	313		F				0	NA	hmf_refine.tsv	314	NOT_RUN	TARGET_BEFORE_F
b20:hmf_refine:HMF:313:0	b20	hmf_refine	HMF	313		H	H_b20_cov95v2_HMF_refine_H_p199	attempt_51b8bcd702d88c51071d	source_log_basename	199	61b6b37223b6941a3f03dc5227205bfd2c7a4b270f46326bc06a496afa38de17	hmf_refine.tsv	314	UNIQUE	source_log_basename
b20:hmf_refine:HMF:313:0	b20	hmf_refine	HMF	313		M	M_b20_cov95v2_HMF_refine_h199_m80	attempt_1ecc267e9214cb2e7e27	source_log_basename	80	ff787c53b8252694386ab29ecf5e2a3bce39ecfab3c112abbd50ae70a476b77e	hmf_refine.tsv	314	UNIQUE	source_log_basename
b20:hmf_refine:HMF:314:0	b20	hmf_refine	HMF	314		F				0	NA	hmf_refine.tsv	315	NOT_RUN	TARGET_BEFORE_F
b20:hmf_refine:HMF:314:0	b20	hmf_refine	HMF	314		H	H_b20_cov95v2_HMF_refine_H_p199	attempt_51b8bcd702d88c51071d	source_log_basename	199	61b6b37223b6941a3f03dc5227205bfd2c7a4b270f46326bc06a496afa38de17	hmf_refine.tsv	315	UNIQUE	source_log_basename
b20:hmf_refine:HMF:314:0	b20	hmf_refine	HMF	314		M	M_b20_cov95v2_HMF_refine_h199_m105	attempt_58527a2b0162964d890c	source_log_basename	105	136c87bfd96f60e4686ddee36aa89c0c2916ed244e1ef89cd17b1c68cef38b16	hmf_refine.tsv	315	UNIQUE	source_log_basename
b20:hmf_refine:HMF:315:0	b20	hmf_refine	HMF	315		F	F_b20_cov95v2_HMF_refine_h99_m92_F_p12	attempt_b8a54da0c0a1185b0ec6	source_log_basename	12	003baa0feda4d32bff25aeed107bd1e4e62095c86f7637b01baa8d73fb599c21	hmf_refine.tsv	316	UNIQUE	source_log_basename
b20:hmf_refine:HMF:315:0	b20	hmf_refine	HMF	315		H	H_b20_cov95v2_HMF_refine_H_p99	attempt_da24166e41ab698e44a6	source_log_basename	99	c7659ca49252596d46172a60abbc60f42444c4863bcb66608270823826cd57f8	hmf_refine.tsv	316	UNIQUE	source_log_basename
b20:hmf_refine:HMF:315:0	b20	hmf_refine	HMF	315		M	M_b20_cov95v2_HMF_refine_h99_m92	attempt_059833663cc4364d3f00	source_log_basename	92	30fbeac502927fcbb3da64768d201d840de2460d3b42e1ad650f4e0b514b5af1	hmf_refine.tsv	316	UNIQUE	source_log_basename
b20:hmf_refine:HMF:316:0	b20	hmf_refine	HMF	316		F				0	NA	hmf_refine.tsv	317	NOT_RUN	TARGET_BEFORE_F
b20:hmf_refine:HMF:316:0	b20	hmf_refine	HMF	316		H	H_b20_cov95v2_HMF_refine_H_p99	attempt_da24166e41ab698e44a6	source_log_basename	99	c7659ca49252596d46172a60abbc60f42444c4863bcb66608270823826cd57f8	hmf_refine.tsv	317	UNIQUE	source_log_basename
b20:hmf_refine:HMF:316:0	b20	hmf_refine	HMF	316		M	M_b20_cov95v2_HMF_refine_h99_m118	attempt_957172c040f3d781fb8c	source_log_basename	118	0d16dceb0f14187912fd4618e74cdd98f4f6095b5d16e43dd0873a4d8116c829	hmf_refine.tsv	317	UNIQUE	source_log_basename
b20:hmf_refine:HMF:317:0	b20	hmf_refine	HMF	317		F	F_b20_cov95v2_HMF_refine_h119_m92_F_p8	attempt_e1029c2f71555e70bba4	source_log_basename	8	702292ca8d32711b0fe04dfaec70fd9a4a956c7c97270157f3b3c5ac86df31b8	hmf_refine.tsv	318	UNIQUE	source_log_basename
b20:hmf_refine:HMF:317:0	b20	hmf_refine	HMF	317		H	H_b20_cov95v2_HMF_refine_H_p119	attempt_d5fee4ce8f8d670bdffd	source_log_basename	119	68710af2b26ea3263e8004796be654d8d538a1e83bc58e4e567a5a27f5ee0e81	hmf_refine.tsv	318	UNIQUE	source_log_basename
b20:hmf_refine:HMF:317:0	b20	hmf_refine	HMF	317		M	M_b20_cov95v2_HMF_refine_h119_m92	attempt_9af6b30b1705ab630a8e	source_log_basename	92	b7c160d78515571d9599c39c4c7a68464f3487fa4a33522c63b8117a47efc203	hmf_refine.tsv	318	UNIQUE	source_log_basename
b20:hmf_refine:HMF:318:0	b20	hmf_refine	HMF	318		F				0	NA	hmf_refine.tsv	319	NOT_RUN	TARGET_BEFORE_F
b20:hmf_refine:HMF:318:0	b20	hmf_refine	HMF	318		H	H_b20_cov95v2_HMF_refine_H_p119	attempt_d5fee4ce8f8d670bdffd	source_log_basename	119	68710af2b26ea3263e8004796be654d8d538a1e83bc58e4e567a5a27f5ee0e81	hmf_refine.tsv	319	UNIQUE	source_log_basename
b20:hmf_refine:HMF:318:0	b20	hmf_refine	HMF	318		M	M_b20_cov95v2_HMF_refine_h119_m118	attempt_dd88b726fb486499bba6	source_log_basename	118	f624de9682af776b20932b615cd88d6126e5b37a234d82f4ec76c64552ec4113	hmf_refine.tsv	319	UNIQUE	source_log_basename
b20:hmf_refine:HMF:319:0	b20	hmf_refine	HMF	319		F	F_b20_cov95v2_HMF_refine_h139_m92_F_p3	attempt_b9eba3d1c33890975302	source_log_basename	3	7dbaaca5e9456a84507c9ce98a42cdd570560478443959d2e699de3a7eacadbb	hmf_refine.tsv	320	UNIQUE	source_log_basename
b20:hmf_refine:HMF:319:0	b20	hmf_refine	HMF	319		H	H_b20_cov95v2_HMF_refine_H_p139	attempt_7cc91f033361569e5c2d	source_log_basename	139	31c209015622326b230ca83e48dff3992b9dabf9beb9ee336fc684d035b3b45f	hmf_refine.tsv	320	UNIQUE	source_log_basename
b20:hmf_refine:HMF:319:0	b20	hmf_refine	HMF	319		M	M_b20_cov95v2_HMF_refine_h139_m92	attempt_68e611d94bb37f242333	source_log_basename	92	84fb00207f95f7e237a7879881d184d5b7d3b4342df777da9c915803c5aa57a9	hmf_refine.tsv	320	UNIQUE	source_log_basename
b20:hmf_refine:HMF:31:0	b20	hmf_refine	HMF	31		F	F_b20_cov95v2_HMF_refine_h52_m122_F_p10	attempt_8b8545944fe11e63523b	source_log_basename	10	dd0d7aedfb22a03c631525a897195ceb791ed01bfbf5a894f30a1c68f46eb771	hmf_refine.tsv	32	UNIQUE	source_log_basename
b20:hmf_refine:HMF:31:0	b20	hmf_refine	HMF	31		H	H_b20_cov95v2_HMF_refine_H_p52	attempt_ae47b09b36a2af7179fb	source_log_basename	52	0391481ac84ae496afde3b7a5d4b86415015f2cea2cb85a6f5ff56787a349c81	hmf_refine.tsv	32	UNIQUE	source_log_basename
b20:hmf_refine:HMF:31:0	b20	hmf_refine	HMF	31		M	M_b20_cov95v2_HMF_refine_h52_m122	attempt_3ab66eac6faa6a33f5b0	source_log_basename	122	5881d6d668c949abc9307180c383bd31f0dd0a9eab25af18f1438f8ca7d2b5e7	hmf_refine.tsv	32	UNIQUE	source_log_basename
b20:hmf_refine:HMF:320:0	b20	hmf_refine	HMF	320		F				0	NA	hmf_refine.tsv	321	NOT_RUN	TARGET_BEFORE_F
b20:hmf_refine:HMF:320:0	b20	hmf_refine	HMF	320		H	H_b20_cov95v2_HMF_refine_H_p139	attempt_7cc91f033361569e5c2d	source_log_basename	139	31c209015622326b230ca83e48dff3992b9dabf9beb9ee336fc684d035b3b45f	hmf_refine.tsv	321	UNIQUE	source_log_basename
b20:hmf_refine:HMF:320:0	b20	hmf_refine	HMF	320		M	M_b20_cov95v2_HMF_refine_h139_m105	attempt_9f3f7bc40d8801a6e0b0	source_log_basename	105	c3ef91f5bfeb25f331b35f653439fe902b5b9ad5f25bcf1cf4cf15296d8afcc9	hmf_refine.tsv	321	UNIQUE	source_log_basename
b20:hmf_refine:HMF:321:0	b20	hmf_refine	HMF	321		F				0	NA	hmf_refine.tsv	322	NOT_RUN	TARGET_BEFORE_F
b20:hmf_refine:HMF:321:0	b20	hmf_refine	HMF	321		H	H_b20_cov95v2_HMF_refine_H_p139	attempt_7cc91f033361569e5c2d	source_log_basename	139	31c209015622326b230ca83e48dff3992b9dabf9beb9ee336fc684d035b3b45f	hmf_refine.tsv	322	UNIQUE	source_log_basename
b20:hmf_refine:HMF:321:0	b20	hmf_refine	HMF	321		M	M_b20_cov95v2_HMF_refine_h139_m118	attempt_3b5eafb76a79b9b093f5	source_log_basename	118	cc74a480fc9151796a48ff1e92a455305ed6ddd7e5ba8dc9e6761f403a95fda9	hmf_refine.tsv	322	UNIQUE	source_log_basename
b20:hmf_refine:HMF:322:0	b20	hmf_refine	HMF	322		F				0	NA	hmf_refine.tsv	323	NOT_RUN	TARGET_BEFORE_F
b20:hmf_refine:HMF:322:0	b20	hmf_refine	HMF	322		H	H_b20_cov95v2_HMF_refine_H_p89	attempt_22003e5e6a7c5b02a671	source_log_basename	89	60034b86c9c0d0f9149a2e854b28a3f23ed7600f5c4efceb00a2f9bc86e57c86	hmf_refine.tsv	323	UNIQUE	source_log_basename
b20:hmf_refine:HMF:322:0	b20	hmf_refine	HMF	322		M	M_b20_cov95v2_HMF_refine_h89_m112	attempt_6107f59c2e9993ae4f3c	source_log_basename	112	9ded7eacf12b9a4b0175a873844e176fb0bac8279c37d3deb4504816e781f362	hmf_refine.tsv	323	UNIQUE	source_log_basename
b20:hmf_refine:HMF:323:0	b20	hmf_refine	HMF	323		F	F_b20_cov95v2_HMF_refine_h99_m98_F_p5	attempt_6cee10ff179a1ad2b8f4	source_log_basename	5	738d952aefa5c0d9240bd89cd4c112465d5e00fe83aabcb80cb5ea2a6ace129d	hmf_refine.tsv	324	UNIQUE	source_log_basename
b20:hmf_refine:HMF:323:0	b20	hmf_refine	HMF	323		H	H_b20_cov95v2_HMF_refine_H_p99	attempt_da24166e41ab698e44a6	source_log_basename	99	c7659ca49252596d46172a60abbc60f42444c4863bcb66608270823826cd57f8	hmf_refine.tsv	324	UNIQUE	source_log_basename
b20:hmf_refine:HMF:323:0	b20	hmf_refine	HMF	323		M	M_b20_cov95v2_HMF_refine_h99_m98	attempt_f83c9c18121f2490f85e	source_log_basename	98	58f3eedfa7aca08cf26d2d0f1ac99b32d68fe30026d04b02520d9b3743e75aea	hmf_refine.tsv	324	UNIQUE	source_log_basename
b20:hmf_refine:HMF:324:0	b20	hmf_refine	HMF	324		F	F_b20_cov95v2_HMF_refine_h99_m112_F_p1	attempt_9d81bcc9cba8fb44eea3	source_log_basename	1	0f0034dba4a9c4fda7e10d6454a6a1ce70142559032ed6057407438e477df846	hmf_refine.tsv	325	UNIQUE	source_log_basename
b20:hmf_refine:HMF:324:0	b20	hmf_refine	HMF	324		H	H_b20_cov95v2_HMF_refine_H_p99	attempt_da24166e41ab698e44a6	source_log_basename	99	c7659ca49252596d46172a60abbc60f42444c4863bcb66608270823826cd57f8	hmf_refine.tsv	325	UNIQUE	source_log_basename
b20:hmf_refine:HMF:324:0	b20	hmf_refine	HMF	324		M	M_b20_cov95v2_HMF_refine_h99_m112	attempt_f5441f2f4a5c24557c45	source_log_basename	112	0beb53c2b6ed1d8b2c91412796b1dda22c5addd9307b9a77b36f01ff1bd4129c	hmf_refine.tsv	325	UNIQUE	source_log_basename
b20:hmf_refine:HMF:325:0	b20	hmf_refine	HMF	325		F	F_b20_cov95v2_HMF_refine_h109_m98_F_p3	attempt_a4312899acb0a31fc957	source_log_basename	3	3cd5652e147bea2ae4ad1800fc9ca389e9deab94f08c8e64f26c8531b74c987c	hmf_refine.tsv	326	UNIQUE	source_log_basename
b20:hmf_refine:HMF:325:0	b20	hmf_refine	HMF	325		H	H_b20_cov95v2_HMF_refine_H_p109	attempt_ba0c86101715ff4cb248	source_log_basename	109	45aabdb0184924bed60f65b6f169d8439d864ff4ff784015a8e8a80e4fdb459b	hmf_refine.tsv	326	UNIQUE	source_log_basename
b20:hmf_refine:HMF:325:0	b20	hmf_refine	HMF	325		M	M_b20_cov95v2_HMF_refine_h109_m98	attempt_1d015a21c545bf6ecd22	source_log_basename	98	8d933aeb51cc33a124aa23f2ba5235d681565c5c8441c09bb8784603ec28c5bf	hmf_refine.tsv	326	UNIQUE	source_log_basename
b20:hmf_refine:HMF:326:0	b20	hmf_refine	HMF	326		F				0	NA	hmf_refine.tsv	327	NOT_RUN	TARGET_BEFORE_F
b20:hmf_refine:HMF:326:0	b20	hmf_refine	HMF	326		H	H_b20_cov95v2_HMF_refine_H_p109	attempt_ba0c86101715ff4cb248	source_log_basename	109	45aabdb0184924bed60f65b6f169d8439d864ff4ff784015a8e8a80e4fdb459b	hmf_refine.tsv	327	UNIQUE	source_log_basename
b20:hmf_refine:HMF:326:0	b20	hmf_refine	HMF	326		M	M_b20_cov95v2_HMF_refine_h109_m105	attempt_3bb8fcd653565e64147f	source_log_basename	105	d745b34f51233c42fce05e95858b9d63820d7a51ccb241a45331c4a7906cce08	hmf_refine.tsv	327	UNIQUE	source_log_basename
b20:hmf_refine:HMF:327:0	b20	hmf_refine	HMF	327		F				0	NA	hmf_refine.tsv	328	NOT_RUN	TARGET_BEFORE_F
b20:hmf_refine:HMF:327:0	b20	hmf_refine	HMF	327		H	H_b20_cov95v2_HMF_refine_H_p109	attempt_ba0c86101715ff4cb248	source_log_basename	109	45aabdb0184924bed60f65b6f169d8439d864ff4ff784015a8e8a80e4fdb459b	hmf_refine.tsv	328	UNIQUE	source_log_basename
b20:hmf_refine:HMF:327:0	b20	hmf_refine	HMF	327		M	M_b20_cov95v2_HMF_refine_h109_m112	attempt_969616481a65dbda717e	source_log_basename	112	48e0d2fbd20a8408df44695ea6ac4066efc902ec177c05eb66aed812deedb645	hmf_refine.tsv	328	UNIQUE	source_log_basename
b20:hmf_refine:HMF:328:0	b20	hmf_refine	HMF	328		F	F_b20_cov95v2_HMF_refine_h84_m94_F_p12	attempt_13e8bdcd3dae09d16c46	source_log_basename	12	47c527afe95069f61eb597c28b636610ade0074549c9b8715a3342888375a6ac	hmf_refine.tsv	329	UNIQUE	source_log_basename
b20:hmf_refine:HMF:328:0	b20	hmf_refine	HMF	328		H	H_b20_cov95v2_HMF_refine_H_p84	attempt_a8fe9c387f1a41a9a1de	source_log_basename	84	7f3ed3c9ccff97ad2aec82db448cf0c2acc3dc6b70e38759cb8d4b1b3760185f	hmf_refine.tsv	329	UNIQUE	source_log_basename
b20:hmf_refine:HMF:328:0	b20	hmf_refine	HMF	328		M	M_b20_cov95v2_HMF_refine_h84_m94	attempt_e1c678ab257fda2b1c47	source_log_basename	94	9bad55d33569f0e59eb18adacc3f4afb417d605223f576d4e923c77ffc99f4cf	hmf_refine.tsv	329	UNIQUE	source_log_basename
b20:hmf_refine:HMF:329:0	b20	hmf_refine	HMF	329		F	F_b20_cov95v2_HMF_refine_h84_m98_F_p14	attempt_07911a0c5bdc7d6650f5	source_log_basename	14	04dde6d5117ba6415572cb30c1167be4562c97e990d1197233eb42167eb6c167	hmf_refine.tsv	330	UNIQUE	source_log_basename
b20:hmf_refine:HMF:329:0	b20	hmf_refine	HMF	329		H	H_b20_cov95v2_HMF_refine_H_p84	attempt_a8fe9c387f1a41a9a1de	source_log_basename	84	7f3ed3c9ccff97ad2aec82db448cf0c2acc3dc6b70e38759cb8d4b1b3760185f	hmf_refine.tsv	330	UNIQUE	source_log_basename
b20:hmf_refine:HMF:329:0	b20	hmf_refine	HMF	329		M	M_b20_cov95v2_HMF_refine_h84_m98	attempt_4a8f9a551f92fa5f380e	source_log_basename	98	e3127bc0af82a01f60b2dced222b219f16ffe85f1f16c04cff7ed94572927c36	hmf_refine.tsv	330	UNIQUE	source_log_basename
b20:hmf_refine:HMF:32:0	b20	hmf_refine	HMF	32		F	F_b20_cov95v2_HMF_refine_h52_m124_F_p9	attempt_96c07eebbddd7fdb49e7	source_log_basename	9	1ba947ed1350edc85d037581d0264c612a7b6437989d64393eda335750cd4041	hmf_refine.tsv	33	UNIQUE	source_log_basename
b20:hmf_refine:HMF:32:0	b20	hmf_refine	HMF	32		H	H_b20_cov95v2_HMF_refine_H_p52	attempt_ae47b09b36a2af7179fb	source_log_basename	52	0391481ac84ae496afde3b7a5d4b86415015f2cea2cb85a6f5ff56787a349c81	hmf_refine.tsv	33	UNIQUE	source_log_basename
b20:hmf_refine:HMF:32:0	b20	hmf_refine	HMF	32		M	M_b20_cov95v2_HMF_refine_h52_m124	attempt_dfff0aa9c92c0511dd1a	source_log_basename	124	5d8c73fe4083b9945922edb056cec93476fafbc0d64cae3b3400cf0d0f9702f9	hmf_refine.tsv	33	UNIQUE	source_log_basename
b20:hmf_refine:HMF:330:0	b20	hmf_refine	HMF	330		F	F_b20_cov95v2_HMF_refine_h84_m102_F_p8	attempt_04660979b4c09157995f	source_log_basename	8	d48a6ef28ad89c2ab76278c4b0c1ada5eaa0a6df0be2def49111fc2eb2213873	hmf_refine.tsv	331	UNIQUE	source_log_basename
b20:hmf_refine:HMF:330:0	b20	hmf_refine	HMF	330		H	H_b20_cov95v2_HMF_refine_H_p84	attempt_a8fe9c387f1a41a9a1de	source_log_basename	84	7f3ed3c9ccff97ad2aec82db448cf0c2acc3dc6b70e38759cb8d4b1b3760185f	hmf_refine.tsv	331	UNIQUE	source_log_basename
b20:hmf_refine:HMF:330:0	b20	hmf_refine	HMF	330		M	M_b20_cov95v2_HMF_refine_h84_m102	attempt_7566383cd23fba8a6e94	source_log_basename	102	20d6dcf9b88a444e90a37216f4fcabbc0c2dcd9bd98e9be35a820918f6b278f0	hmf_refine.tsv	331	UNIQUE	source_log_basename
b20:hmf_refine:HMF:331:0	b20	hmf_refine	HMF	331		F	F_b20_cov95v2_HMF_refine_h89_m102_F_p3	attempt_2cc1ded76625b7723df7	source_log_basename	3	dfde638f937ede12e5bf39cd54adeb85cd93e22705ac9a457f6126f9bda19895	hmf_refine.tsv	332	UNIQUE	source_log_basename
b20:hmf_refine:HMF:331:0	b20	hmf_refine	HMF	331		H	H_b20_cov95v2_HMF_refine_H_p89	attempt_22003e5e6a7c5b02a671	source_log_basename	89	60034b86c9c0d0f9149a2e854b28a3f23ed7600f5c4efceb00a2f9bc86e57c86	hmf_refine.tsv	332	UNIQUE	source_log_basename
b20:hmf_refine:HMF:331:0	b20	hmf_refine	HMF	331		M	M_b20_cov95v2_HMF_refine_h89_m102	attempt_7d8056af8ede43096338	source_log_basename	102	4984c282a81611b1c5f41c419a9f2aefbdcd9cb312ce10b86fa763325c41c5db	hmf_refine.tsv	332	UNIQUE	source_log_basename
b20:hmf_refine:HMF:332:0	b20	hmf_refine	HMF	332		F	F_b20_cov95v2_HMF_refine_h94_m94_F_p5	attempt_f47ad43f1e221d20f713	source_log_basename	5	e5ff04ead5952de7ac63132e039df4d94d047f5f125ad864a36486837334e37c	hmf_refine.tsv	333	UNIQUE	source_log_basename
b20:hmf_refine:HMF:332:0	b20	hmf_refine	HMF	332		H	H_b20_cov95v2_HMF_refine_H_p94	attempt_8d282efd0c815902e944	source_log_basename	94	266e0c8619106dbbeaa399c21c5d84aab49ae61156fb4eb80380f0444db8bbe7	hmf_refine.tsv	333	UNIQUE	source_log_basename
b20:hmf_refine:HMF:332:0	b20	hmf_refine	HMF	332		M	M_b20_cov95v2_HMF_refine_h94_m94	attempt_902effb7bb8d7c7a9b12	source_log_basename	94	a634a82987105821c750669db8cf717fcfc6180742d6cffcf643bfc12503051f	hmf_refine.tsv	333	UNIQUE	source_log_basename
b20:hmf_refine:HMF:333:0	b20	hmf_refine	HMF	333		F	F_b20_cov95v2_HMF_refine_h94_m98_F_p4	attempt_6356a866d8db11c83f87	source_log_basename	4	bdf1fabdb65960c5864a9db5c6309161ea6059af9b401dcbdcb0d1014a417833	hmf_refine.tsv	334	UNIQUE	source_log_basename
b20:hmf_refine:HMF:333:0	b20	hmf_refine	HMF	333		H	H_b20_cov95v2_HMF_refine_H_p94	attempt_8d282efd0c815902e944	source_log_basename	94	266e0c8619106dbbeaa399c21c5d84aab49ae61156fb4eb80380f0444db8bbe7	hmf_refine.tsv	334	UNIQUE	source_log_basename
b20:hmf_refine:HMF:333:0	b20	hmf_refine	HMF	333		M	M_b20_cov95v2_HMF_refine_h94_m98	attempt_950548e94cb7f0a7f3d8	source_log_basename	98	13c1f4fc18105462501423b7e925844a92caa020346f746187d51ae882e1432f	hmf_refine.tsv	334	UNIQUE	source_log_basename
b20:hmf_refine:HMF:334:0	b20	hmf_refine	HMF	334		F	F_b20_cov95v2_HMF_refine_h94_m102_F_p3	attempt_b1d0abac91cdc5e32cf3	source_log_basename	3	bcb4cf71476eb865adffca3e8aa99fd41dc1d5ca9fa61f02864d5ab009ccc23a	hmf_refine.tsv	335	UNIQUE	source_log_basename
b20:hmf_refine:HMF:334:0	b20	hmf_refine	HMF	334		H	H_b20_cov95v2_HMF_refine_H_p94	attempt_8d282efd0c815902e944	source_log_basename	94	266e0c8619106dbbeaa399c21c5d84aab49ae61156fb4eb80380f0444db8bbe7	hmf_refine.tsv	335	UNIQUE	source_log_basename
b20:hmf_refine:HMF:334:0	b20	hmf_refine	HMF	334		M	M_b20_cov95v2_HMF_refine_h94_m102	attempt_ee757c3e30e004de36f6	source_log_basename	102	6b9f4c88e74d983b6c630760b5830b265ba80c00b488940ad93fb80c4a307cec	hmf_refine.tsv	335	UNIQUE	source_log_basename
b20:hmf_refine:HMF:335:0	b20	hmf_refine	HMF	335		F	F_b20_cov95v2_HMF_refine_h86_m92_F_p14	attempt_5b0ae45b3ca215624459	source_log_basename	14	87e79f644a77723e9f6f9d3969705b78d074dc9239b8ca941ccb4b080ec057d6	hmf_refine.tsv	336	UNIQUE	source_log_basename
b20:hmf_refine:HMF:335:0	b20	hmf_refine	HMF	335		H	H_b20_cov95v2_HMF_refine_H_p86	attempt_7af744458b4ebcf39358	source_log_basename	86	1dda1e1b7878e57cd1b88560b9b73414b3a3da499b04bff33d1fc4917157cb0d	hmf_refine.tsv	336	UNIQUE	source_log_basename
b20:hmf_refine:HMF:335:0	b20	hmf_refine	HMF	335		M	M_b20_cov95v2_HMF_refine_h86_m92	attempt_bf398938d09b8f3f51c3	source_log_basename	92	95e5f5aebb5d6a4ff734966f977189c57b9baa676bc2cee7813842c6d1d13e9a	hmf_refine.tsv	336	UNIQUE	source_log_basename
b20:hmf_refine:HMF:336:0	b20	hmf_refine	HMF	336		F	F_b20_cov95v2_HMF_refine_h92_m92_F_p15	attempt_3d7613563649f1f9a162	source_log_basename	15	1b374e74ba734eceaf712205eee50144f4561a258779afadc068b08c7a0b2b1e	hmf_refine.tsv	337	UNIQUE	source_log_basename
b20:hmf_refine:HMF:336:0	b20	hmf_refine	HMF	336		H	H_b20_cov95v2_HMF_refine_H_p92	attempt_a4ecd8b87d45827d81e6	source_log_basename	92	28329b3e9e19b68098891cac63906097e2ec066a4b32ed03d2bf9621e3646b52	hmf_refine.tsv	337	UNIQUE	source_log_basename
b20:hmf_refine:HMF:336:0	b20	hmf_refine	HMF	336		M	M_b20_cov95v2_HMF_refine_h92_m92	attempt_d8211dd833db9a586cd1	source_log_basename	92	3405ff61237f33f09bf393f9d3b124c9ae03c21cf2dafd190791247a3bb6b7a6	hmf_refine.tsv	337	UNIQUE	source_log_basename
b20:hmf_refine:HMF:33:0	b20	hmf_refine	HMF	33		F	F_b20_cov95v2_HMF_refine_h52_m126_F_p7	attempt_8893f7dc97e872585dc2	source_log_basename	7	4302b7385f5806ad3ada485f5a6ce45dab5b30189299ad6c9e68538fc4070c17	hmf_refine.tsv	34	UNIQUE	source_log_basename
b20:hmf_refine:HMF:33:0	b20	hmf_refine	HMF	33		H	H_b20_cov95v2_HMF_refine_H_p52	attempt_ae47b09b36a2af7179fb	source_log_basename	52	0391481ac84ae496afde3b7a5d4b86415015f2cea2cb85a6f5ff56787a349c81	hmf_refine.tsv	34	UNIQUE	source_log_basename
b20:hmf_refine:HMF:33:0	b20	hmf_refine	HMF	33		M	M_b20_cov95v2_HMF_refine_h52_m126	attempt_8d7090ac699ca2915f73	source_log_basename	126	5f5bcbdbd4d52a5a4fe0f753f318897be847618dd619e7595161380815be7417	hmf_refine.tsv	34	UNIQUE	source_log_basename
b20:hmf_refine:HMF:34:0	b20	hmf_refine	HMF	34		F	F_b20_cov95v2_HMF_refine_h55_m122_F_p4	attempt_37681a15d8ef549c2b87	source_log_basename	4	209fbb0fda52ae188d4df2d22fc1a3875d0aebbdea813d20ccb3c688df3a7d39	hmf_refine.tsv	35	UNIQUE	source_log_basename
b20:hmf_refine:HMF:34:0	b20	hmf_refine	HMF	34		H	H_b20_cov95v2_HMF_refine_H_p55	attempt_277d0afb9e965f93e11d	source_log_basename	55	8e9407850d071618990a8bd7b910c79b32daf490a864d1df9f6b7ac85167a095	hmf_refine.tsv	35	UNIQUE	source_log_basename
b20:hmf_refine:HMF:34:0	b20	hmf_refine	HMF	34		M	M_b20_cov95v2_HMF_refine_h55_m122	attempt_e17f110dc494ac2e2cd6	source_log_basename	122	528cea8be45ae0c6233af1d1f80cac37f4cc771da050fd7703f02f919b5280a2	hmf_refine.tsv	35	UNIQUE	source_log_basename
b20:hmf_refine:HMF:35:0	b20	hmf_refine	HMF	35		F	F_b20_cov95v2_HMF_refine_h55_m126_F_p3	attempt_2b8f7ece02c1d8abc9a6	source_log_basename	3	5886d44dff2a7d559674379a2aac1c75a34f79cd6638ee93f514d2a8777d9f0e	hmf_refine.tsv	36	UNIQUE	source_log_basename
b20:hmf_refine:HMF:35:0	b20	hmf_refine	HMF	35		H	H_b20_cov95v2_HMF_refine_H_p55	attempt_277d0afb9e965f93e11d	source_log_basename	55	8e9407850d071618990a8bd7b910c79b32daf490a864d1df9f6b7ac85167a095	hmf_refine.tsv	36	UNIQUE	source_log_basename
b20:hmf_refine:HMF:35:0	b20	hmf_refine	HMF	35		M	M_b20_cov95v2_HMF_refine_h55_m126	attempt_81e5888bed77b53b381d	source_log_basename	126	02b78c8c682e4de34b33d50694b2edd6bce8d26fd6b09701794d0d33e66af202	hmf_refine.tsv	36	UNIQUE	source_log_basename
b20:hmf_refine:HMF:36:0	b20	hmf_refine	HMF	36		F	F_b20_cov95v2_HMF_refine_h58_m122_F_p3	attempt_fada0ee3e5e123100b0f	source_log_basename	3	30c4ab98fa83a6f36780731c079d836ae537d48c66fd8bc6272033320689ab6b	hmf_refine.tsv	37	UNIQUE	source_log_basename
b20:hmf_refine:HMF:36:0	b20	hmf_refine	HMF	36		H	H_b20_cov95v2_HMF_refine_H_p58	attempt_804267a67a3ce0ea6ccb	source_log_basename	58	76ff95ee401c9b932a2799bef1a7a1fca4fdfd6e95106e086986df11e6c6dfa4	hmf_refine.tsv	37	UNIQUE	source_log_basename
b20:hmf_refine:HMF:36:0	b20	hmf_refine	HMF	36		M	M_b20_cov95v2_HMF_refine_h58_m122	attempt_8131838ffa45c39d4a9c	source_log_basename	122	e9cc23ff27ead79ed28ac7898a20781fd3a095ab0618334a603d083ace6cb58a	hmf_refine.tsv	37	UNIQUE	source_log_basename
b20:hmf_refine:HMF:37:0	b20	hmf_refine	HMF	37		F	F_b20_cov95v2_HMF_refine_h58_m124_F_p2	attempt_8ba5ebb3ce8fc5048dff	source_log_basename	2	6d6be0fb7aaee4b8fc5554117300ad184679173928d7f1de545dfe3800ef0d45	hmf_refine.tsv	38	UNIQUE	source_log_basename
b20:hmf_refine:HMF:37:0	b20	hmf_refine	HMF	37		H	H_b20_cov95v2_HMF_refine_H_p58	attempt_804267a67a3ce0ea6ccb	source_log_basename	58	76ff95ee401c9b932a2799bef1a7a1fca4fdfd6e95106e086986df11e6c6dfa4	hmf_refine.tsv	38	UNIQUE	source_log_basename
b20:hmf_refine:HMF:37:0	b20	hmf_refine	HMF	37		M	M_b20_cov95v2_HMF_refine_h58_m124	attempt_625118b0093fbb5ae0c9	source_log_basename	124	4ec6b7d3e91a74ab71440364fa9ef3cd0e7af06c8e44854ab1bd1064d1e03187	hmf_refine.tsv	38	UNIQUE	source_log_basename
b20:hmf_refine:HMF:38:0	b20	hmf_refine	HMF	38		F	F_b20_cov95v2_HMF_refine_h58_m126_F_p1	attempt_f45b877af6503e57bdd7	source_log_basename	1	0fc58cd0194a62005217517326f4f34f942a5d4200204be2996708872e30f5e8	hmf_refine.tsv	39	UNIQUE	source_log_basename
b20:hmf_refine:HMF:38:0	b20	hmf_refine	HMF	38		H	H_b20_cov95v2_HMF_refine_H_p58	attempt_804267a67a3ce0ea6ccb	source_log_basename	58	76ff95ee401c9b932a2799bef1a7a1fca4fdfd6e95106e086986df11e6c6dfa4	hmf_refine.tsv	39	UNIQUE	source_log_basename
b20:hmf_refine:HMF:38:0	b20	hmf_refine	HMF	38		M	M_b20_cov95v2_HMF_refine_h58_m126	attempt_7280b6fa239d801ddb37	source_log_basename	126	d3dabf2619979638644e29f448a9caacb73d3dcf1aff8ea345dc7b48e6d8faf6	hmf_refine.tsv	39	UNIQUE	source_log_basename
b20:hmf_refine:HMF:39:0	b20	hmf_refine	HMF	39		F	F_b20_cov95v2_HMF_refine_h53_m123_F_p6	attempt_5c8b56daea781d003123	source_log_basename	6	18b28e5121be7e455939d6c260cc64d1b89260060fbcbe4794597ecc9c35d1c6	hmf_refine.tsv	40	UNIQUE	source_log_basename
b20:hmf_refine:HMF:39:0	b20	hmf_refine	HMF	39		H	H_b20_cov95v2_HMF_refine_H_p53	attempt_c26f33ac7550e51b3d80	source_log_basename	53	55ad99199f8f6df3fd6fce35ca5b35779ecdbe03351b95a63d0c505ad70a1da9	hmf_refine.tsv	40	UNIQUE	source_log_basename
b20:hmf_refine:HMF:39:0	b20	hmf_refine	HMF	39		M	M_b20_cov95v2_HMF_refine_h53_m123	attempt_167a9f2457c738523472	source_log_basename	123	e405675129bdc0f072a5168cffb2aa41f4cdc6949108e4b8d37ca91a559e56fb	hmf_refine.tsv	40	UNIQUE	source_log_basename
b20:hmf_refine:HMF:3:0	b20	hmf_refine	HMF	3		F				0	NA	hmf_refine.tsv	4	NOT_RUN	TARGET_BEFORE_F
b20:hmf_refine:HMF:3:0	b20	hmf_refine	HMF	3		H	H_b20_cov95v2_HMF_refine_H_p40	attempt_2dc905ecc0125b75c80b	source_log_basename	40	eb2795dabafd038320b3ba057131d431a9f30ea9efa787eb5ace14e0f0831ca0	hmf_refine.tsv	4	UNIQUE	source_log_basename
b20:hmf_refine:HMF:3:0	b20	hmf_refine	HMF	3		M	M_b20_cov95v2_HMF_refine_h40_m166	attempt_77d8250f77a473616c6c	source_log_basename	166	4a9a841f4ec21897e0c473c3901103d909479b9b36a0739ff288a8587c1d9f2b	hmf_refine.tsv	4	UNIQUE	source_log_basename
b20:hmf_refine:HMF:40:0	b20	hmf_refine	HMF	40		F	F_b20_cov95v2_HMF_refine_h53_m124_F_p8	attempt_e8947e291de0596e56e3	source_log_basename	8	166bd19c27aef44b8678c9746b1b3ff9f456c4f793c43f802ffac5d26a0a2859	hmf_refine.tsv	41	UNIQUE	source_log_basename
b20:hmf_refine:HMF:40:0	b20	hmf_refine	HMF	40		H	H_b20_cov95v2_HMF_refine_H_p53	attempt_c26f33ac7550e51b3d80	source_log_basename	53	55ad99199f8f6df3fd6fce35ca5b35779ecdbe03351b95a63d0c505ad70a1da9	hmf_refine.tsv	41	UNIQUE	source_log_basename
b20:hmf_refine:HMF:40:0	b20	hmf_refine	HMF	40		M	M_b20_cov95v2_HMF_refine_h53_m124	attempt_061b3b69af80a241af21	source_log_basename	124	052ee59d00192e4ade33d0cf8a12a00da1e7bb14ebe65124d08fd4c3b5800736	hmf_refine.tsv	41	UNIQUE	source_log_basename
b20:hmf_refine:HMF:41:0	b20	hmf_refine	HMF	41		F	F_b20_cov95v2_HMF_refine_h53_m125_F_p5	attempt_7d91f71f86f60a18c78b	source_log_basename	5	359fa78bdd74af3a9fee40c626429ee9524e8e4163eb6a9e0c7e5568068dbc81	hmf_refine.tsv	42	UNIQUE	source_log_basename
b20:hmf_refine:HMF:41:0	b20	hmf_refine	HMF	41		H	H_b20_cov95v2_HMF_refine_H_p53	attempt_c26f33ac7550e51b3d80	source_log_basename	53	55ad99199f8f6df3fd6fce35ca5b35779ecdbe03351b95a63d0c505ad70a1da9	hmf_refine.tsv	42	UNIQUE	source_log_basename
b20:hmf_refine:HMF:41:0	b20	hmf_refine	HMF	41		M	M_b20_cov95v2_HMF_refine_h53_m125	attempt_e4b9b9b3a3300a7f841d	source_log_basename	125	3c288d28a85faabf9340739153321b72659f0e2000c587e1f16ac1adbc676dde	hmf_refine.tsv	42	UNIQUE	source_log_basename
b20:hmf_refine:HMF:42:0	b20	hmf_refine	HMF	42		F	F_b20_cov95v2_HMF_refine_h55_m123_F_p3	attempt_935608408a554743affb	source_log_basename	3	ee4b891d334930af9d583932c2b6b799845de2724040098d5e40b4ff0d7b5236	hmf_refine.tsv	43	UNIQUE	source_log_basename
b20:hmf_refine:HMF:42:0	b20	hmf_refine	HMF	42		H	H_b20_cov95v2_HMF_refine_H_p55	attempt_277d0afb9e965f93e11d	source_log_basename	55	8e9407850d071618990a8bd7b910c79b32daf490a864d1df9f6b7ac85167a095	hmf_refine.tsv	43	UNIQUE	source_log_basename
b20:hmf_refine:HMF:42:0	b20	hmf_refine	HMF	42		M	M_b20_cov95v2_HMF_refine_h55_m123	attempt_dd14447f1e66ad8111cc	source_log_basename	123	df49984d9ffebeddb6e040414f75e4785d79f325e356da8c05fe24cfb3ffb2c7	hmf_refine.tsv	43	UNIQUE	source_log_basename
b20:hmf_refine:HMF:43:0	b20	hmf_refine	HMF	43		F	F_b20_cov95v2_HMF_refine_h55_m125_F_p1	attempt_ed0329575a84e475198b	source_log_basename	1	59029ebb6837d3a1648f0d4f444b863f4d6ae83d200cf3c74d18873a99e7801d	hmf_refine.tsv	44	UNIQUE	source_log_basename
b20:hmf_refine:HMF:43:0	b20	hmf_refine	HMF	43		H	H_b20_cov95v2_HMF_refine_H_p55	attempt_277d0afb9e965f93e11d	source_log_basename	55	8e9407850d071618990a8bd7b910c79b32daf490a864d1df9f6b7ac85167a095	hmf_refine.tsv	44	UNIQUE	source_log_basename
b20:hmf_refine:HMF:43:0	b20	hmf_refine	HMF	43		M	M_b20_cov95v2_HMF_refine_h55_m125	attempt_0ce609548869a194bcb8	source_log_basename	125	9753eaf62cc66b64e899585bb4d80030cdd210b6c07d0333cc69a7eaf57ad0e0	hmf_refine.tsv	44	UNIQUE	source_log_basename
b20:hmf_refine:HMF:44:0	b20	hmf_refine	HMF	44		F	F_b20_cov95v2_HMF_refine_h57_m123_F_p3	attempt_a99866b0996fcc2e95be	source_log_basename	3	66670458591d3ddcf34c2572752be6b50c48af75e2bc113ac29afda0a96d69ae	hmf_refine.tsv	45	UNIQUE	source_log_basename
b20:hmf_refine:HMF:44:0	b20	hmf_refine	HMF	44		H	H_b20_cov95v2_HMF_refine_H_p57	attempt_3d1efbb896f15eb6d391	source_log_basename	57	154255da0deb5cfd0d4f80ed116f1662282fe8a2c8780a7e0b7131a16554a585	hmf_refine.tsv	45	UNIQUE	source_log_basename
b20:hmf_refine:HMF:44:0	b20	hmf_refine	HMF	44		M	M_b20_cov95v2_HMF_refine_h57_m123	attempt_cbdc14fd93b939283f5b	source_log_basename	123	035ec59a8084c7f096877281c0d62fdd248a83142f049fb25b426c8e31682139	hmf_refine.tsv	45	UNIQUE	source_log_basename
b20:hmf_refine:HMF:45:0	b20	hmf_refine	HMF	45		F	F_b20_cov95v2_HMF_refine_h57_m124_F_p3	attempt_8daac690808382eed8b4	source_log_basename	3	46d648e2ef9921eb000be02f43c9228b0862d2f7df0469281853d57daa45239c	hmf_refine.tsv	46	UNIQUE	source_log_basename
b20:hmf_refine:HMF:45:0	b20	hmf_refine	HMF	45		H	H_b20_cov95v2_HMF_refine_H_p57	attempt_3d1efbb896f15eb6d391	source_log_basename	57	154255da0deb5cfd0d4f80ed116f1662282fe8a2c8780a7e0b7131a16554a585	hmf_refine.tsv	46	UNIQUE	source_log_basename
b20:hmf_refine:HMF:45:0	b20	hmf_refine	HMF	45		M	M_b20_cov95v2_HMF_refine_h57_m124	attempt_8841fe47299d6fcaa7d2	source_log_basename	124	7af1dbe30b3bd4e00cd1f793bb86415ff64db02a2d22ede3aeccfc21fbedeb6f	hmf_refine.tsv	46	UNIQUE	source_log_basename
b20:hmf_refine:HMF:46:0	b20	hmf_refine	HMF	46		F	F_b20_cov95v2_HMF_refine_h57_m125_F_p4	attempt_c2ad90009d2604febdbb	source_log_basename	4	27a29d33793d6dc50ef84c4df3790ae9419d7d6610b00c198f2b1af1133a6720	hmf_refine.tsv	47	UNIQUE	source_log_basename
b20:hmf_refine:HMF:46:0	b20	hmf_refine	HMF	46		H	H_b20_cov95v2_HMF_refine_H_p57	attempt_3d1efbb896f15eb6d391	source_log_basename	57	154255da0deb5cfd0d4f80ed116f1662282fe8a2c8780a7e0b7131a16554a585	hmf_refine.tsv	47	UNIQUE	source_log_basename
b20:hmf_refine:HMF:46:0	b20	hmf_refine	HMF	46		M	M_b20_cov95v2_HMF_refine_h57_m125	attempt_9affc825581a70406220	source_log_basename	125	fcaf6be2c10042d673dae2fa431b72c2aa099a35497729de3e0c94ca599406bb	hmf_refine.tsv	47	UNIQUE	source_log_basename
b20:hmf_refine:HMF:47:0	b20	hmf_refine	HMF	47		F	F_b20_cov95v2_HMF_refine_h54_m124_F_p12	attempt_dafb923518d0ceed37ce	source_log_basename	12	716d31e69057e5e560e18c7ca99c2e8b3fafb1f0f2dcb21591bb7f2bfb75acf9	hmf_refine.tsv	48	UNIQUE	source_log_basename
b20:hmf_refine:HMF:47:0	b20	hmf_refine	HMF	47		H	H_b20_cov95v2_HMF_refine_H_p54	attempt_35efc974eae5fe82ff1e	source_log_basename	54	b80ce9553b819bb3f55625fae118f41a6c83500eb57f1f9765bdecccf46d0130	hmf_refine.tsv	48	UNIQUE	source_log_basename
b20:hmf_refine:HMF:47:0	b20	hmf_refine	HMF	47		M	M_b20_cov95v2_HMF_refine_h54_m124	attempt_bbc3f8c0cbca8a6212f1	source_log_basename	124	b406b8b534792956f94f30bc3d81de5769152f2d25c571a3118398fc05e66b5e	hmf_refine.tsv	48	UNIQUE	source_log_basename
b20:hmf_refine:HMF:48:0	b20	hmf_refine	HMF	48		F	F_b20_cov95v2_HMF_refine_h54_m125_F_p9	attempt_3652c255237bf8d2127a	source_log_basename	9	c3dcb87aa888f6ab79253c1c46d2be4e09f7e4c0b76fc7ad95de1e8e61b74b2d	hmf_refine.tsv	49	UNIQUE	source_log_basename
b20:hmf_refine:HMF:48:0	b20	hmf_refine	HMF	48		H	H_b20_cov95v2_HMF_refine_H_p54	attempt_35efc974eae5fe82ff1e	source_log_basename	54	b80ce9553b819bb3f55625fae118f41a6c83500eb57f1f9765bdecccf46d0130	hmf_refine.tsv	49	UNIQUE	source_log_basename
b20:hmf_refine:HMF:48:0	b20	hmf_refine	HMF	48		M	M_b20_cov95v2_HMF_refine_h54_m125	attempt_62c9db27478608fe2a80	source_log_basename	125	6e0bee582a35bfdc6ac77e8d93b754b60577d5634f6d2c7ec95a695c20ecc7ef	hmf_refine.tsv	49	UNIQUE	source_log_basename
b20:hmf_refine:HMF:49:0	b20	hmf_refine	HMF	49		F	F_b20_cov95v2_HMF_refine_h54_m126_F_p7	attempt_2f585b92b9314755434d	source_log_basename	7	6237a560e90c1e5520fbc2697ecfe359870f873aba7afd4f9da87400056a5234	hmf_refine.tsv	50	UNIQUE	source_log_basename
b20:hmf_refine:HMF:49:0	b20	hmf_refine	HMF	49		H	H_b20_cov95v2_HMF_refine_H_p54	attempt_35efc974eae5fe82ff1e	source_log_basename	54	b80ce9553b819bb3f55625fae118f41a6c83500eb57f1f9765bdecccf46d0130	hmf_refine.tsv	50	UNIQUE	source_log_basename
b20:hmf_refine:HMF:49:0	b20	hmf_refine	HMF	49		M	M_b20_cov95v2_HMF_refine_h54_m126	attempt_3d96b594bcf7f4827c98	source_log_basename	126	73755fb557b74d8582ed84dbf83a92c769dfd0ad46f544f1a61e9ce44ea861f5	hmf_refine.tsv	50	UNIQUE	source_log_basename
b20:hmf_refine:HMF:4:0	b20	hmf_refine	HMF	4		F	F_b20_cov95v2_HMF_refine_h80_m116_F_p6	attempt_3570884b185c02d402df	source_log_basename	6	48b18dda662eecc7149046d2e9b82e03e7f0333ef168b54db14ad59ade1cfc8a	hmf_refine.tsv	5	UNIQUE	source_log_basename
b20:hmf_refine:HMF:4:0	b20	hmf_refine	HMF	4		H	H_b20_cov95v2_HMF_refine_H_p80	attempt_751442b663317ec5b1ee	source_log_basename	80	194a75bd3558e56534266ebbf9208fb1a9d6703d20708b49c59d17ad7ae27980	hmf_refine.tsv	5	UNIQUE	source_log_basename
b20:hmf_refine:HMF:4:0	b20	hmf_refine	HMF	4		M	M_b20_cov95v2_HMF_refine_h80_m116	attempt_d41936ddcaf78a7ce779	source_log_basename	116	b5630ce673e24174aad299c894352164b3986c0a68954f7433f54119f01a285d	hmf_refine.tsv	5	UNIQUE	source_log_basename
b20:hmf_refine:HMF:50:0	b20	hmf_refine	HMF	50		F	F_b20_cov95v2_HMF_refine_h56_m124_F_p3	attempt_9f990b37f5f3747c4576	source_log_basename	3	24913c9221b733ac5cb9498a7b2ed4ca1a5694c48ef9ea69e7d7c83dd5e52d43	hmf_refine.tsv	51	UNIQUE	source_log_basename
b20:hmf_refine:HMF:50:0	b20	hmf_refine	HMF	50		H	H_b20_cov95v2_HMF_refine_H_p56	attempt_ca54ec10f95ba5bb21bc	source_log_basename	56	48c1a4e6e0a4efd016375eaa4771b9d89132fc28b56edfce41206d59df92c83a	hmf_refine.tsv	51	UNIQUE	source_log_basename
b20:hmf_refine:HMF:50:0	b20	hmf_refine	HMF	50		M	M_b20_cov95v2_HMF_refine_h56_m124	attempt_ddbcc8614273e7a4d8bb	source_log_basename	124	1e077293543883fe5f421a69e0a708406c3bc7fbbdb39222cae9d8582e4b7793	hmf_refine.tsv	51	UNIQUE	source_log_basename
b20:hmf_refine:HMF:51:0	b20	hmf_refine	HMF	51		F	F_b20_cov95v2_HMF_refine_h56_m125_F_p4	attempt_4372d34ad38f400e7a16	source_log_basename	4	b831544f98589203e8a8265c371952482a5e973e161fe895864f3aa0e324bc0e	hmf_refine.tsv	52	UNIQUE	source_log_basename
b20:hmf_refine:HMF:51:0	b20	hmf_refine	HMF	51		H	H_b20_cov95v2_HMF_refine_H_p56	attempt_ca54ec10f95ba5bb21bc	source_log_basename	56	48c1a4e6e0a4efd016375eaa4771b9d89132fc28b56edfce41206d59df92c83a	hmf_refine.tsv	52	UNIQUE	source_log_basename
b20:hmf_refine:HMF:51:0	b20	hmf_refine	HMF	51		M	M_b20_cov95v2_HMF_refine_h56_m125	attempt_9b7669ea6d45c0cf2f20	source_log_basename	125	ad01e26f9ca302a73778d83a04c99cf8bfed1331388f5886af0fe26e2fe308e1	hmf_refine.tsv	52	UNIQUE	source_log_basename
b20:hmf_refine:HMF:52:0	b20	hmf_refine	HMF	52		F	F_b20_cov95v2_HMF_refine_h56_m126_F_p4	attempt_5a4dd31a97e2854b7f1b	source_log_basename	4	b58637f3ef1947cdbdca94dedf931e16fe811a8ab41b4c2adeb3f0a83f53479a	hmf_refine.tsv	53	UNIQUE	source_log_basename
b20:hmf_refine:HMF:52:0	b20	hmf_refine	HMF	52		H	H_b20_cov95v2_HMF_refine_H_p56	attempt_ca54ec10f95ba5bb21bc	source_log_basename	56	48c1a4e6e0a4efd016375eaa4771b9d89132fc28b56edfce41206d59df92c83a	hmf_refine.tsv	53	UNIQUE	source_log_basename
b20:hmf_refine:HMF:52:0	b20	hmf_refine	HMF	52		M	M_b20_cov95v2_HMF_refine_h56_m126	attempt_123732c5a31d9a7935a9	source_log_basename	126	6ec4c8b5cb966d135c60b09536bf7f0ebbc8290dd2f104cc22098c32c5f943e6	hmf_refine.tsv	53	UNIQUE	source_log_basename
b20:hmf_refine:HMF:53:0	b20	hmf_refine	HMF	53		F	F_b20_cov95v2_HMF_refine_h45_m115_F_p20	attempt_dab610d1b828413e617f	source_log_basename	20	d6ddbed6f8fee481514d268e459ca0c7aa58e006be26cf3e16ce3ae1d70bd696	hmf_refine.tsv	54	UNIQUE	source_log_basename
b20:hmf_refine:HMF:53:0	b20	hmf_refine	HMF	53		H	H_b20_cov95v2_HMF_refine_H_p45	attempt_021b76cb25a5a45ee884	source_log_basename	45	c5f8b3b401a3b72a0499ddbe88229eb4826c7ee315f338448520fa65d4b850d3	hmf_refine.tsv	54	UNIQUE	source_log_basename
b20:hmf_refine:HMF:53:0	b20	hmf_refine	HMF	53		M	M_b20_cov95v2_HMF_refine_h45_m115	attempt_f77d68dcb3335e0e2367	source_log_basename	115	13d3cb4f08631554b6581799f2f130e73a1032fc504f1912285abf5bd637f60d	hmf_refine.tsv	54	UNIQUE	source_log_basename
b20:hmf_refine:HMF:54:0	b20	hmf_refine	HMF	54		F	F_b20_cov95v2_HMF_refine_h45_m120_F_p22	attempt_f4e9e9ca81bcd0d6b6f6	source_log_basename	22	2069f0a955c68c7ece108bd1ff83816f770662970423aad82d92274c70ca6c43	hmf_refine.tsv	55	UNIQUE	source_log_basename
b20:hmf_refine:HMF:54:0	b20	hmf_refine	HMF	54		H	H_b20_cov95v2_HMF_refine_H_p45	attempt_021b76cb25a5a45ee884	source_log_basename	45	c5f8b3b401a3b72a0499ddbe88229eb4826c7ee315f338448520fa65d4b850d3	hmf_refine.tsv	55	UNIQUE	source_log_basename
b20:hmf_refine:HMF:54:0	b20	hmf_refine	HMF	54		M	M_b20_cov95v2_HMF_refine_h45_m120	attempt_fe859985743d54ffc167	source_log_basename	120	a3126010f7f9d0f2713e764bc60a0de1052a75e9a6eea68197e656684f970a1e	hmf_refine.tsv	55	UNIQUE	source_log_basename
b20:hmf_refine:HMF:55:0	b20	hmf_refine	HMF	55		F	F_b20_cov95v2_HMF_refine_h45_m125_F_p20	attempt_eb5430f8e72c709d1f35	source_log_basename	20	9c3c8c0b63e36721ae1228499c4abfb63aa7a07b4f452d97049d94f6b60c94e4	hmf_refine.tsv	56	UNIQUE	source_log_basename
b20:hmf_refine:HMF:55:0	b20	hmf_refine	HMF	55		H	H_b20_cov95v2_HMF_refine_H_p45	attempt_021b76cb25a5a45ee884	source_log_basename	45	c5f8b3b401a3b72a0499ddbe88229eb4826c7ee315f338448520fa65d4b850d3	hmf_refine.tsv	56	UNIQUE	source_log_basename
b20:hmf_refine:HMF:55:0	b20	hmf_refine	HMF	55		M	M_b20_cov95v2_HMF_refine_h45_m125	attempt_f446f84fd42bfbf4da21	source_log_basename	125	42462293dc2ed7d3ebc565dd2936e0155cb5e43d3b1f435224f0a52ec9213720	hmf_refine.tsv	56	UNIQUE	source_log_basename
b20:hmf_refine:HMF:56:0	b20	hmf_refine	HMF	56		F	F_b20_cov95v2_HMF_refine_h45_m130_F_p11	attempt_6755f4e8f32925ec0268	source_log_basename	11	5c050ca16d781cb7efc33cb6941268882b13fc8108b2808eb5989e833e894d36	hmf_refine.tsv	57	UNIQUE	source_log_basename
b20:hmf_refine:HMF:56:0	b20	hmf_refine	HMF	56		H	H_b20_cov95v2_HMF_refine_H_p45	attempt_021b76cb25a5a45ee884	source_log_basename	45	c5f8b3b401a3b72a0499ddbe88229eb4826c7ee315f338448520fa65d4b850d3	hmf_refine.tsv	57	UNIQUE	source_log_basename
b20:hmf_refine:HMF:56:0	b20	hmf_refine	HMF	56		M	M_b20_cov95v2_HMF_refine_h45_m130	attempt_55485d94fab8dd27f3b6	source_log_basename	130	6829b26cf9f1e36a3ee70d87c4024ca2a1458881285c499306a2fb60ca5f050e	hmf_refine.tsv	57	UNIQUE	source_log_basename
b20:hmf_refine:HMF:57:0	b20	hmf_refine	HMF	57		F	F_b20_cov95v2_HMF_refine_h45_m135_F_p9	attempt_587371d3f5646ecbe501	source_log_basename	9	7f1a505371921d840c9bd83ac53cbbce6a4cebb93a2b3f3ba8762e2cc385f8ad	hmf_refine.tsv	58	UNIQUE	source_log_basename
b20:hmf_refine:HMF:57:0	b20	hmf_refine	HMF	57		H	H_b20_cov95v2_HMF_refine_H_p45	attempt_021b76cb25a5a45ee884	source_log_basename	45	c5f8b3b401a3b72a0499ddbe88229eb4826c7ee315f338448520fa65d4b850d3	hmf_refine.tsv	58	UNIQUE	source_log_basename
b20:hmf_refine:HMF:57:0	b20	hmf_refine	HMF	57		M	M_b20_cov95v2_HMF_refine_h45_m135	attempt_7ee4f9e0671fce186ee6	source_log_basename	135	8de40d25ac2f4d03380a590dbd6b8f4a1c75cf4874cd401cff04d04f802e1985	hmf_refine.tsv	58	UNIQUE	source_log_basename
b20:hmf_refine:HMF:58:0	b20	hmf_refine	HMF	58		F	F_b20_cov95v2_HMF_refine_h50_m115_F_p12	attempt_a7186b579439ce15e4e6	source_log_basename	12	b79c66d490ed7df34b42cf86f81e8b6fb9fe239dd603cd5e58c2235a623bf3ec	hmf_refine.tsv	59	UNIQUE	source_log_basename
b20:hmf_refine:HMF:58:0	b20	hmf_refine	HMF	58		H	H_b20_cov95v2_HMF_refine_H_p50	attempt_e32a5f296db16b0e257c	source_log_basename	50	05a90d3971500436ef098cf1e93d1c583b6c56bc76a6955f2cf5c8ed83113c62	hmf_refine.tsv	59	UNIQUE	source_log_basename
b20:hmf_refine:HMF:58:0	b20	hmf_refine	HMF	58		M	M_b20_cov95v2_HMF_refine_h50_m115	attempt_f662b5967373ba448198	source_log_basename	115	988db2d254f9409c930f53c13f84f5a6eabe96361c6483e8a19bd55fe6614354	hmf_refine.tsv	59	UNIQUE	source_log_basename
b20:hmf_refine:HMF:59:0	b20	hmf_refine	HMF	59		F	F_b20_cov95v2_HMF_refine_h50_m120_F_p16	attempt_33783c0d0aa9bdc4e7e1	source_log_basename	16	4f199ef0506319b8e875ae4dc4d07c873711296f5030da7b0a9f92bcad92490f	hmf_refine.tsv	60	UNIQUE	source_log_basename
b20:hmf_refine:HMF:59:0	b20	hmf_refine	HMF	59		H	H_b20_cov95v2_HMF_refine_H_p50	attempt_e32a5f296db16b0e257c	source_log_basename	50	05a90d3971500436ef098cf1e93d1c583b6c56bc76a6955f2cf5c8ed83113c62	hmf_refine.tsv	60	UNIQUE	source_log_basename
b20:hmf_refine:HMF:59:0	b20	hmf_refine	HMF	59		M	M_b20_cov95v2_HMF_refine_h50_m120	attempt_188e26c9e042ef888466	source_log_basename	120	ddb08990b5c3167ded5cc05b41a574c3ea612add08ddd53c9cf303ad52729b7f	hmf_refine.tsv	60	UNIQUE	source_log_basename
b20:hmf_refine:HMF:5:0	b20	hmf_refine	HMF	5		F				0	NA	hmf_refine.tsv	6	NOT_RUN	TARGET_BEFORE_F
b20:hmf_refine:HMF:5:0	b20	hmf_refine	HMF	5		H	H_b20_cov95v2_HMF_refine_H_p80	attempt_751442b663317ec5b1ee	source_log_basename	80	194a75bd3558e56534266ebbf9208fb1a9d6703d20708b49c59d17ad7ae27980	hmf_refine.tsv	6	UNIQUE	source_log_basename
b20:hmf_refine:HMF:5:0	b20	hmf_refine	HMF	5		M	M_b20_cov95v2_HMF_refine_h80_m141	attempt_2f9be4f13aee8df0e4ae	source_log_basename	141	237b628fdb72f96550280b7fcedc85d1d5e026330f69ee669dfbcf965508f5de	hmf_refine.tsv	6	UNIQUE	source_log_basename
b20:hmf_refine:HMF:60:0	b20	hmf_refine	HMF	60		F	F_b20_cov95v2_HMF_refine_h50_m125_F_p12	attempt_67c03937143237a365d7	source_log_basename	12	6ebfa8a3826b96d9e7eb2f21f83fbf67b2ee42b2fa70c61b47e7a964de606356	hmf_refine.tsv	61	UNIQUE	source_log_basename
b20:hmf_refine:HMF:60:0	b20	hmf_refine	HMF	60		H	H_b20_cov95v2_HMF_refine_H_p50	attempt_e32a5f296db16b0e257c	source_log_basename	50	05a90d3971500436ef098cf1e93d1c583b6c56bc76a6955f2cf5c8ed83113c62	hmf_refine.tsv	61	UNIQUE	source_log_basename
b20:hmf_refine:HMF:60:0	b20	hmf_refine	HMF	60		M	M_b20_cov95v2_HMF_refine_h50_m125	attempt_df264faacc70cd6ff02d	source_log_basename	125	2cb651e233891c94ae303711d0f35ed2f6c85f48f019362da7511fc2cd716f03	hmf_refine.tsv	61	UNIQUE	source_log_basename
b20:hmf_refine:HMF:61:0	b20	hmf_refine	HMF	61		F	F_b20_cov95v2_HMF_refine_h50_m130_F_p10	attempt_b3a9b353975602c2d586	source_log_basename	10	48b70e3771fd6fc1726b6c71230989870a981307c14bc1b3b2b64217945a8e0c	hmf_refine.tsv	62	UNIQUE	source_log_basename
b20:hmf_refine:HMF:61:0	b20	hmf_refine	HMF	61		H	H_b20_cov95v2_HMF_refine_H_p50	attempt_e32a5f296db16b0e257c	source_log_basename	50	05a90d3971500436ef098cf1e93d1c583b6c56bc76a6955f2cf5c8ed83113c62	hmf_refine.tsv	62	UNIQUE	source_log_basename
b20:hmf_refine:HMF:61:0	b20	hmf_refine	HMF	61		M	M_b20_cov95v2_HMF_refine_h50_m130	attempt_f3480d0deea7e87cf573	source_log_basename	130	a687bf4bfcb43373600b03753c7ca5e92d260bd45b98a6dd2b5ff0f2d3f9dcb7	hmf_refine.tsv	62	UNIQUE	source_log_basename
b20:hmf_refine:HMF:62:0	b20	hmf_refine	HMF	62		F	F_b20_cov95v2_HMF_refine_h55_m115_F_p7	attempt_df263316d0eac53f5dc2	source_log_basename	7	e97f3f9def5f9b0a06a88a364abaa3e0461dcaae7fb7dfd8bbfdbd0cb02437f8	hmf_refine.tsv	63	UNIQUE	source_log_basename
b20:hmf_refine:HMF:62:0	b20	hmf_refine	HMF	62		H	H_b20_cov95v2_HMF_refine_H_p55	attempt_277d0afb9e965f93e11d	source_log_basename	55	8e9407850d071618990a8bd7b910c79b32daf490a864d1df9f6b7ac85167a095	hmf_refine.tsv	63	UNIQUE	source_log_basename
b20:hmf_refine:HMF:62:0	b20	hmf_refine	HMF	62		M	M_b20_cov95v2_HMF_refine_h55_m115	attempt_d36acea9e427827b8543	source_log_basename	115	ff5ab0b69ecb56030b1d49bca110a34cc68abf15628952af813134c81f461446	hmf_refine.tsv	63	UNIQUE	source_log_basename
b20:hmf_refine:HMF:63:0	b20	hmf_refine	HMF	63		F	F_b20_cov95v2_HMF_refine_h55_m120_F_p4	attempt_3c399f903ac900ee7e5f	source_log_basename	4	09a2735ed8d675c3874277f52036353db3107f00f834e8fb39e2c42cddfa1339	hmf_refine.tsv	64	UNIQUE	source_log_basename
b20:hmf_refine:HMF:63:0	b20	hmf_refine	HMF	63		H	H_b20_cov95v2_HMF_refine_H_p55	attempt_277d0afb9e965f93e11d	source_log_basename	55	8e9407850d071618990a8bd7b910c79b32daf490a864d1df9f6b7ac85167a095	hmf_refine.tsv	64	UNIQUE	source_log_basename
b20:hmf_refine:HMF:63:0	b20	hmf_refine	HMF	63		M	M_b20_cov95v2_HMF_refine_h55_m120	attempt_013f112972228d83a00d	source_log_basename	120	29028bac93a58fb299713d82926e1a32473f3562bcdffb272b00ec5fa44cbf64	hmf_refine.tsv	64	UNIQUE	source_log_basename
b20:hmf_refine:HMF:64:0	b20	hmf_refine	HMF	64		F				0	NA	hmf_refine.tsv	65	NOT_RUN	TARGET_BEFORE_F
b20:hmf_refine:HMF:64:0	b20	hmf_refine	HMF	64		H	H_b20_cov95v2_HMF_refine_H_p55	attempt_277d0afb9e965f93e11d	source_log_basename	55	8e9407850d071618990a8bd7b910c79b32daf490a864d1df9f6b7ac85167a095	hmf_refine.tsv	65	UNIQUE	source_log_basename
b20:hmf_refine:HMF:64:0	b20	hmf_refine	HMF	64		M	M_b20_cov95v2_HMF_refine_h55_m130	attempt_152754599c42ef6dcfda	source_log_basename	130	577ed973e929eb25e270c9f1196258a1163e892c2987d29ad8565215079175f8	hmf_refine.tsv	65	UNIQUE	source_log_basename
b20:hmf_refine:HMF:65:0	b20	hmf_refine	HMF	65		F				0	NA	hmf_refine.tsv	66	NOT_RUN	TARGET_BEFORE_F
b20:hmf_refine:HMF:65:0	b20	hmf_refine	HMF	65		H	H_b20_cov95v2_HMF_refine_H_p55	attempt_277d0afb9e965f93e11d	source_log_basename	55	8e9407850d071618990a8bd7b910c79b32daf490a864d1df9f6b7ac85167a095	hmf_refine.tsv	66	UNIQUE	source_log_basename
b20:hmf_refine:HMF:65:0	b20	hmf_refine	HMF	65		M	M_b20_cov95v2_HMF_refine_h55_m135	attempt_915b424e2b9d6364dcc3	source_log_basename	135	7741a307f31853b9652e433ea0ec05e102747641bddc7ba4cc983397115eb8b0	hmf_refine.tsv	66	UNIQUE	source_log_basename
b20:hmf_refine:HMF:66:0	b20	hmf_refine	HMF	66		F	F_b20_cov95v2_HMF_refine_h60_m115_F_p13	attempt_072991f90633b3123d68	source_log_basename	13	78ce0985937e99856c2834ff626f2f050625069bf3984b6b3433072066755f79	hmf_refine.tsv	67	UNIQUE	source_log_basename
b20:hmf_refine:HMF:66:0	b20	hmf_refine	HMF	66		H	H_b20_cov95v2_HMF_refine_H_p60	attempt_11c45bcb787f5f230387	source_log_basename	60	f3363755fdcd288a9f380d64f093e2df390d7f1c21d9c9e3661aed7e6ad4be3a	hmf_refine.tsv	67	UNIQUE	source_log_basename
b20:hmf_refine:HMF:66:0	b20	hmf_refine	HMF	66		M	M_b20_cov95v2_HMF_refine_h60_m115	attempt_4a284600f4d88f01f0e0	source_log_basename	115	b5e365a72bd7993a306b3d14ede85e4267f28e0b82639b68e9f5c2ad4251072e	hmf_refine.tsv	67	UNIQUE	source_log_basename
b20:hmf_refine:HMF:67:0	b20	hmf_refine	HMF	67		F	F_b20_cov95v2_HMF_refine_h60_m120_F_p9	attempt_b62c44d7e9f5798fef99	source_log_basename	9	c4a52e9ff66564c7e754b564b18a87d257e92b09098db77c12498bb59419fbfc	hmf_refine.tsv	68	UNIQUE	source_log_basename
b20:hmf_refine:HMF:67:0	b20	hmf_refine	HMF	67		H	H_b20_cov95v2_HMF_refine_H_p60	attempt_11c45bcb787f5f230387	source_log_basename	60	f3363755fdcd288a9f380d64f093e2df390d7f1c21d9c9e3661aed7e6ad4be3a	hmf_refine.tsv	68	UNIQUE	source_log_basename
b20:hmf_refine:HMF:67:0	b20	hmf_refine	HMF	67		M	M_b20_cov95v2_HMF_refine_h60_m120	attempt_ea5895673f9d6e48115e	source_log_basename	120	4dee40cb48e72378ed39fec7c37b8c27397a72962e05646559383336e35b6a08	hmf_refine.tsv	68	UNIQUE	source_log_basename
b20:hmf_refine:HMF:68:0	b20	hmf_refine	HMF	68		F	F_b20_cov95v2_HMF_refine_h60_m125_F_p5	attempt_e5f196bb5b97e712913f	source_log_basename	5	9f155e1d54e4f33b22e36bbcd26f162302399c0e8ac38104bc02040e500d58cd	hmf_refine.tsv	69	UNIQUE	source_log_basename
b20:hmf_refine:HMF:68:0	b20	hmf_refine	HMF	68		H	H_b20_cov95v2_HMF_refine_H_p60	attempt_11c45bcb787f5f230387	source_log_basename	60	f3363755fdcd288a9f380d64f093e2df390d7f1c21d9c9e3661aed7e6ad4be3a	hmf_refine.tsv	69	UNIQUE	source_log_basename
b20:hmf_refine:HMF:68:0	b20	hmf_refine	HMF	68		M	M_b20_cov95v2_HMF_refine_h60_m125	attempt_23b7eac1af499eb82466	source_log_basename	125	10e2507591fd1de075afc56b0135b6a73e51cadc34e57ce05f84df7189873416	hmf_refine.tsv	69	UNIQUE	source_log_basename
b20:hmf_refine:HMF:69:0	b20	hmf_refine	HMF	69		F	F_b20_cov95v2_HMF_refine_h60_m130_F_p2	attempt_1339a1a42fe6234df45a	source_log_basename	2	4aa88ab89f8947fbd08ede8f7be680a52e0f96270ede02309a073c9f186f1d9b	hmf_refine.tsv	70	UNIQUE	source_log_basename
b20:hmf_refine:HMF:69:0	b20	hmf_refine	HMF	69		H	H_b20_cov95v2_HMF_refine_H_p60	attempt_11c45bcb787f5f230387	source_log_basename	60	f3363755fdcd288a9f380d64f093e2df390d7f1c21d9c9e3661aed7e6ad4be3a	hmf_refine.tsv	70	UNIQUE	source_log_basename
b20:hmf_refine:HMF:69:0	b20	hmf_refine	HMF	69		M	M_b20_cov95v2_HMF_refine_h60_m130	attempt_5f50fb572c8119fb3cfe	source_log_basename	130	3e473c30c8757ee4f5035620eea5bc2755616e4aba95208abb80798178741889	hmf_refine.tsv	70	UNIQUE	source_log_basename
b20:hmf_refine:HMF:6:0	b20	hmf_refine	HMF	6		F				0	NA	hmf_refine.tsv	7	NOT_RUN	TARGET_BEFORE_F
b20:hmf_refine:HMF:6:0	b20	hmf_refine	HMF	6		H	H_b20_cov95v2_HMF_refine_H_p80	attempt_751442b663317ec5b1ee	source_log_basename	80	194a75bd3558e56534266ebbf9208fb1a9d6703d20708b49c59d17ad7ae27980	hmf_refine.tsv	7	UNIQUE	source_log_basename
b20:hmf_refine:HMF:6:0	b20	hmf_refine	HMF	6		M	M_b20_cov95v2_HMF_refine_h80_m166	attempt_49a0dea12d7e9a4e3a4a	source_log_basename	166	ecd299a00790573fe146a5f65290b7d30b2e5c451238441463f99f418b755b31	hmf_refine.tsv	7	UNIQUE	source_log_basename
b20:hmf_refine:HMF:70:0	b20	hmf_refine	HMF	70		F	F_b20_cov95v2_HMF_refine_h65_m115_F_p5	attempt_c8547a50720a2291eae6	source_log_basename	5	a46d7862b76fbc3ffba08b690dcfc03e8868d343ebbe8ab3a5d44fdeb95aa02f	hmf_refine.tsv	71	UNIQUE	source_log_basename
b20:hmf_refine:HMF:70:0	b20	hmf_refine	HMF	70		H	H_b20_cov95v2_HMF_refine_H_p65	attempt_336b6b99f3d8aa758fde	source_log_basename	65	9e7e88b145d401a2c17046fae6a4974ab5ef8b30d7445a210cf2d2ed62253d6a	hmf_refine.tsv	71	UNIQUE	source_log_basename
b20:hmf_refine:HMF:70:0	b20	hmf_refine	HMF	70		M	M_b20_cov95v2_HMF_refine_h65_m115	attempt_93b066961e52b6935f51	source_log_basename	115	ab7657269511cb125ee217fe6cbecc3244b7839ee6cb58aac314ac323e3898c9	hmf_refine.tsv	71	UNIQUE	source_log_basename
b20:hmf_refine:HMF:71:0	b20	hmf_refine	HMF	71		F	F_b20_cov95v2_HMF_refine_h65_m120_F_p4	attempt_8da7a0c1bbdfc6346b2d	source_log_basename	4	c2631c37de5bb6770345fad71e7f0f6b76bdb9c9fb3116535787ed78075e07c5	hmf_refine.tsv	72	UNIQUE	source_log_basename
b20:hmf_refine:HMF:71:0	b20	hmf_refine	HMF	71		H	H_b20_cov95v2_HMF_refine_H_p65	attempt_336b6b99f3d8aa758fde	source_log_basename	65	9e7e88b145d401a2c17046fae6a4974ab5ef8b30d7445a210cf2d2ed62253d6a	hmf_refine.tsv	72	UNIQUE	source_log_basename
b20:hmf_refine:HMF:71:0	b20	hmf_refine	HMF	71		M	M_b20_cov95v2_HMF_refine_h65_m120	attempt_7049a44052e4c9cbf2a9	source_log_basename	120	d97688120deb72c90f8b26b247dc39e03f4be003464572849ac512ee60fba1f4	hmf_refine.tsv	72	UNIQUE	source_log_basename
b20:hmf_refine:HMF:72:0	b20	hmf_refine	HMF	72		F	F_b20_cov95v2_HMF_refine_h65_m125_F_p3	attempt_96d04a2167fe6d00c164	source_log_basename	3	a3dd22411f96931190bbe45cd17b9b6d152271b154a8f209133386151e59d599	hmf_refine.tsv	73	UNIQUE	source_log_basename
b20:hmf_refine:HMF:72:0	b20	hmf_refine	HMF	72		H	H_b20_cov95v2_HMF_refine_H_p65	attempt_336b6b99f3d8aa758fde	source_log_basename	65	9e7e88b145d401a2c17046fae6a4974ab5ef8b30d7445a210cf2d2ed62253d6a	hmf_refine.tsv	73	UNIQUE	source_log_basename
b20:hmf_refine:HMF:72:0	b20	hmf_refine	HMF	72		M	M_b20_cov95v2_HMF_refine_h65_m125	attempt_b02177f575dc4a069602	source_log_basename	125	969849e16dd0ba1715a5cfd7d15ce5803af50ac89d64d749a84dca32cb5e40eb	hmf_refine.tsv	73	UNIQUE	source_log_basename
b20:hmf_refine:HMF:73:0	b20	hmf_refine	HMF	73		F	F_b20_cov95v2_HMF_refine_h65_m130_F_p1	attempt_d2cb460942088fabf6f4	source_log_basename	1	aa363ac51f958cb54940ae8d1a95db0b0f63161887c4f1f65f5bf82c9f2a579d	hmf_refine.tsv	74	UNIQUE	source_log_basename
b20:hmf_refine:HMF:73:0	b20	hmf_refine	HMF	73		H	H_b20_cov95v2_HMF_refine_H_p65	attempt_336b6b99f3d8aa758fde	source_log_basename	65	9e7e88b145d401a2c17046fae6a4974ab5ef8b30d7445a210cf2d2ed62253d6a	hmf_refine.tsv	74	UNIQUE	source_log_basename
b20:hmf_refine:HMF:73:0	b20	hmf_refine	HMF	73		M	M_b20_cov95v2_HMF_refine_h65_m130	attempt_f2ac9d98bb5446624d1d	source_log_basename	130	e6ecbdd37a335c1af77226077b83a7b68a286c7018d0f2ad9aa7ed538535f1ac	hmf_refine.tsv	74	UNIQUE	source_log_basename
b20:hmf_refine:HMF:74:0	b20	hmf_refine	HMF	74		F				0	NA	hmf_refine.tsv	75	NOT_RUN	TARGET_BEFORE_F
b20:hmf_refine:HMF:74:0	b20	hmf_refine	HMF	74		H	H_b20_cov95v2_HMF_refine_H_p65	attempt_336b6b99f3d8aa758fde	source_log_basename	65	9e7e88b145d401a2c17046fae6a4974ab5ef8b30d7445a210cf2d2ed62253d6a	hmf_refine.tsv	75	UNIQUE	source_log_basename
b20:hmf_refine:HMF:74:0	b20	hmf_refine	HMF	74		M	M_b20_cov95v2_HMF_refine_h65_m135	attempt_6dec0702e0f7e1ef6986	source_log_basename	135	ab316eff5abccdebf09b47de5b14e578c758aac82d8a33bafdc69dbd432664e2	hmf_refine.tsv	75	UNIQUE	source_log_basename
b20:hmf_refine:HMF:75:0	b20	hmf_refine	HMF	75		F	F_b20_cov95v2_HMF_refine_h40_m87_F_p46	attempt_a68e1f9e2ea9d674e327	source_log_basename	46	bec79342a2036e68f712aec49bdc9dd0d4a16aa8d6e9355db77e0f471083c53f	hmf_refine.tsv	76	UNIQUE	source_log_basename
b20:hmf_refine:HMF:75:0	b20	hmf_refine	HMF	75		H	H_b20_cov95v2_HMF_refine_H_p40	attempt_2dc905ecc0125b75c80b	source_log_basename	40	eb2795dabafd038320b3ba057131d431a9f30ea9efa787eb5ace14e0f0831ca0	hmf_refine.tsv	76	UNIQUE	source_log_basename
b20:hmf_refine:HMF:75:0	b20	hmf_refine	HMF	75		M	M_b20_cov95v2_HMF_refine_h40_m87	attempt_208945c75dd12d72f884	source_log_basename	87	cb52502eb8f12b4052a5fc3c56606509b835550424d5c3c93c6ca6cc2dda46d1	hmf_refine.tsv	76	UNIQUE	source_log_basename
b20:hmf_refine:HMF:76:0	b20	hmf_refine	HMF	76		F	F_b20_cov95v2_HMF_refine_h40_m112_F_p25	attempt_51cdca27bf9871e6fed1	source_log_basename	25	28f478ec89d3ff2ce035a7310674335e133cc87332727ba5b485205e4a278bb4	hmf_refine.tsv	77	UNIQUE	source_log_basename
b20:hmf_refine:HMF:76:0	b20	hmf_refine	HMF	76		H	H_b20_cov95v2_HMF_refine_H_p40	attempt_2dc905ecc0125b75c80b	source_log_basename	40	eb2795dabafd038320b3ba057131d431a9f30ea9efa787eb5ace14e0f0831ca0	hmf_refine.tsv	77	UNIQUE	source_log_basename
b20:hmf_refine:HMF:76:0	b20	hmf_refine	HMF	76		M	M_b20_cov95v2_HMF_refine_h40_m112	attempt_94272add254d2728dc46	source_log_basename	112	f670e9a8fb47eb3fbf09f5f629fcc410bb1bdefa91138752dd5440e624423a83	hmf_refine.tsv	77	UNIQUE	source_log_basename
b20:hmf_refine:HMF:77:0	b20	hmf_refine	HMF	77		F	F_b20_cov95v2_HMF_refine_h40_m137_F_p5	attempt_5398cb2e3a5690ae5263	source_log_basename	5	1ef71f878848fa27051491181eeed52803bc459d2e0cb8f6f6a74ce66046386a	hmf_refine.tsv	78	UNIQUE	source_log_basename
b20:hmf_refine:HMF:77:0	b20	hmf_refine	HMF	77		H	H_b20_cov95v2_HMF_refine_H_p40	attempt_2dc905ecc0125b75c80b	source_log_basename	40	eb2795dabafd038320b3ba057131d431a9f30ea9efa787eb5ace14e0f0831ca0	hmf_refine.tsv	78	UNIQUE	source_log_basename
b20:hmf_refine:HMF:77:0	b20	hmf_refine	HMF	77		M	M_b20_cov95v2_HMF_refine_h40_m137	attempt_4cbb16e74ac8c2b4eb57	source_log_basename	137	4a1a037747239de0272e3f404376bf1d7a72d350acc4b77b87ab6d583eee636f	hmf_refine.tsv	78	UNIQUE	source_log_basename
b20:hmf_refine:HMF:78:0	b20	hmf_refine	HMF	78		F	F_b20_cov95v2_HMF_refine_h80_m87_F_p22	attempt_b43600302a00a519c444	source_log_basename	22	9a58a581a4702af894bacdcde17686f220b43b77f2d8bba983de5d553b77ed4f	hmf_refine.tsv	79	UNIQUE	source_log_basename
b20:hmf_refine:HMF:78:0	b20	hmf_refine	HMF	78		H	H_b20_cov95v2_HMF_refine_H_p80	attempt_751442b663317ec5b1ee	source_log_basename	80	194a75bd3558e56534266ebbf9208fb1a9d6703d20708b49c59d17ad7ae27980	hmf_refine.tsv	79	UNIQUE	source_log_basename
b20:hmf_refine:HMF:78:0	b20	hmf_refine	HMF	78		M	M_b20_cov95v2_HMF_refine_h80_m87	attempt_c2ebeecbb99eb1d6e567	source_log_basename	87	f5f0219a6c1af9bcdbada347b97c1c841efd87d2eac837b2653066e9616d3275	hmf_refine.tsv	79	UNIQUE	source_log_basename
b20:hmf_refine:HMF:79:0	b20	hmf_refine	HMF	79		F	F_b20_cov95v2_HMF_refine_h80_m112_F_p7	attempt_3545c1af7bc48cdab89b	source_log_basename	7	fd412eefa48153ab4ac454acbd5d8de45c42418e0532612aa2eca9dc27ba202c	hmf_refine.tsv	80	UNIQUE	source_log_basename
b20:hmf_refine:HMF:79:0	b20	hmf_refine	HMF	79		H	H_b20_cov95v2_HMF_refine_H_p80	attempt_751442b663317ec5b1ee	source_log_basename	80	194a75bd3558e56534266ebbf9208fb1a9d6703d20708b49c59d17ad7ae27980	hmf_refine.tsv	80	UNIQUE	source_log_basename
b20:hmf_refine:HMF:79:0	b20	hmf_refine	HMF	79		M	M_b20_cov95v2_HMF_refine_h80_m112	attempt_22e3a4c446ec40a39ca2	source_log_basename	112	d61c7295690c5c6be273346f89129b3e4a194697fcb5060c8367d5877d8e8643	hmf_refine.tsv	80	UNIQUE	source_log_basename
b20:hmf_refine:HMF:7:0	b20	hmf_refine	HMF	7		F	F_b20_cov95v2_HMF_refine_h20_m128_F_p30	attempt_78bc0146ba01fae2efce	source_log_basename	30	56d918d8eb3fb03431e2c2470eef1ff1ace3d83087ee519308ba594560643d33	hmf_refine.tsv	8	UNIQUE	source_log_basename
b20:hmf_refine:HMF:7:0	b20	hmf_refine	HMF	7		H	H_b20_cov95v2_HMF_refine_H_p20	attempt_bae17e5209636d454f6d	source_log_basename	20	832ae97b163fa354a3ec1619ff9948a616400955e009d94291b0069938855ec2	hmf_refine.tsv	8	UNIQUE	source_log_basename
b20:hmf_refine:HMF:7:0	b20	hmf_refine	HMF	7		M	M_b20_cov95v2_HMF_refine_h20_m128	attempt_f4f0b146cf5c0e9a961e	source_log_basename	128	29e9c0a7d50db72b1abb565aa08170c815bd4664a6ef9dd10b8dd9055c98650c	hmf_refine.tsv	8	UNIQUE	source_log_basename
b20:hmf_refine:HMF:80:0	b20	hmf_refine	HMF	80		F				0	NA	hmf_refine.tsv	81	NOT_RUN	TARGET_BEFORE_F
b20:hmf_refine:HMF:80:0	b20	hmf_refine	HMF	80		H	H_b20_cov95v2_HMF_refine_H_p80	attempt_751442b663317ec5b1ee	source_log_basename	80	194a75bd3558e56534266ebbf9208fb1a9d6703d20708b49c59d17ad7ae27980	hmf_refine.tsv	81	UNIQUE	source_log_basename
b20:hmf_refine:HMF:80:0	b20	hmf_refine	HMF	80		M	M_b20_cov95v2_HMF_refine_h80_m137	attempt_b720b426296c7366d583	source_log_basename	137	876f21c0d352f65c7528e82c83d1716a80b2e16eb58c45f8dc8865a431c766e1	hmf_refine.tsv	81	UNIQUE	source_log_basename
b20:hmf_refine:HMF:81:0	b20	hmf_refine	HMF	81		F	F_b20_cov95v2_HMF_refine_h120_m87_F_p9	attempt_27efe21203b9a39b163d	source_log_basename	9	dbb70d8561661bb554709348ba2b22991750373f0f6f26865d9a6b4a9bebaf86	hmf_refine.tsv	82	UNIQUE	source_log_basename
b20:hmf_refine:HMF:81:0	b20	hmf_refine	HMF	81		H	H_b20_cov95v2_HMF_refine_H_p120	attempt_82b4d85d1bcfbf3bf477	source_log_basename	120	f556e1c60ec8b01d7a9f745d8f7d11dace8f4ec2a7f0c6281353b4091432c551	hmf_refine.tsv	82	UNIQUE	source_log_basename
b20:hmf_refine:HMF:81:0	b20	hmf_refine	HMF	81		M	M_b20_cov95v2_HMF_refine_h120_m87	attempt_452f5584ea0bd69afca0	source_log_basename	87	db3776351c4ede6ff249a629906718d2a8c337c7800e48c9f519b25c28d2c7d0	hmf_refine.tsv	82	UNIQUE	source_log_basename
b20:hmf_refine:HMF:82:0	b20	hmf_refine	HMF	82		F				0	NA	hmf_refine.tsv	83	NOT_RUN	TARGET_BEFORE_F
b20:hmf_refine:HMF:82:0	b20	hmf_refine	HMF	82		H	H_b20_cov95v2_HMF_refine_H_p120	attempt_82b4d85d1bcfbf3bf477	source_log_basename	120	f556e1c60ec8b01d7a9f745d8f7d11dace8f4ec2a7f0c6281353b4091432c551	hmf_refine.tsv	83	UNIQUE	source_log_basename
b20:hmf_refine:HMF:82:0	b20	hmf_refine	HMF	82		M	M_b20_cov95v2_HMF_refine_h120_m112	attempt_52162c0b6b09fb02c534	source_log_basename	112	c077f15f432ebce135521fdc02d71e34bfc218ddaa392b0c6c7fdc927d76318c	hmf_refine.tsv	83	UNIQUE	source_log_basename
b20:hmf_refine:HMF:83:0	b20	hmf_refine	HMF	83		F				0	NA	hmf_refine.tsv	84	NOT_RUN	TARGET_BEFORE_F
b20:hmf_refine:HMF:83:0	b20	hmf_refine	HMF	83		H	H_b20_cov95v2_HMF_refine_H_p120	attempt_82b4d85d1bcfbf3bf477	source_log_basename	120	f556e1c60ec8b01d7a9f745d8f7d11dace8f4ec2a7f0c6281353b4091432c551	hmf_refine.tsv	84	UNIQUE	source_log_basename
b20:hmf_refine:HMF:83:0	b20	hmf_refine	HMF	83		M	M_b20_cov95v2_HMF_refine_h120_m137	attempt_39e697e62c38f9c98d8b	source_log_basename	137	be3ec8da611a469b2a294dbafbd3d7826d32f4156024e261f052e48fbc569133	hmf_refine.tsv	84	UNIQUE	source_log_basename
b20:hmf_refine:HMF:84:0	b20	hmf_refine	HMF	84		F	F_b20_cov95v2_HMF_refine_h20_m124_F_p29	attempt_6bcea03c6b48926dc85c	source_log_basename	29	bf18e3a572e1bf3cc73769e65c260dad6c69be8dfac18fecb851e147e77357e8	hmf_refine.tsv	85	UNIQUE	source_log_basename
b20:hmf_refine:HMF:84:0	b20	hmf_refine	HMF	84		H	H_b20_cov95v2_HMF_refine_H_p20	attempt_bae17e5209636d454f6d	source_log_basename	20	832ae97b163fa354a3ec1619ff9948a616400955e009d94291b0069938855ec2	hmf_refine.tsv	85	UNIQUE	source_log_basename
b20:hmf_refine:HMF:84:0	b20	hmf_refine	HMF	84		M	M_b20_cov95v2_HMF_refine_h20_m124	attempt_1e18d4956e1bf50865ee	source_log_basename	124	9826eb88ac867b6dd2f74de0de72cc92ff6b26f8446bfa5db36395bea2d8f7e1	hmf_refine.tsv	85	UNIQUE	source_log_basename
b20:hmf_refine:HMF:85:0	b20	hmf_refine	HMF	85		F	F_b20_cov95v2_HMF_refine_h20_m137_F_p17	attempt_1c8d5732be1753bfee5a	source_log_basename	17	2dd4fe53783639b2c1a5c37c4938d1e9ee223ed8f1cb18dcf6fb4719093faefd	hmf_refine.tsv	86	UNIQUE	source_log_basename
b20:hmf_refine:HMF:85:0	b20	hmf_refine	HMF	85		H	H_b20_cov95v2_HMF_refine_H_p20	attempt_bae17e5209636d454f6d	source_log_basename	20	832ae97b163fa354a3ec1619ff9948a616400955e009d94291b0069938855ec2	hmf_refine.tsv	86	UNIQUE	source_log_basename
b20:hmf_refine:HMF:85:0	b20	hmf_refine	HMF	85		M	M_b20_cov95v2_HMF_refine_h20_m137	attempt_6bf1fe7256350efdd69d	source_log_basename	137	d714f1275920cf3bc8d0e88107a8b7e1d895df84ef938116f0045a5c4d12528d	hmf_refine.tsv	86	UNIQUE	source_log_basename
b20:hmf_refine:HMF:86:0	b20	hmf_refine	HMF	86		F	F_b20_cov95v2_HMF_refine_h20_m150_F_p16	attempt_8d6241c5329053c43449	source_log_basename	16	285b414c55f75ae96cf8c242609f7029845588d59e5c2a3ec7fe8bacf6fe8a69	hmf_refine.tsv	87	UNIQUE	source_log_basename
b20:hmf_refine:HMF:86:0	b20	hmf_refine	HMF	86		H	H_b20_cov95v2_HMF_refine_H_p20	attempt_bae17e5209636d454f6d	source_log_basename	20	832ae97b163fa354a3ec1619ff9948a616400955e009d94291b0069938855ec2	hmf_refine.tsv	87	UNIQUE	source_log_basename
b20:hmf_refine:HMF:86:0	b20	hmf_refine	HMF	86		M	M_b20_cov95v2_HMF_refine_h20_m150	attempt_4fe2dfbc6b263b451c53	source_log_basename	150	d76c32d79b861139251bdc285787d4eec2e0788d7f8f0cd9bd470f70ae0e0906	hmf_refine.tsv	87	UNIQUE	source_log_basename
b20:hmf_refine:HMF:87:0	b20	hmf_refine	HMF	87		F	F_b20_cov95v2_HMF_refine_h40_m124_F_p14	attempt_2e24bf626d4e8f76739a	source_log_basename	14	4f9c7412b457f456a4917440983e10894e4e00c02d5caf1e04fa51316003be6e	hmf_refine.tsv	88	UNIQUE	source_log_basename
b20:hmf_refine:HMF:87:0	b20	hmf_refine	HMF	87		H	H_b20_cov95v2_HMF_refine_H_p40	attempt_2dc905ecc0125b75c80b	source_log_basename	40	eb2795dabafd038320b3ba057131d431a9f30ea9efa787eb5ace14e0f0831ca0	hmf_refine.tsv	88	UNIQUE	source_log_basename
b20:hmf_refine:HMF:87:0	b20	hmf_refine	HMF	87		M	M_b20_cov95v2_HMF_refine_h40_m124	attempt_b2b2e1766c3706a77661	source_log_basename	124	afc361b83405c60687ce1d21acfae3944d04125f3ed79f62b41b694ec753893a	hmf_refine.tsv	88	UNIQUE	source_log_basename
b20:hmf_refine:HMF:88:0	b20	hmf_refine	HMF	88		F				0	NA	hmf_refine.tsv	89	NOT_RUN	TARGET_BEFORE_F
b20:hmf_refine:HMF:88:0	b20	hmf_refine	HMF	88		H	H_b20_cov95v2_HMF_refine_H_p40	attempt_2dc905ecc0125b75c80b	source_log_basename	40	eb2795dabafd038320b3ba057131d431a9f30ea9efa787eb5ace14e0f0831ca0	hmf_refine.tsv	89	UNIQUE	source_log_basename
b20:hmf_refine:HMF:88:0	b20	hmf_refine	HMF	88		M	M_b20_cov95v2_HMF_refine_h40_m150	attempt_b6f3fda66b23be16c6bb	source_log_basename	150	99e18c13354cb827a6a51168e01169d77685c931851f503197c1d776dd52012a	hmf_refine.tsv	89	UNIQUE	source_log_basename
b20:hmf_refine:HMF:89:0	b20	hmf_refine	HMF	89		F				0	NA	hmf_refine.tsv	90	NOT_RUN	TARGET_BEFORE_F
b20:hmf_refine:HMF:89:0	b20	hmf_refine	HMF	89		H	H_b20_cov95v2_HMF_refine_H_p60	attempt_11c45bcb787f5f230387	source_log_basename	60	f3363755fdcd288a9f380d64f093e2df390d7f1c21d9c9e3661aed7e6ad4be3a	hmf_refine.tsv	90	UNIQUE	source_log_basename
b20:hmf_refine:HMF:89:0	b20	hmf_refine	HMF	89		M	M_b20_cov95v2_HMF_refine_h60_m137	attempt_d0e14c16609fd3d281b3	source_log_basename	137	1283c78abdbd12aa3a53f5a8e9103febeab025a86d9c63c8958e0c38de58448d	hmf_refine.tsv	90	UNIQUE	source_log_basename
b20:hmf_refine:HMF:8:0	b20	hmf_refine	HMF	8		F	F_b20_cov95v2_HMF_refine_h20_m141_F_p18	attempt_9c58d29e536ca7cd7e51	source_log_basename	18	9981eedcb876409cb134741738ec2c82c61d3c7d074e8a86495a240e2eba3006	hmf_refine.tsv	9	UNIQUE	source_log_basename
b20:hmf_refine:HMF:8:0	b20	hmf_refine	HMF	8		H	H_b20_cov95v2_HMF_refine_H_p20	attempt_bae17e5209636d454f6d	source_log_basename	20	832ae97b163fa354a3ec1619ff9948a616400955e009d94291b0069938855ec2	hmf_refine.tsv	9	UNIQUE	source_log_basename
b20:hmf_refine:HMF:8:0	b20	hmf_refine	HMF	8		M	M_b20_cov95v2_HMF_refine_h20_m141	attempt_21de06ef0aa1d8c86c0a	source_log_basename	141	d80f6fb967938b13b2ec7b24aabeb02c1491d401879dd4cbcafebebcad4e9a34	hmf_refine.tsv	9	UNIQUE	source_log_basename
b20:hmf_refine:HMF:90:0	b20	hmf_refine	HMF	90		F				0	NA	hmf_refine.tsv	91	NOT_RUN	TARGET_BEFORE_F
b20:hmf_refine:HMF:90:0	b20	hmf_refine	HMF	90		H	H_b20_cov95v2_HMF_refine_H_p60	attempt_11c45bcb787f5f230387	source_log_basename	60	f3363755fdcd288a9f380d64f093e2df390d7f1c21d9c9e3661aed7e6ad4be3a	hmf_refine.tsv	91	UNIQUE	source_log_basename
b20:hmf_refine:HMF:90:0	b20	hmf_refine	HMF	90		M	M_b20_cov95v2_HMF_refine_h60_m150	attempt_b5e3736eeda42eab049a	source_log_basename	150	a31aae9e68a6345f5ab455bbfece0bb9d249222e1a984408e56d78fd93d91ba0	hmf_refine.tsv	91	UNIQUE	source_log_basename
b20:hmf_refine:HMF:91:0	b20	hmf_refine	HMF	91		F	F_b20_cov95v2_HMF_refine_h30_m130_F_p18	attempt_6c36b881e5b859a47da8	source_log_basename	18	5da8fb508051b290ed8cfc869070f2e75dfb8daedf95804ca26707fcebf49d12	hmf_refine.tsv	92	UNIQUE	source_log_basename
b20:hmf_refine:HMF:91:0	b20	hmf_refine	HMF	91		H	H_b20_cov95v2_HMF_refine_H_p30	attempt_92ccbc60c3089a2e19d0	source_log_basename	30	01d697b5dfc8042ea0e9010caddbe2df2fcf49ea0eaa439deeb9869e9e18c7d8	hmf_refine.tsv	92	UNIQUE	source_log_basename
b20:hmf_refine:HMF:91:0	b20	hmf_refine	HMF	91		M	M_b20_cov95v2_HMF_refine_h30_m130	attempt_e4115631ea4e28a9de45	source_log_basename	130	1d811f90e456257b1de47b4db3dbb6acfe61ceb6348a68816b0aaeb4e48d0026	hmf_refine.tsv	92	UNIQUE	source_log_basename
b20:hmf_refine:HMF:92:0	b20	hmf_refine	HMF	92		F	F_b20_cov95v2_HMF_refine_h30_m137_F_p21	attempt_af5371bc516dbd8e84cd	source_log_basename	21	16e699d263b666fd3a42e595a67c22d5bb94f3c534336a34df5f517dc1065763	hmf_refine.tsv	93	UNIQUE	source_log_basename
b20:hmf_refine:HMF:92:0	b20	hmf_refine	HMF	92		H	H_b20_cov95v2_HMF_refine_H_p30	attempt_92ccbc60c3089a2e19d0	source_log_basename	30	01d697b5dfc8042ea0e9010caddbe2df2fcf49ea0eaa439deeb9869e9e18c7d8	hmf_refine.tsv	93	UNIQUE	source_log_basename
b20:hmf_refine:HMF:92:0	b20	hmf_refine	HMF	92		M	M_b20_cov95v2_HMF_refine_h30_m137	attempt_7a8647616688395442fb	source_log_basename	137	c6ff06359c3583699c0607938f7086004d355d31555368d8b1e2b6e719a4728c	hmf_refine.tsv	93	UNIQUE	source_log_basename
b20:hmf_refine:HMF:93:0	b20	hmf_refine	HMF	93		F	F_b20_cov95v2_HMF_refine_h30_m144_F_p9	attempt_87fe9fd72672de5d1a9c	source_log_basename	9	247e15b02cb73b12d69ae4af3e9d1b9ffec2d5518a08ba9663f2bfc8068aae77	hmf_refine.tsv	94	UNIQUE	source_log_basename
b20:hmf_refine:HMF:93:0	b20	hmf_refine	HMF	93		H	H_b20_cov95v2_HMF_refine_H_p30	attempt_92ccbc60c3089a2e19d0	source_log_basename	30	01d697b5dfc8042ea0e9010caddbe2df2fcf49ea0eaa439deeb9869e9e18c7d8	hmf_refine.tsv	94	UNIQUE	source_log_basename
b20:hmf_refine:HMF:93:0	b20	hmf_refine	HMF	93		M	M_b20_cov95v2_HMF_refine_h30_m144	attempt_a86ed0c17e574b0e2c28	source_log_basename	144	e3d11e676c4c8aa90260a082f69b82e8f79b958957750380c47167d0fd3e2fbc	hmf_refine.tsv	94	UNIQUE	source_log_basename
b20:hmf_refine:HMF:94:0	b20	hmf_refine	HMF	94		F	F_b20_cov95v2_HMF_refine_h40_m130_F_p12	attempt_1f869af3d08db598bfab	source_log_basename	12	31b79fc735dda306838ad48818380cb072940aabdcc6c1a9b4857466ec62ed95	hmf_refine.tsv	95	UNIQUE	source_log_basename
b20:hmf_refine:HMF:94:0	b20	hmf_refine	HMF	94		H	H_b20_cov95v2_HMF_refine_H_p40	attempt_2dc905ecc0125b75c80b	source_log_basename	40	eb2795dabafd038320b3ba057131d431a9f30ea9efa787eb5ace14e0f0831ca0	hmf_refine.tsv	95	UNIQUE	source_log_basename
b20:hmf_refine:HMF:94:0	b20	hmf_refine	HMF	94		M	M_b20_cov95v2_HMF_refine_h40_m130	attempt_9bad4319343bec3174dc	source_log_basename	130	2c457a55edf60d503ea9d7e74617be384bbec66732f0310493e203e942dc49fa	hmf_refine.tsv	95	UNIQUE	source_log_basename
b20:hmf_refine:HMF:95:0	b20	hmf_refine	HMF	95		F	F_b20_cov95v2_HMF_refine_h40_m144_F_p2	attempt_c4b03db872a58efb3882	source_log_basename	2	d2bcfd5a81f0d5ec1992302c4564d4592417710b9ae4af3467d6248df4dabfca	hmf_refine.tsv	96	UNIQUE	source_log_basename
b20:hmf_refine:HMF:95:0	b20	hmf_refine	HMF	95		H	H_b20_cov95v2_HMF_refine_H_p40	attempt_2dc905ecc0125b75c80b	source_log_basename	40	eb2795dabafd038320b3ba057131d431a9f30ea9efa787eb5ace14e0f0831ca0	hmf_refine.tsv	96	UNIQUE	source_log_basename
b20:hmf_refine:HMF:95:0	b20	hmf_refine	HMF	95		M	M_b20_cov95v2_HMF_refine_h40_m144	attempt_9de50b5d5ea7c1105522	source_log_basename	144	2055c991b994ad9a5a507b57c3fb3f5f2daff23d6b14e8b326d34b39706ce7b0	hmf_refine.tsv	96	UNIQUE	source_log_basename
b20:hmf_refine:HMF:96:0	b20	hmf_refine	HMF	96		F	F_b20_cov95v2_HMF_refine_h50_m137_F_p2	attempt_3fd9079ce7cc6099dc68	source_log_basename	2	41096b3d1d893259c8b469fc925d86486635f78b7498fb08b15fb842ac2bb17e	hmf_refine.tsv	97	UNIQUE	source_log_basename
b20:hmf_refine:HMF:96:0	b20	hmf_refine	HMF	96		H	H_b20_cov95v2_HMF_refine_H_p50	attempt_e32a5f296db16b0e257c	source_log_basename	50	05a90d3971500436ef098cf1e93d1c583b6c56bc76a6955f2cf5c8ed83113c62	hmf_refine.tsv	97	UNIQUE	source_log_basename
b20:hmf_refine:HMF:96:0	b20	hmf_refine	HMF	96		M	M_b20_cov95v2_HMF_refine_h50_m137	attempt_a5344498fd32897836e9	source_log_basename	137	ad67511232f4ca1dc5fcbe44e225f92215f5bed78caf6b5b70a5a6695889a994	hmf_refine.tsv	97	UNIQUE	source_log_basename
b20:hmf_refine:HMF:97:0	b20	hmf_refine	HMF	97		F				0	NA	hmf_refine.tsv	98	NOT_RUN	TARGET_BEFORE_F
b20:hmf_refine:HMF:97:0	b20	hmf_refine	HMF	97		H	H_b20_cov95v2_HMF_refine_H_p50	attempt_e32a5f296db16b0e257c	source_log_basename	50	05a90d3971500436ef098cf1e93d1c583b6c56bc76a6955f2cf5c8ed83113c62	hmf_refine.tsv	98	UNIQUE	source_log_basename
b20:hmf_refine:HMF:97:0	b20	hmf_refine	HMF	97		M	M_b20_cov95v2_HMF_refine_h50_m144	attempt_adf6f9e4c4162db37988	source_log_basename	144	ec58bb48592024d54170ffbe99a713d319418ef3560bea06554b38487fdef238	hmf_refine.tsv	98	UNIQUE	source_log_basename
b20:hmf_refine:HMF:98:0	b20	hmf_refine	HMF	98		F	F_b20_cov95v2_HMF_refine_h45_m133_F_p8	attempt_245449e687add1a6d7ad	source_log_basename	8	24c7a15bfa0ffc11b31bc3c550088e7c513cddb5f5187b69d45e1ed6bf4ec4ed	hmf_refine.tsv	99	UNIQUE	source_log_basename
b20:hmf_refine:HMF:98:0	b20	hmf_refine	HMF	98		H	H_b20_cov95v2_HMF_refine_H_p45	attempt_021b76cb25a5a45ee884	source_log_basename	45	c5f8b3b401a3b72a0499ddbe88229eb4826c7ee315f338448520fa65d4b850d3	hmf_refine.tsv	99	UNIQUE	source_log_basename
b20:hmf_refine:HMF:98:0	b20	hmf_refine	HMF	98		M	M_b20_cov95v2_HMF_refine_h45_m133	attempt_08331e94d69c782fea8c	source_log_basename	133	ccdf3dceaf6e0e041fbc00b47aeac5606e52db4339f54efd4e050bc03b2d98b9	hmf_refine.tsv	99	UNIQUE	source_log_basename
b20:hmf_refine:HMF:99:0	b20	hmf_refine	HMF	99		F	F_b20_cov95v2_HMF_refine_h45_m137_F_p7	attempt_080b88d922b4a0406eca	source_log_basename	7	c4e752d3c9075c400a35e5309f45fc0f3a88022543da708dedddd1046407493f	hmf_refine.tsv	100	UNIQUE	source_log_basename
b20:hmf_refine:HMF:99:0	b20	hmf_refine	HMF	99		H	H_b20_cov95v2_HMF_refine_H_p45	attempt_021b76cb25a5a45ee884	source_log_basename	45	c5f8b3b401a3b72a0499ddbe88229eb4826c7ee315f338448520fa65d4b850d3	hmf_refine.tsv	100	UNIQUE	source_log_basename
b20:hmf_refine:HMF:99:0	b20	hmf_refine	HMF	99		M	M_b20_cov95v2_HMF_refine_h45_m137	attempt_0596d5b4b2ad5aa01e65	source_log_basename	137	b2d8803e227879b4930ad41d7c51a88ac073389c703bf6f50d20c44895dddd80	hmf_refine.tsv	100	UNIQUE	source_log_basename
b20:hmf_refine:HMF:9:0	b20	hmf_refine	HMF	9		F	F_b20_cov95v2_HMF_refine_h20_m154_F_p8	attempt_94e4cdb24c6cef213d3b	source_log_basename	8	fc3b6c9da5237aa8fc41c8c0911b48496d714779fb2166b6ebecf060221da446	hmf_refine.tsv	10	UNIQUE	source_log_basename
b20:hmf_refine:HMF:9:0	b20	hmf_refine	HMF	9		H	H_b20_cov95v2_HMF_refine_H_p20	attempt_bae17e5209636d454f6d	source_log_basename	20	832ae97b163fa354a3ec1619ff9948a616400955e009d94291b0069938855ec2	hmf_refine.tsv	10	UNIQUE	source_log_basename
b20:hmf_refine:HMF:9:0	b20	hmf_refine	HMF	9		M	M_b20_cov95v2_HMF_refine_h20_m154	attempt_8c68e89296be5be376f9	source_log_basename	154	09e2a63085082f49695be244300c02d162340b9bee697a4c9bac454515697895	hmf_refine.tsv	10	UNIQUE	source_log_basename
b20:repeatability:ComScan-H64:ComScan-H64:1	b20	repeatability	ComScan-H64	ComScan-H64	1	H				795	76b10cf61a55d5ec19d6d5d65d6043f311c7b2f6a6420c533abffc09e5b57ad2	repeatability.tsv	3	NO_RESULT_PATH	repeatability_has_no_result_path
b20:repeatability:ComScan-H64:ComScan-H64:2	b20	repeatability	ComScan-H64	ComScan-H64	2	H				795	76b10cf61a55d5ec19d6d5d65d6043f311c7b2f6a6420c533abffc09e5b57ad2	repeatability.tsv	7	NO_RESULT_PATH	repeatability_has_no_result_path
b20:repeatability:ComScan-H64:ComScan-H64:3	b20	repeatability	ComScan-H64	ComScan-H64	3	H				795	76b10cf61a55d5ec19d6d5d65d6043f311c7b2f6a6420c533abffc09e5b57ad2	repeatability.tsv	11	NO_RESULT_PATH	repeatability_has_no_result_path
b20:repeatability:FullScan-F4:FullScan-F4:1	b20	repeatability	FullScan-F4	FullScan-F4	1	F				156	da2facfca862011aa3b92ff583d139b2bce51fec44ba98489dc566cf314fb9f8	repeatability.tsv	2	NO_RESULT_PATH	repeatability_has_no_result_path
b20:repeatability:FullScan-F4:FullScan-F4:2	b20	repeatability	FullScan-F4	FullScan-F4	2	F				156	da2facfca862011aa3b92ff583d139b2bce51fec44ba98489dc566cf314fb9f8	repeatability.tsv	6	NO_RESULT_PATH	repeatability_has_no_result_path
b20:repeatability:FullScan-F4:FullScan-F4:3	b20	repeatability	FullScan-F4	FullScan-F4	3	F				156	da2facfca862011aa3b92ff583d139b2bce51fec44ba98489dc566cf314fb9f8	repeatability.tsv	10	NO_RESULT_PATH	repeatability_has_no_result_path
b20:repeatability:H64-F4:H64-F4:1	b20	repeatability	H64-F4	H64-F4	1	F				18	577b15323e46ed1bbf8c45334ef0032e797834c445dac5f59fd0041cf61151d0	repeatability.tsv	4	NO_RESULT_PATH	repeatability_has_no_result_path
b20:repeatability:H64-F4:H64-F4:1	b20	repeatability	H64-F4	H64-F4	1	H				318	46a2375dfeed0ae98b84c1933cb680271d02c391c04120b88ad62e77fbf541d3	repeatability.tsv	4	NO_RESULT_PATH	repeatability_has_no_result_path
b20:repeatability:H64-F4:H64-F4:2	b20	repeatability	H64-F4	H64-F4	2	F				18	577b15323e46ed1bbf8c45334ef0032e797834c445dac5f59fd0041cf61151d0	repeatability.tsv	8	NO_RESULT_PATH	repeatability_has_no_result_path
b20:repeatability:H64-F4:H64-F4:2	b20	repeatability	H64-F4	H64-F4	2	H				318	46a2375dfeed0ae98b84c1933cb680271d02c391c04120b88ad62e77fbf541d3	repeatability.tsv	8	NO_RESULT_PATH	repeatability_has_no_result_path
b20:repeatability:H64-F4:H64-F4:3	b20	repeatability	H64-F4	H64-F4	3	F				18	577b15323e46ed1bbf8c45334ef0032e797834c445dac5f59fd0041cf61151d0	repeatability.tsv	12	NO_RESULT_PATH	repeatability_has_no_result_path
b20:repeatability:H64-F4:H64-F4:3	b20	repeatability	H64-F4	H64-F4	3	H				318	46a2375dfeed0ae98b84c1933cb680271d02c391c04120b88ad62e77fbf541d3	repeatability.tsv	12	NO_RESULT_PATH	repeatability_has_no_result_path
b20:repeatability:H64-M16-F4:H64-M16-F4:1	b20	repeatability	H64-M16-F4	H64-M16-F4	1	F				2	e483327bf5133bfdcf7e889bf4bdecfa88e02d779c2eb97f492cc0861ccd14f0	repeatability.tsv	5	NO_RESULT_PATH	repeatability_has_no_result_path
b20:repeatability:H64-M16-F4:H64-M16-F4:1	b20	repeatability	H64-M16-F4	H64-M16-F4	1	H				89	60034b86c9c0d0f9149a2e854b28a3f23ed7600f5c4efceb00a2f9bc86e57c86	repeatability.tsv	5	NO_RESULT_PATH	repeatability_has_no_result_path
b20:repeatability:H64-M16-F4:H64-M16-F4:1	b20	repeatability	H64-M16-F4	H64-M16-F4	1	M				95	432b06002ae0b2df3141d2beae15ea82a0a6432dac08805ac16690ebf2317b10	repeatability.tsv	5	NO_RESULT_PATH	repeatability_has_no_result_path
b20:repeatability:H64-M16-F4:H64-M16-F4:2	b20	repeatability	H64-M16-F4	H64-M16-F4	2	F				2	e483327bf5133bfdcf7e889bf4bdecfa88e02d779c2eb97f492cc0861ccd14f0	repeatability.tsv	9	NO_RESULT_PATH	repeatability_has_no_result_path
b20:repeatability:H64-M16-F4:H64-M16-F4:2	b20	repeatability	H64-M16-F4	H64-M16-F4	2	H				89	60034b86c9c0d0f9149a2e854b28a3f23ed7600f5c4efceb00a2f9bc86e57c86	repeatability.tsv	9	NO_RESULT_PATH	repeatability_has_no_result_path
b20:repeatability:H64-M16-F4:H64-M16-F4:2	b20	repeatability	H64-M16-F4	H64-M16-F4	2	M				95	432b06002ae0b2df3141d2beae15ea82a0a6432dac08805ac16690ebf2317b10	repeatability.tsv	9	NO_RESULT_PATH	repeatability_has_no_result_path
b20:repeatability:H64-M16-F4:H64-M16-F4:3	b20	repeatability	H64-M16-F4	H64-M16-F4	3	F				2	e483327bf5133bfdcf7e889bf4bdecfa88e02d779c2eb97f492cc0861ccd14f0	repeatability.tsv	13	NO_RESULT_PATH	repeatability_has_no_result_path
b20:repeatability:H64-M16-F4:H64-M16-F4:3	b20	repeatability	H64-M16-F4	H64-M16-F4	3	H				89	60034b86c9c0d0f9149a2e854b28a3f23ed7600f5c4efceb00a2f9bc86e57c86	repeatability.tsv	13	NO_RESULT_PATH	repeatability_has_no_result_path
b20:repeatability:H64-M16-F4:H64-M16-F4:3	b20	repeatability	H64-M16-F4	H64-M16-F4	3	M				95	432b06002ae0b2df3141d2beae15ea82a0a6432dac08805ac16690ebf2317b10	repeatability.tsv	13	NO_RESULT_PATH	repeatability_has_no_result_path
b20:single_boundary:SINGLE:104:0	b20	single_boundary	SINGLE	104		F	F_b20_cov95v2_single_F_p104	attempt_4fea30de8a21299d1e60	source_log_basename	104		single_boundary.tsv	7	UNIQUE	source_log_basename
b20:single_boundary:SINGLE:119:0	b20	single_boundary	SINGLE	119		H	H_b20_cov95v2_single_H_p119	attempt_369fb2d461d05c544a36	source_log_basename	119		single_boundary.tsv	26	UNIQUE	source_log_basename
b20:single_boundary:SINGLE:124:0	b20	single_boundary	SINGLE	124		F	F_b20_cov95v2_single_F_p124	attempt_173e01eed7a989dd7a27	source_log_basename	124		single_boundary.tsv	8	UNIQUE	source_log_basename
b20:single_boundary:SINGLE:145:0	b20	single_boundary	SINGLE	145		F	F_b20_cov95v2_single_F_p145	attempt_874e2668ddf968a34aec	source_log_basename	145		single_boundary.tsv	9	UNIQUE	source_log_basename
b20:single_boundary:SINGLE:146:0	b20	single_boundary	SINGLE	146		F	F_b20_cov95v2_single_F_p146	attempt_0f65c6dbe299da5d0a5c	source_log_basename	146		single_boundary.tsv	44	UNIQUE	source_log_basename
b20:single_boundary:SINGLE:147:0	b20	single_boundary	SINGLE	147		F	F_b20_cov95v2_single_F_p147	attempt_8d441468dee4fecb30fe	source_log_basename	147		single_boundary.tsv	45	UNIQUE	source_log_basename
b20:single_boundary:SINGLE:148:0	b20	single_boundary	SINGLE	148		F	F_b20_cov95v2_single_F_p148	attempt_1b68923dd190db7d8dad	source_log_basename	148		single_boundary.tsv	46	UNIQUE	source_log_basename
b20:single_boundary:SINGLE:149:0	b20	single_boundary	SINGLE	149		F	F_b20_cov95v2_single_F_p149	attempt_f799aa0fe5d5334ebe8a	source_log_basename	149		single_boundary.tsv	47	UNIQUE	source_log_basename
b20:single_boundary:SINGLE:150:0	b20	single_boundary	SINGLE	150		F	F_b20_cov95v2_single_F_p150	attempt_e77786659ccae00b1a26	source_log_basename	150		single_boundary.tsv	48	UNIQUE	source_log_basename
b20:single_boundary:SINGLE:151:0	b20	single_boundary	SINGLE	151		F	F_b20_cov95v2_single_F_p151	attempt_059b0a43129a53982293	source_log_basename	151		single_boundary.tsv	49	UNIQUE	source_log_basename
b20:single_boundary:SINGLE:152:0	b20	single_boundary	SINGLE	152		F	F_b20_cov95v2_single_F_p152	attempt_08d77eafde64da44b84f	source_log_basename	152		single_boundary.tsv	50	UNIQUE	source_log_basename
b20:single_boundary:SINGLE:153:0	b20	single_boundary	SINGLE	153		F	F_b20_cov95v2_single_F_p153	attempt_af89e815b3356b41b246	source_log_basename	153		single_boundary.tsv	51	UNIQUE	source_log_basename
b20:single_boundary:SINGLE:154:0	b20	single_boundary	SINGLE	154		F	F_b20_cov95v2_single_F_p154	attempt_ed9b7a3b217b15090a96	source_log_basename	154		single_boundary.tsv	52	UNIQUE	source_log_basename
b20:single_boundary:SINGLE:155:0	b20	single_boundary	SINGLE	155		F	F_b20_cov95v2_single_F_p155	attempt_771037207e49c1dd7643	source_log_basename	155		single_boundary.tsv	53	UNIQUE	source_log_basename
b20:single_boundary:SINGLE:156:0	b20	single_boundary	SINGLE	156		F	F_b20_cov95v2_single_F_p156	attempt_0ffecba42e09d095c974	source_log_basename	156		single_boundary.tsv	54	UNIQUE	source_log_basename
b20:single_boundary:SINGLE:157:0	b20	single_boundary	SINGLE	157		F	F_b20_cov95v2_single_F_p157	attempt_ec97550e824509c6cc5e	source_log_basename	157		single_boundary.tsv	55	UNIQUE	source_log_basename
b20:single_boundary:SINGLE:158:0	b20	single_boundary	SINGLE	158		F	F_b20_cov95v2_single_F_p158	attempt_846332f4b8d39e7cd002	source_log_basename	158		single_boundary.tsv	56	UNIQUE	source_log_basename
b20:single_boundary:SINGLE:159:0	b20	single_boundary	SINGLE	159		F	F_b20_cov95v2_single_F_p159	attempt_490fb215ae1b99088c14	source_log_basename	159		single_boundary.tsv	57	UNIQUE	source_log_basename
b20:single_boundary:SINGLE:159:0	b20	single_boundary	SINGLE	159		H	H_b20_cov95v2_single_H_p159	attempt_13fcd42d3f7d750adba2	source_log_basename	159		single_boundary.tsv	27	UNIQUE	source_log_basename
b20:single_boundary:SINGLE:160:0	b20	single_boundary	SINGLE	160		F	F_b20_cov95v2_single_F_p160	attempt_7865e3799113d6349900	source_log_basename	160		single_boundary.tsv	58	UNIQUE	source_log_basename
b20:single_boundary:SINGLE:161:0	b20	single_boundary	SINGLE	161		F	F_b20_cov95v2_single_F_p161	attempt_9388ef041cf5c991a2bb	source_log_basename	161		single_boundary.tsv	59	UNIQUE	source_log_basename
b20:single_boundary:SINGLE:162:0	b20	single_boundary	SINGLE	162		F	F_b20_cov95v2_single_F_p162	attempt_9ca1723a68edb4bf6e4c	source_log_basename	162		single_boundary.tsv	60	UNIQUE	source_log_basename
b20:single_boundary:SINGLE:163:0	b20	single_boundary	SINGLE	163		F	F_b20_cov95v2_single_F_p163	attempt_50fc83fe372689a6eac7	source_log_basename	163		single_boundary.tsv	61	UNIQUE	source_log_basename
b20:single_boundary:SINGLE:164:0	b20	single_boundary	SINGLE	164		F	F_b20_cov95v2_single_F_p164	attempt_28c06eaaa8d43930f0e8	source_log_basename	164		single_boundary.tsv	62	UNIQUE	source_log_basename
b20:single_boundary:SINGLE:165:0	b20	single_boundary	SINGLE	165		F	F_b20_cov95v2_single_F_p165	attempt_1abe58afd6750ba19713	source_log_basename	165		single_boundary.tsv	63	UNIQUE	source_log_basename
b20:single_boundary:SINGLE:166:0	b20	single_boundary	SINGLE	166		F	F_b20_cov95v2_single_F_p166	attempt_280c7244879460be5c79	source_log_basename	166		single_boundary.tsv	10	UNIQUE	source_log_basename
b20:single_boundary:SINGLE:186:0	b20	single_boundary	SINGLE	186		F	F_b20_cov95v2_single_F_p186	attempt_28593642505a9f489e83	source_log_basename	186		single_boundary.tsv	11	UNIQUE	source_log_basename
b20:single_boundary:SINGLE:199:0	b20	single_boundary	SINGLE	199		H	H_b20_cov95v2_single_H_p199	attempt_a4617668b164025ccf84	source_log_basename	199		single_boundary.tsv	28	UNIQUE	source_log_basename
b20:single_boundary:SINGLE:1:0	b20	single_boundary	SINGLE	1		F	F_b20_cov95v2_single_F_p1	attempt_517b4132e98acb5c0f72	source_log_basename	1		single_boundary.tsv	2	UNIQUE	source_log_basename
b20:single_boundary:SINGLE:1:0	b20	single_boundary	SINGLE	1		H	H_b20_cov95v2_single_H_p1	attempt_77b2950cd638d1e88b5e	source_log_basename	1		single_boundary.tsv	23	UNIQUE	source_log_basename
b20:single_boundary:SINGLE:207:0	b20	single_boundary	SINGLE	207		F	F_b20_cov95v2_single_F_p207	attempt_a884dc038e8af69db1b6	source_log_basename	207		single_boundary.tsv	12	UNIQUE	source_log_basename
b20:single_boundary:SINGLE:21:0	b20	single_boundary	SINGLE	21		F	F_b20_cov95v2_single_F_p21	attempt_f79ebcfa15bc7b744a32	source_log_basename	21		single_boundary.tsv	3	UNIQUE	source_log_basename
b20:single_boundary:SINGLE:228:0	b20	single_boundary	SINGLE	228		F	F_b20_cov95v2_single_F_p228	attempt_c3a7be6df91cf7bce41b	source_log_basename	228		single_boundary.tsv	13	UNIQUE	source_log_basename
b20:single_boundary:SINGLE:239:0	b20	single_boundary	SINGLE	239		H	H_b20_cov95v2_single_H_p239	attempt_c589f8b1c7c1286de47b	source_log_basename	239		single_boundary.tsv	29	UNIQUE	source_log_basename
b20:single_boundary:SINGLE:248:0	b20	single_boundary	SINGLE	248		F	F_b20_cov95v2_single_F_p248	attempt_a2b0f93edac56a2a0838	source_log_basename	248		single_boundary.tsv	14	UNIQUE	source_log_basename
b20:single_boundary:SINGLE:269:0	b20	single_boundary	SINGLE	269		F	F_b20_cov95v2_single_F_p269	attempt_203dfa192bd6ed14d9d9	source_log_basename	267		single_boundary.tsv	15	UNIQUE	source_log_basename
b20:single_boundary:SINGLE:278:0	b20	single_boundary	SINGLE	278		H	H_b20_cov95v2_single_H_p278	attempt_d2bf801050e0a8129967	source_log_basename	278		single_boundary.tsv	30	UNIQUE	source_log_basename
b20:single_boundary:SINGLE:290:0	b20	single_boundary	SINGLE	290		F	F_b20_cov95v2_single_F_p290	attempt_3945393b6cc05236f9b7	source_log_basename	283		single_boundary.tsv	16	UNIQUE	source_log_basename
b20:single_boundary:SINGLE:311:0	b20	single_boundary	SINGLE	311		F	F_b20_cov95v2_single_F_p311	attempt_370f9346b12d512165b5	source_log_basename	299		single_boundary.tsv	17	UNIQUE	source_log_basename
b20:single_boundary:SINGLE:318:0	b20	single_boundary	SINGLE	318		H	H_b20_cov95v2_single_H_p318	attempt_838a377fdb63a89f0cb9	source_log_basename	318		single_boundary.tsv	31	UNIQUE	source_log_basename
b20:single_boundary:SINGLE:331:0	b20	single_boundary	SINGLE	331		F	F_b20_cov95v2_single_F_p331	attempt_5cf131922cc0e1d5242d	source_log_basename	317		single_boundary.tsv	18	UNIQUE	source_log_basename
b20:single_boundary:SINGLE:352:0	b20	single_boundary	SINGLE	352		F	F_b20_cov95v2_single_F_p352	attempt_a886ba0208ddafd48d80	source_log_basename	340		single_boundary.tsv	19	UNIQUE	source_log_basename
b20:single_boundary:SINGLE:358:0	b20	single_boundary	SINGLE	358		H	H_b20_cov95v2_single_H_p358	attempt_52b9f137ff7fe5ae4d2e	source_log_basename	358		single_boundary.tsv	32	UNIQUE	source_log_basename
b20:single_boundary:SINGLE:373:0	b20	single_boundary	SINGLE	373		F	F_b20_cov95v2_single_F_p373	attempt_f70fd9318ec542a52dce	source_log_basename	353		single_boundary.tsv	20	UNIQUE	source_log_basename
b20:single_boundary:SINGLE:393:0	b20	single_boundary	SINGLE	393		F	F_b20_cov95v2_single_F_p393	attempt_a1276b8fb74e49499a73	source_log_basename	382		single_boundary.tsv	21	UNIQUE	source_log_basename
b20:single_boundary:SINGLE:398:0	b20	single_boundary	SINGLE	398		H	H_b20_cov95v2_single_H_p398	attempt_adb7aea04a81804a87f4	source_log_basename	398		single_boundary.tsv	33	UNIQUE	source_log_basename
b20:single_boundary:SINGLE:40:0	b20	single_boundary	SINGLE	40		H	H_b20_cov95v2_single_H_p40	attempt_d213e4f21cca9caf2f46	source_log_basename	40		single_boundary.tsv	24	UNIQUE	source_log_basename
b20:single_boundary:SINGLE:414:0	b20	single_boundary	SINGLE	414		F	F_b20_F_full_phase4_v1			414		single_boundary.tsv	22	MISSING	no_attempt_for_source_basename_or_run_id
b20:single_boundary:SINGLE:41:0	b20	single_boundary	SINGLE	41		F	F_b20_cov95v2_single_F_p41	attempt_dbca9d88cfeb4547c5a1	source_log_basename	41		single_boundary.tsv	4	UNIQUE	source_log_basename
b20:single_boundary:SINGLE:437:0	b20	single_boundary	SINGLE	437		H	H_b20_cov95v2_single_H_p437	attempt_0626f29924958dee0bd1	source_log_basename	437		single_boundary.tsv	34	UNIQUE	source_log_basename
b20:single_boundary:SINGLE:477:0	b20	single_boundary	SINGLE	477		H	H_b20_cov95v2_single_H_p477	attempt_75d5945249ef62f04020	source_log_basename	477		single_boundary.tsv	35	UNIQUE	source_log_basename
b20:single_boundary:SINGLE:517:0	b20	single_boundary	SINGLE	517		H	H_b20_cov95v2_single_H_p517	attempt_e3fab3646bf156f128cc	source_log_basename	517		single_boundary.tsv	36	UNIQUE	source_log_basename
b20:single_boundary:SINGLE:557:0	b20	single_boundary	SINGLE	557		H	H_b20_cov95v2_single_H_p557	attempt_59d447d8709db40abcf5	source_log_basename	557		single_boundary.tsv	37	UNIQUE	source_log_basename
b20:single_boundary:SINGLE:596:0	b20	single_boundary	SINGLE	596		H	H_b20_cov95v2_single_H_p596	attempt_52822fa76be6b5329993	source_log_basename	596		single_boundary.tsv	38	UNIQUE	source_log_basename
b20:single_boundary:SINGLE:62:0	b20	single_boundary	SINGLE	62		F	F_b20_cov95v2_single_F_p62	attempt_d31b9a55cbd53997138d	source_log_basename	62		single_boundary.tsv	5	UNIQUE	source_log_basename
b20:single_boundary:SINGLE:636:0	b20	single_boundary	SINGLE	636		H	H_b20_cov95v2_single_H_p636	attempt_151eaf270419d35bf019	source_log_basename	636		single_boundary.tsv	39	UNIQUE	source_log_basename
b20:single_boundary:SINGLE:676:0	b20	single_boundary	SINGLE	676		H	H_b20_cov95v2_single_H_p676	attempt_8916c4163fcbbe35d183	source_log_basename	676		single_boundary.tsv	40	UNIQUE	source_log_basename
b20:single_boundary:SINGLE:716:0	b20	single_boundary	SINGLE	716		H	H_b20_cov95v2_single_H_p716	attempt_57bd05f23e9cda50f829	source_log_basename	716		single_boundary.tsv	41	UNIQUE	source_log_basename
b20:single_boundary:SINGLE:755:0	b20	single_boundary	SINGLE	755		H	H_b20_cov95v2_single_H_p755	attempt_96eb1424ae349c05ac87	source_log_basename	755		single_boundary.tsv	42	UNIQUE	source_log_basename
b20:single_boundary:SINGLE:795:0	b20	single_boundary	SINGLE	795		H	H_b20_H_full_phase4_v1			795		single_boundary.tsv	43	MISSING	no_attempt_for_source_basename_or_run_id
b20:single_boundary:SINGLE:80:0	b20	single_boundary	SINGLE	80		H	H_b20_cov95v2_single_H_p80	attempt_0b79de52b146ef27e584	source_log_basename	80		single_boundary.tsv	25	UNIQUE	source_log_basename
b20:single_boundary:SINGLE:83:0	b20	single_boundary	SINGLE	83		F	F_b20_cov95v2_single_F_p83	attempt_b0258e09dc23a5f013fc	source_log_basename	83		single_boundary.tsv	6	UNIQUE	source_log_basename
