action_uid	circuit	action_scheme	mode_stack	h_patterns	m_patterns	repeat_measurement_count	source_candidate_uids	source_stages	outcome_conflict	outcome_conflict_fields
aes_core:HF:h1	aes_core	HF	H64-F4	1		1	aes_core:hf_coarse:H64-F4:1	hf_coarse	false	
aes_core:HF:h119	aes_core	HF	H64-F4	119		2	aes_core:hf_coarse:H64-F4:4|aes_core:hf_refine:H64-F4:22	hf_coarse|hf_refine	false	
aes_core:HF:h139	aes_core	HF	H64-F4	139		1	aes_core:hf_refine:H64-F4:41	hf_refine	false	
aes_core:HF:h159	aes_core	HF	H64-F4	159		2	aes_core:hf_coarse:H64-F4:5|aes_core:hf_refine:H64-F4:23	hf_coarse|hf_refine	false	
aes_core:HF:h169	aes_core	HF	H64-F4	169		1	aes_core:hf_refine:H64-F4:42	hf_refine	false	
aes_core:HF:h179	aes_core	HF	H64-F4	179		1	aes_core:hf_refine:H64-F4:25	hf_refine	false	
aes_core:HF:h184	aes_core	HF	H64-F4	184		1	aes_core:hf_refine:H64-F4:44	hf_refine	false	
aes_core:HF:h186	aes_core	HF	H64-F4	186		1	aes_core:hf_refine:H64-F4:51	hf_refine	false	
aes_core:HF:h189	aes_core	HF	H64-F4	189		1	aes_core:hf_refine:H64-F4:43	hf_refine	false	
aes_core:HF:h191	aes_core	HF	H64-F4	191		1	aes_core:hf_refine:H64-F4:46	hf_refine	false	
aes_core:HF:h192	aes_core	HF	H64-F4	192		1	aes_core:hf_refine:H64-F4:48	hf_refine	false	
aes_core:HF:h194	aes_core	HF	H64-F4	194		1	aes_core:hf_refine:H64-F4:45	hf_refine	false	
aes_core:HF:h195	aes_core	HF	H64-F4	195		1	aes_core:hf_refine:H64-F4:50	hf_refine	false	
aes_core:HF:h196	aes_core	HF	H64-F4	196		1	aes_core:hf_refine:H64-F4:49	hf_refine	false	
aes_core:HF:h197	aes_core	HF	H64-F4	197		1	aes_core:hf_refine:H64-F4:47	hf_refine	false	
aes_core:HF:h198	aes_core	HF	H64-F4	198		1	aes_core:hf_refine:H64-F4:20	hf_refine	false	
aes_core:HF:h199	aes_core	HF	H64-F4	199		2	aes_core:hf_coarse:H64-F4:6|aes_core:hf_refine:H64-F4:24	hf_coarse|hf_refine	false	
aes_core:HF:h201	aes_core	HF	H64-F4	201		1	aes_core:hf_refine:H64-F4:52	hf_refine	false	
aes_core:HF:h206	aes_core	HF	H64-F4	206		1	aes_core:hf_refine:H64-F4:53	hf_refine	false	
aes_core:HF:h209	aes_core	HF	H64-F4	209		1	aes_core:hf_refine:H64-F4:27	hf_refine	false	
aes_core:HF:h219	aes_core	HF	H64-F4	219		1	aes_core:hf_refine:H64-F4:26	hf_refine	false	
aes_core:HF:h224	aes_core	HF	H64-F4	224		1	aes_core:hf_refine:H64-F4:29	hf_refine	false	
aes_core:HF:h228	aes_core	HF	H64-F4	228		1	aes_core:hf_refine:H64-F4:36	hf_refine	false	
aes_core:HF:h229	aes_core	HF	H64-F4	229		1	aes_core:hf_refine:H64-F4:28	hf_refine	false	
aes_core:HF:h231	aes_core	HF	H64-F4	231		1	aes_core:hf_refine:H64-F4:31	hf_refine	false	
aes_core:HF:h233	aes_core	HF	H64-F4	233		1	aes_core:hf_refine:H64-F4:37	hf_refine	false	
aes_core:HF:h234	aes_core	HF	H64-F4	234		1	aes_core:hf_refine:H64-F4:30	hf_refine	false	
aes_core:HF:h235	aes_core	HF	H64-F4	235		1	aes_core:hf_refine:H64-F4:33	hf_refine	false	
aes_core:HF:h237	aes_core	HF	H64-F4	237		1	aes_core:hf_refine:H64-F4:32	hf_refine	false	
aes_core:HF:h238	aes_core	HF	H64-F4	238		2	aes_core:hf_coarse:H64-F4:7|aes_core:hf_refine:H64-F4:19	hf_coarse|hf_refine	false	
aes_core:HF:h239	aes_core	HF	H64-F4	239		1	aes_core:hf_refine:H64-F4:34	hf_refine	false	
aes_core:HF:h240	aes_core	HF	H64-F4	240		1	aes_core:hf_refine:H64-F4:35	hf_refine	false	
aes_core:HF:h243	aes_core	HF	H64-F4	243		1	aes_core:hf_refine:H64-F4:38	hf_refine	false	
aes_core:HF:h248	aes_core	HF	H64-F4	248		1	aes_core:hf_refine:H64-F4:39	hf_refine	false	
aes_core:HF:h258	aes_core	HF	H64-F4	258		1	aes_core:hf_refine:H64-F4:21	hf_refine	false	
aes_core:HF:h278	aes_core	HF	H64-F4	278		2	aes_core:hf_coarse:H64-F4:8|aes_core:hf_refine:H64-F4:1	hf_coarse|hf_refine	false	
aes_core:HF:h284	aes_core	HF	H64-F4	284		1	aes_core:hf_refine:H64-F4:15	hf_refine	false	
aes_core:HF:h288	aes_core	HF	H64-F4	288		1	aes_core:hf_refine:H64-F4:6	hf_refine	false	
aes_core:HF:h289	aes_core	HF	H64-F4	289		1	aes_core:hf_refine:H64-F4:16	hf_refine	false	
aes_core:HF:h293	aes_core	HF	H64-F4	293		1	aes_core:hf_refine:H64-F4:8	hf_refine	false	
aes_core:HF:h294	aes_core	HF	H64-F4	294		1	aes_core:hf_refine:H64-F4:13	hf_refine	false	
aes_core:HF:h295	aes_core	HF	H64-F4	295		1	aes_core:hf_refine:H64-F4:10	hf_refine	false	
aes_core:HF:h296	aes_core	HF	H64-F4	296		1	aes_core:hf_refine:H64-F4:14	hf_refine	false	
aes_core:HF:h297	aes_core	HF	H64-F4	297		1	aes_core:hf_refine:H64-F4:12	hf_refine	false	
aes_core:HF:h298	aes_core	HF	H64-F4	298		1	aes_core:hf_refine:H64-F4:4	hf_refine	false	
aes_core:HF:h299	aes_core	HF	H64-F4	299		1	aes_core:hf_refine:H64-F4:17	hf_refine	false	
aes_core:HF:h301	aes_core	HF	H64-F4	301		1	aes_core:hf_refine:H64-F4:11	hf_refine	false	
aes_core:HF:h303	aes_core	HF	H64-F4	303		1	aes_core:hf_refine:H64-F4:9	hf_refine	false	
aes_core:HF:h304	aes_core	HF	H64-F4	304		1	aes_core:hf_refine:H64-F4:18	hf_refine	false	
aes_core:HF:h308	aes_core	HF	H64-F4	308		1	aes_core:hf_refine:H64-F4:7	hf_refine	false	
aes_core:HF:h318	aes_core	HF	H64-F4	318		2	aes_core:hf_coarse:H64-F4:9|aes_core:hf_refine:H64-F4:2	hf_coarse|hf_refine	false	
aes_core:HF:h338	aes_core	HF	H64-F4	338		1	aes_core:hf_refine:H64-F4:5	hf_refine	false	
aes_core:HF:h40	aes_core	HF	H64-F4	40		1	aes_core:hf_coarse:H64-F4:2	hf_coarse	false	
aes_core:HF:h79	aes_core	HF	H64-F4	79		2	aes_core:hf_coarse:H64-F4:3|aes_core:hf_refine:H64-F4:40	hf_coarse|hf_refine	false	
aes_core:HMF:h1:m1	aes_core	HMF	H64-M16-F4	1	1	1	aes_core:hmf_coarse:H64-M16-F4:1	hmf_coarse	false	
aes_core:HMF:h1:m105	aes_core	HMF	H64-M16-F4	1	105	1	aes_core:hmf_coarse:H64-M16-F4:6	hmf_coarse	false	
aes_core:HMF:h1:m125	aes_core	HMF	H64-M16-F4	1	125	1	aes_core:hmf_coarse:H64-M16-F4:7	hmf_coarse	false	
aes_core:HMF:h1:m146	aes_core	HMF	H64-M16-F4	1	146	1	aes_core:hmf_coarse:H64-M16-F4:8	hmf_coarse	false	
aes_core:HMF:h1:m167	aes_core	HMF	H64-M16-F4	1	167	1	aes_core:hmf_coarse:H64-M16-F4:9	hmf_coarse	false	
aes_core:HMF:h1:m188	aes_core	HMF	H64-M16-F4	1	188	1	aes_core:hmf_coarse:H64-M16-F4:10	hmf_coarse	false	
aes_core:HMF:h1:m209	aes_core	HMF	H64-M16-F4	1	209	1	aes_core:hmf_coarse:H64-M16-F4:11	hmf_coarse	false	
aes_core:HMF:h1:m21	aes_core	HMF	H64-M16-F4	1	21	1	aes_core:hmf_coarse:H64-M16-F4:2	hmf_coarse	false	
aes_core:HMF:h1:m42	aes_core	HMF	H64-M16-F4	1	42	1	aes_core:hmf_coarse:H64-M16-F4:3	hmf_coarse	false	
aes_core:HMF:h1:m63	aes_core	HMF	H64-M16-F4	1	63	1	aes_core:hmf_coarse:H64-M16-F4:4	hmf_coarse	false	
aes_core:HMF:h1:m84	aes_core	HMF	H64-M16-F4	1	84	1	aes_core:hmf_coarse:H64-M16-F4:5	hmf_coarse	false	
aes_core:HMF:h109:m105	aes_core	HMF	H64-M16-F4	109	105	1	aes_core:hmf_refine:H64-M16-F4:302	hmf_refine	false	
aes_core:HMF:h109:m111	aes_core	HMF	H64-M16-F4	109	111	1	aes_core:hmf_refine:H64-M16-F4:303	hmf_refine	false	
aes_core:HMF:h109:m99	aes_core	HMF	H64-M16-F4	109	99	1	aes_core:hmf_refine:H64-M16-F4:301	hmf_refine	false	
aes_core:HMF:h119:m1	aes_core	HMF	H64-M16-F4	119	1	1	aes_core:hmf_coarse:H64-M16-F4:64	hmf_coarse	false	
aes_core:HMF:h119:m105	aes_core	HMF	H64-M16-F4	119	105	2	aes_core:hmf_coarse:H64-M16-F4:71|aes_core:hmf_refine:H64-M16-F4:288	hmf_coarse|hmf_refine	false	
aes_core:HMF:h119:m111	aes_core	HMF	H64-M16-F4	119	111	1	aes_core:hmf_refine:H64-M16-F4:305	hmf_refine	false	
aes_core:HMF:h119:m15	aes_core	HMF	H64-M16-F4	119	15	1	aes_core:hmf_coarse:H64-M16-F4:65	hmf_coarse	false	
aes_core:HMF:h119:m30	aes_core	HMF	H64-M16-F4	119	30	1	aes_core:hmf_coarse:H64-M16-F4:66	hmf_coarse	false	
aes_core:HMF:h119:m45	aes_core	HMF	H64-M16-F4	119	45	1	aes_core:hmf_coarse:H64-M16-F4:67	hmf_coarse	false	
aes_core:HMF:h119:m46	aes_core	HMF	H64-M16-F4	119	46	1	aes_core:hmf_refine:H64-M16-F4:211	hmf_refine	false	
aes_core:HMF:h119:m60	aes_core	HMF	H64-M16-F4	119	60	1	aes_core:hmf_coarse:H64-M16-F4:68	hmf_coarse	false	
aes_core:HMF:h119:m67	aes_core	HMF	H64-M16-F4	119	67	1	aes_core:hmf_refine:H64-M16-F4:212	hmf_refine	false	
aes_core:HMF:h119:m75	aes_core	HMF	H64-M16-F4	119	75	1	aes_core:hmf_coarse:H64-M16-F4:69	hmf_coarse	false	
aes_core:HMF:h119:m84	aes_core	HMF	H64-M16-F4	119	84	1	aes_core:hmf_refine:H64-M16-F4:287	hmf_refine	false	
aes_core:HMF:h119:m88	aes_core	HMF	H64-M16-F4	119	88	1	aes_core:hmf_refine:H64-M16-F4:213	hmf_refine	false	
aes_core:HMF:h119:m90	aes_core	HMF	H64-M16-F4	119	90	1	aes_core:hmf_coarse:H64-M16-F4:70	hmf_coarse	false	
aes_core:HMF:h119:m94	aes_core	HMF	H64-M16-F4	119	94	1	aes_core:hmf_refine:H64-M16-F4:296	hmf_refine	false	
aes_core:HMF:h119:m99	aes_core	HMF	H64-M16-F4	119	99	1	aes_core:hmf_refine:H64-M16-F4:304	hmf_refine	false	
aes_core:HMF:h120:m103	aes_core	HMF	H64-M16-F4	120	103	1	aes_core:hmf_refine:H64-M16-F4:340	hmf_refine	false	
aes_core:HMF:h120:m108	aes_core	HMF	H64-M16-F4	120	108	1	aes_core:hmf_refine:H64-M16-F4:341	hmf_refine	false	
aes_core:HMF:h120:m93	aes_core	HMF	H64-M16-F4	120	93	1	aes_core:hmf_refine:H64-M16-F4:338	hmf_refine	false	
aes_core:HMF:h120:m98	aes_core	HMF	H64-M16-F4	120	98	1	aes_core:hmf_refine:H64-M16-F4:339	hmf_refine	false	
aes_core:HMF:h124:m102	aes_core	HMF	H64-M16-F4	124	102	1	aes_core:hmf_refine:H64-M16-F4:309	hmf_refine	false	
aes_core:HMF:h124:m105	aes_core	HMF	H64-M16-F4	124	105	1	aes_core:hmf_refine:H64-M16-F4:310	hmf_refine	false	
aes_core:HMF:h124:m108	aes_core	HMF	H64-M16-F4	124	108	1	aes_core:hmf_refine:H64-M16-F4:311	hmf_refine	false	
aes_core:HMF:h125:m103	aes_core	HMF	H64-M16-F4	125	103	1	aes_core:hmf_refine:H64-M16-F4:345	hmf_refine	false	
aes_core:HMF:h125:m93	aes_core	HMF	H64-M16-F4	125	93	1	aes_core:hmf_refine:H64-M16-F4:343	hmf_refine	false	
aes_core:HMF:h125:m98	aes_core	HMF	H64-M16-F4	125	98	1	aes_core:hmf_refine:H64-M16-F4:344	hmf_refine	false	
aes_core:HMF:h126:m100	aes_core	HMF	H64-M16-F4	126	100	1	aes_core:hmf_refine:H64-M16-F4:317	hmf_refine	false	
aes_core:HMF:h126:m102	aes_core	HMF	H64-M16-F4	126	102	1	aes_core:hmf_refine:H64-M16-F4:318	hmf_refine	false	
aes_core:HMF:h126:m104	aes_core	HMF	H64-M16-F4	126	104	1	aes_core:hmf_refine:H64-M16-F4:319	hmf_refine	false	
aes_core:HMF:h127:m103	aes_core	HMF	H64-M16-F4	127	103	1	aes_core:hmf_refine:H64-M16-F4:325	hmf_refine	false	
aes_core:HMF:h128:m103	aes_core	HMF	H64-M16-F4	128	103	1	aes_core:hmf_refine:H64-M16-F4:332	hmf_refine	false	
aes_core:HMF:h128:m104	aes_core	HMF	H64-M16-F4	128	104	1	aes_core:hmf_refine:H64-M16-F4:333	hmf_refine	false	
aes_core:HMF:h128:m105	aes_core	HMF	H64-M16-F4	128	105	1	aes_core:hmf_refine:H64-M16-F4:334	hmf_refine	false	
aes_core:HMF:h129:m100	aes_core	HMF	H64-M16-F4	129	100	1	aes_core:hmf_refine:H64-M16-F4:320	hmf_refine	false	
aes_core:HMF:h129:m102	aes_core	HMF	H64-M16-F4	129	102	1	aes_core:hmf_refine:H64-M16-F4:312	hmf_refine	false	
aes_core:HMF:h129:m103	aes_core	HMF	H64-M16-F4	129	103	1	aes_core:hmf_refine:H64-M16-F4:328	hmf_refine	false	
aes_core:HMF:h129:m104	aes_core	HMF	H64-M16-F4	129	104	1	aes_core:hmf_refine:H64-M16-F4:321	hmf_refine	false	
aes_core:HMF:h129:m105	aes_core	HMF	H64-M16-F4	129	105	1	aes_core:hmf_refine:H64-M16-F4:307	hmf_refine	false	
aes_core:HMF:h129:m99	aes_core	HMF	H64-M16-F4	129	99	1	aes_core:hmf_refine:H64-M16-F4:306	hmf_refine	false	
aes_core:HMF:h130:m103	aes_core	HMF	H64-M16-F4	130	103	1	aes_core:hmf_refine:H64-M16-F4:335	hmf_refine	false	
aes_core:HMF:h130:m93	aes_core	HMF	H64-M16-F4	130	93	1	aes_core:hmf_refine:H64-M16-F4:348	hmf_refine	false	
aes_core:HMF:h130:m98	aes_core	HMF	H64-M16-F4	130	98	1	aes_core:hmf_refine:H64-M16-F4:349	hmf_refine	false	
aes_core:HMF:h135:m93	aes_core	HMF	H64-M16-F4	135	93	1	aes_core:hmf_refine:H64-M16-F4:352	hmf_refine	false	
aes_core:HMF:h135:m98	aes_core	HMF	H64-M16-F4	135	98	1	aes_core:hmf_refine:H64-M16-F4:353	hmf_refine	false	
aes_core:HMF:h140:m93	aes_core	HMF	H64-M16-F4	140	93	1	aes_core:hmf_refine:H64-M16-F4:357	hmf_refine	false	
aes_core:HMF:h159:m1	aes_core	HMF	H64-M16-F4	159	1	1	aes_core:hmf_coarse:H64-M16-F4:85	hmf_coarse	false	
aes_core:HMF:h159:m13	aes_core	HMF	H64-M16-F4	159	13	1	aes_core:hmf_coarse:H64-M16-F4:86	hmf_coarse	false	
aes_core:HMF:h159:m26	aes_core	HMF	H64-M16-F4	159	26	1	aes_core:hmf_refine:H64-M16-F4:134	hmf_refine	false	
aes_core:HMF:h159:m27	aes_core	HMF	H64-M16-F4	159	27	1	aes_core:hmf_coarse:H64-M16-F4:87	hmf_coarse	false	
aes_core:HMF:h159:m40	aes_core	HMF	H64-M16-F4	159	40	1	aes_core:hmf_coarse:H64-M16-F4:88	hmf_coarse	false	
aes_core:HMF:h159:m46	aes_core	HMF	H64-M16-F4	159	46	1	aes_core:hmf_refine:H64-M16-F4:214	hmf_refine	false	
aes_core:HMF:h159:m47	aes_core	HMF	H64-M16-F4	159	47	1	aes_core:hmf_refine:H64-M16-F4:135	hmf_refine	false	
aes_core:HMF:h159:m54	aes_core	HMF	H64-M16-F4	159	54	1	aes_core:hmf_coarse:H64-M16-F4:89	hmf_coarse	false	
aes_core:HMF:h159:m67	aes_core	HMF	H64-M16-F4	159	67	2	aes_core:hmf_coarse:H64-M16-F4:90|aes_core:hmf_refine:H64-M16-F4:215	hmf_coarse|hmf_refine	false	
aes_core:HMF:h159:m68	aes_core	HMF	H64-M16-F4	159	68	1	aes_core:hmf_refine:H64-M16-F4:136	hmf_refine	false	
aes_core:HMF:h179:m35	aes_core	HMF	H64-M16-F4	179	35	1	aes_core:hmf_refine:H64-M16-F4:220	hmf_refine	false	
aes_core:HMF:h179:m36	aes_core	HMF	H64-M16-F4	179	36	1	aes_core:hmf_refine:H64-M16-F4:143	hmf_refine	false	
aes_core:HMF:h179:m46	aes_core	HMF	H64-M16-F4	179	46	1	aes_core:hmf_refine:H64-M16-F4:221	hmf_refine	false	
aes_core:HMF:h179:m47	aes_core	HMF	H64-M16-F4	179	47	1	aes_core:hmf_refine:H64-M16-F4:144	hmf_refine	false	
aes_core:HMF:h179:m57	aes_core	HMF	H64-M16-F4	179	57	1	aes_core:hmf_refine:H64-M16-F4:222	hmf_refine	false	
aes_core:HMF:h179:m58	aes_core	HMF	H64-M16-F4	179	58	1	aes_core:hmf_refine:H64-M16-F4:145	hmf_refine	false	
aes_core:HMF:h198:m21	aes_core	HMF	H64-M16-F4	198	21	1	aes_core:hmf_refine:H64-M16-F4:1	hmf_refine	false	
aes_core:HMF:h198:m42	aes_core	HMF	H64-M16-F4	198	42	1	aes_core:hmf_refine:H64-M16-F4:2	hmf_refine	false	
aes_core:HMF:h199:m1	aes_core	HMF	H64-M16-F4	199	1	1	aes_core:hmf_coarse:H64-M16-F4:106	hmf_coarse	false	
aes_core:HMF:h199:m12	aes_core	HMF	H64-M16-F4	199	12	1	aes_core:hmf_coarse:H64-M16-F4:107	hmf_coarse	false	
aes_core:HMF:h199:m24	aes_core	HMF	H64-M16-F4	199	24	1	aes_core:hmf_coarse:H64-M16-F4:108	hmf_coarse	false	
aes_core:HMF:h199:m26	aes_core	HMF	H64-M16-F4	199	26	1	aes_core:hmf_refine:H64-M16-F4:137	hmf_refine	false	
aes_core:HMF:h199:m35	aes_core	HMF	H64-M16-F4	199	35	2	aes_core:hmf_coarse:H64-M16-F4:109|aes_core:hmf_refine:H64-M16-F4:223	hmf_coarse|hmf_refine	false	
aes_core:HMF:h199:m36	aes_core	HMF	H64-M16-F4	199	36	1	aes_core:hmf_refine:H64-M16-F4:146	hmf_refine	false	
aes_core:HMF:h199:m46	aes_core	HMF	H64-M16-F4	199	46	1	aes_core:hmf_refine:H64-M16-F4:217	hmf_refine	false	
aes_core:HMF:h199:m47	aes_core	HMF	H64-M16-F4	199	47	2	aes_core:hmf_coarse:H64-M16-F4:110|aes_core:hmf_refine:H64-M16-F4:138	hmf_coarse|hmf_refine	false	
aes_core:HMF:h204:m22	aes_core	HMF	H64-M16-F4	204	22	1	aes_core:hmf_refine:H64-M16-F4:264	hmf_refine	false	
aes_core:HMF:h204:m27	aes_core	HMF	H64-M16-F4	204	27	1	aes_core:hmf_refine:H64-M16-F4:265	hmf_refine	false	
aes_core:HMF:h204:m32	aes_core	HMF	H64-M16-F4	204	32	1	aes_core:hmf_refine:H64-M16-F4:266	hmf_refine	false	
aes_core:HMF:h204:m37	aes_core	HMF	H64-M16-F4	204	37	1	aes_core:hmf_refine:H64-M16-F4:267	hmf_refine	false	
aes_core:HMF:h204:m42	aes_core	HMF	H64-M16-F4	204	42	1	aes_core:hmf_refine:H64-M16-F4:268	hmf_refine	false	
aes_core:HMF:h209:m22	aes_core	HMF	H64-M16-F4	209	22	1	aes_core:hmf_refine:H64-M16-F4:269	hmf_refine	false	
aes_core:HMF:h209:m27	aes_core	HMF	H64-M16-F4	209	27	1	aes_core:hmf_refine:H64-M16-F4:270	hmf_refine	false	
aes_core:HMF:h209:m29	aes_core	HMF	H64-M16-F4	209	29	1	aes_core:hmf_refine:H64-M16-F4:228	hmf_refine	false	
aes_core:HMF:h209:m30	aes_core	HMF	H64-M16-F4	209	30	1	aes_core:hmf_refine:H64-M16-F4:151	hmf_refine	false	
aes_core:HMF:h209:m32	aes_core	HMF	H64-M16-F4	209	32	1	aes_core:hmf_refine:H64-M16-F4:271	hmf_refine	false	
aes_core:HMF:h209:m35	aes_core	HMF	H64-M16-F4	209	35	1	aes_core:hmf_refine:H64-M16-F4:229	hmf_refine	false	
aes_core:HMF:h209:m36	aes_core	HMF	H64-M16-F4	209	36	1	aes_core:hmf_refine:H64-M16-F4:152	hmf_refine	false	
aes_core:HMF:h209:m37	aes_core	HMF	H64-M16-F4	209	37	1	aes_core:hmf_refine:H64-M16-F4:272	hmf_refine	false	
aes_core:HMF:h209:m41	aes_core	HMF	H64-M16-F4	209	41	1	aes_core:hmf_refine:H64-M16-F4:230	hmf_refine	false	
aes_core:HMF:h209:m42	aes_core	HMF	H64-M16-F4	209	42	1	aes_core:hmf_refine:H64-M16-F4:153	hmf_refine	false	
aes_core:HMF:h211:m30	aes_core	HMF	H64-M16-F4	211	30	1	aes_core:hmf_refine:H64-M16-F4:243	hmf_refine	false	
aes_core:HMF:h211:m32	aes_core	HMF	H64-M16-F4	211	32	1	aes_core:hmf_refine:H64-M16-F4:244	hmf_refine	false	
aes_core:HMF:h211:m34	aes_core	HMF	H64-M16-F4	211	34	1	aes_core:hmf_refine:H64-M16-F4:245	hmf_refine	false	
aes_core:HMF:h212:m31	aes_core	HMF	H64-M16-F4	212	31	1	aes_core:hmf_refine:H64-M16-F4:251	hmf_refine	false	
aes_core:HMF:h212:m32	aes_core	HMF	H64-M16-F4	212	32	1	aes_core:hmf_refine:H64-M16-F4:252	hmf_refine	false	
aes_core:HMF:h212:m33	aes_core	HMF	H64-M16-F4	212	33	1	aes_core:hmf_refine:H64-M16-F4:253	hmf_refine	false	
aes_core:HMF:h213:m31	aes_core	HMF	H64-M16-F4	213	31	1	aes_core:hmf_refine:H64-M16-F4:258	hmf_refine	false	
aes_core:HMF:h213:m32	aes_core	HMF	H64-M16-F4	213	32	1	aes_core:hmf_refine:H64-M16-F4:259	hmf_refine	false	
aes_core:HMF:h213:m33	aes_core	HMF	H64-M16-F4	213	33	1	aes_core:hmf_refine:H64-M16-F4:260	hmf_refine	false	
aes_core:HMF:h214:m22	aes_core	HMF	H64-M16-F4	214	22	1	aes_core:hmf_refine:H64-M16-F4:273	hmf_refine	false	
aes_core:HMF:h214:m23	aes_core	HMF	H64-M16-F4	214	23	1	aes_core:hmf_refine:H64-M16-F4:189	hmf_refine	false	
aes_core:HMF:h214:m26	aes_core	HMF	H64-M16-F4	214	26	1	aes_core:hmf_refine:H64-M16-F4:236	hmf_refine	false	
aes_core:HMF:h214:m27	aes_core	HMF	H64-M16-F4	214	27	1	aes_core:hmf_refine:H64-M16-F4:274	hmf_refine	false	
aes_core:HMF:h214:m28	aes_core	HMF	H64-M16-F4	214	28	1	aes_core:hmf_refine:H64-M16-F4:190	hmf_refine	false	
aes_core:HMF:h214:m29	aes_core	HMF	H64-M16-F4	214	29	1	aes_core:hmf_refine:H64-M16-F4:237	hmf_refine	false	
aes_core:HMF:h214:m30	aes_core	HMF	H64-M16-F4	214	30	1	aes_core:hmf_refine:H64-M16-F4:246	hmf_refine	false	
aes_core:HMF:h214:m31	aes_core	HMF	H64-M16-F4	214	31	1	aes_core:hmf_refine:H64-M16-F4:254	hmf_refine	false	
aes_core:HMF:h214:m32	aes_core	HMF	H64-M16-F4	214	32	1	aes_core:hmf_refine:H64-M16-F4:238	hmf_refine	false	
aes_core:HMF:h214:m33	aes_core	HMF	H64-M16-F4	214	33	1	aes_core:hmf_refine:H64-M16-F4:159	hmf_refine	false	
aes_core:HMF:h214:m34	aes_core	HMF	H64-M16-F4	214	34	1	aes_core:hmf_refine:H64-M16-F4:247	hmf_refine	false	
aes_core:HMF:h214:m36	aes_core	HMF	H64-M16-F4	214	36	1	aes_core:hmf_refine:H64-M16-F4:160	hmf_refine	false	
aes_core:HMF:h214:m37	aes_core	HMF	H64-M16-F4	214	37	1	aes_core:hmf_refine:H64-M16-F4:275	hmf_refine	false	
aes_core:HMF:h214:m38	aes_core	HMF	H64-M16-F4	214	38	1	aes_core:hmf_refine:H64-M16-F4:191	hmf_refine	false	
aes_core:HMF:h214:m39	aes_core	HMF	H64-M16-F4	214	39	1	aes_core:hmf_refine:H64-M16-F4:161	hmf_refine	false	
aes_core:HMF:h214:m42	aes_core	HMF	H64-M16-F4	214	42	1	aes_core:hmf_refine:H64-M16-F4:276	hmf_refine	false	
aes_core:HMF:h215:m31	aes_core	HMF	H64-M16-F4	215	31	1	aes_core:hmf_refine:H64-M16-F4:261	hmf_refine	false	
aes_core:HMF:h215:m32	aes_core	HMF	H64-M16-F4	215	32	1	aes_core:hmf_refine:H64-M16-F4:262	hmf_refine	false	
aes_core:HMF:h215:m33	aes_core	HMF	H64-M16-F4	215	33	1	aes_core:hmf_refine:H64-M16-F4:263	hmf_refine	false	
aes_core:HMF:h216:m31	aes_core	HMF	H64-M16-F4	216	31	1	aes_core:hmf_refine:H64-M16-F4:255	hmf_refine	false	
aes_core:HMF:h216:m32	aes_core	HMF	H64-M16-F4	216	32	1	aes_core:hmf_refine:H64-M16-F4:256	hmf_refine	false	
aes_core:HMF:h216:m33	aes_core	HMF	H64-M16-F4	216	33	1	aes_core:hmf_refine:H64-M16-F4:257	hmf_refine	false	
aes_core:HMF:h217:m30	aes_core	HMF	H64-M16-F4	217	30	1	aes_core:hmf_refine:H64-M16-F4:248	hmf_refine	false	
aes_core:HMF:h217:m32	aes_core	HMF	H64-M16-F4	217	32	1	aes_core:hmf_refine:H64-M16-F4:249	hmf_refine	false	
aes_core:HMF:h217:m34	aes_core	HMF	H64-M16-F4	217	34	1	aes_core:hmf_refine:H64-M16-F4:250	hmf_refine	false	
aes_core:HMF:h218:m10	aes_core	HMF	H64-M16-F4	218	10	1	aes_core:hmf_refine:H64-M16-F4:7	hmf_refine	false	
aes_core:HMF:h218:m11	aes_core	HMF	H64-M16-F4	218	11	1	aes_core:hmf_refine:H64-M16-F4:73	hmf_refine	false	
aes_core:HMF:h218:m21	aes_core	HMF	H64-M16-F4	218	21	1	aes_core:hmf_refine:H64-M16-F4:8	hmf_refine	false	
aes_core:HMF:h218:m22	aes_core	HMF	H64-M16-F4	218	22	1	aes_core:hmf_refine:H64-M16-F4:74	hmf_refine	false	
aes_core:HMF:h218:m32	aes_core	HMF	H64-M16-F4	218	32	1	aes_core:hmf_refine:H64-M16-F4:9	hmf_refine	false	
aes_core:HMF:h218:m33	aes_core	HMF	H64-M16-F4	218	33	1	aes_core:hmf_refine:H64-M16-F4:75	hmf_refine	false	
aes_core:HMF:h219:m22	aes_core	HMF	H64-M16-F4	219	22	1	aes_core:hmf_refine:H64-M16-F4:277	hmf_refine	false	
aes_core:HMF:h219:m23	aes_core	HMF	H64-M16-F4	219	23	1	aes_core:hmf_refine:H64-M16-F4:193	hmf_refine	false	
aes_core:HMF:h219:m26	aes_core	HMF	H64-M16-F4	219	26	1	aes_core:hmf_refine:H64-M16-F4:239	hmf_refine	false	
aes_core:HMF:h219:m27	aes_core	HMF	H64-M16-F4	219	27	1	aes_core:hmf_refine:H64-M16-F4:278	hmf_refine	false	
aes_core:HMF:h219:m28	aes_core	HMF	H64-M16-F4	219	28	1	aes_core:hmf_refine:H64-M16-F4:194	hmf_refine	false	
aes_core:HMF:h219:m29	aes_core	HMF	H64-M16-F4	219	29	1	aes_core:hmf_refine:H64-M16-F4:231	hmf_refine	false	
aes_core:HMF:h219:m30	aes_core	HMF	H64-M16-F4	219	30	1	aes_core:hmf_refine:H64-M16-F4:154	hmf_refine	false	
aes_core:HMF:h219:m32	aes_core	HMF	H64-M16-F4	219	32	1	aes_core:hmf_refine:H64-M16-F4:240	hmf_refine	false	
aes_core:HMF:h219:m33	aes_core	HMF	H64-M16-F4	219	33	1	aes_core:hmf_refine:H64-M16-F4:162	hmf_refine	false	
aes_core:HMF:h219:m35	aes_core	HMF	H64-M16-F4	219	35	1	aes_core:hmf_refine:H64-M16-F4:225	hmf_refine	false	
aes_core:HMF:h219:m36	aes_core	HMF	H64-M16-F4	219	36	1	aes_core:hmf_refine:H64-M16-F4:148	hmf_refine	false	
aes_core:HMF:h219:m37	aes_core	HMF	H64-M16-F4	219	37	1	aes_core:hmf_refine:H64-M16-F4:279	hmf_refine	false	
aes_core:HMF:h219:m38	aes_core	HMF	H64-M16-F4	219	38	1	aes_core:hmf_refine:H64-M16-F4:195	hmf_refine	false	
aes_core:HMF:h219:m39	aes_core	HMF	H64-M16-F4	219	39	1	aes_core:hmf_refine:H64-M16-F4:163	hmf_refine	false	
aes_core:HMF:h221:m31	aes_core	HMF	H64-M16-F4	221	31	1	aes_core:hmf_refine:H64-M16-F4:167	hmf_refine	false	
aes_core:HMF:h221:m33	aes_core	HMF	H64-M16-F4	221	33	1	aes_core:hmf_refine:H64-M16-F4:168	hmf_refine	false	
aes_core:HMF:h221:m35	aes_core	HMF	H64-M16-F4	221	35	1	aes_core:hmf_refine:H64-M16-F4:169	hmf_refine	false	
aes_core:HMF:h222:m32	aes_core	HMF	H64-M16-F4	222	32	1	aes_core:hmf_refine:H64-M16-F4:175	hmf_refine	false	
aes_core:HMF:h222:m33	aes_core	HMF	H64-M16-F4	222	33	1	aes_core:hmf_refine:H64-M16-F4:176	hmf_refine	false	
aes_core:HMF:h223:m32	aes_core	HMF	H64-M16-F4	223	32	1	aes_core:hmf_refine:H64-M16-F4:183	hmf_refine	false	
aes_core:HMF:h223:m33	aes_core	HMF	H64-M16-F4	223	33	1	aes_core:hmf_refine:H64-M16-F4:184	hmf_refine	false	
aes_core:HMF:h223:m34	aes_core	HMF	H64-M16-F4	223	34	1	aes_core:hmf_refine:H64-M16-F4:185	hmf_refine	false	
aes_core:HMF:h224:m22	aes_core	HMF	H64-M16-F4	224	22	1	aes_core:hmf_refine:H64-M16-F4:280	hmf_refine	false	
aes_core:HMF:h224:m23	aes_core	HMF	H64-M16-F4	224	23	1	aes_core:hmf_refine:H64-M16-F4:197	hmf_refine	false	
aes_core:HMF:h224:m26	aes_core	HMF	H64-M16-F4	224	26	1	aes_core:hmf_refine:H64-M16-F4:241	hmf_refine	false	
aes_core:HMF:h224:m27	aes_core	HMF	H64-M16-F4	224	27	1	aes_core:hmf_refine:H64-M16-F4:281	hmf_refine	false	
aes_core:HMF:h224:m28	aes_core	HMF	H64-M16-F4	224	28	1	aes_core:hmf_refine:H64-M16-F4:198	hmf_refine	false	
aes_core:HMF:h224:m29	aes_core	HMF	H64-M16-F4	224	29	1	aes_core:hmf_refine:H64-M16-F4:242	hmf_refine	false	
aes_core:HMF:h224:m31	aes_core	HMF	H64-M16-F4	224	31	1	aes_core:hmf_refine:H64-M16-F4:170	hmf_refine	false	
aes_core:HMF:h224:m32	aes_core	HMF	H64-M16-F4	224	32	1	aes_core:hmf_refine:H64-M16-F4:178	hmf_refine	false	
aes_core:HMF:h224:m33	aes_core	HMF	H64-M16-F4	224	33	1	aes_core:hmf_refine:H64-M16-F4:164	hmf_refine	false	
aes_core:HMF:h224:m34	aes_core	HMF	H64-M16-F4	224	34	1	aes_core:hmf_refine:H64-M16-F4:179	hmf_refine	false	
aes_core:HMF:h224:m35	aes_core	HMF	H64-M16-F4	224	35	1	aes_core:hmf_refine:H64-M16-F4:171	hmf_refine	false	
aes_core:HMF:h224:m36	aes_core	HMF	H64-M16-F4	224	36	1	aes_core:hmf_refine:H64-M16-F4:165	hmf_refine	false	
aes_core:HMF:h225:m32	aes_core	HMF	H64-M16-F4	225	32	1	aes_core:hmf_refine:H64-M16-F4:186	hmf_refine	false	
aes_core:HMF:h225:m33	aes_core	HMF	H64-M16-F4	225	33	1	aes_core:hmf_refine:H64-M16-F4:187	hmf_refine	false	
aes_core:HMF:h225:m34	aes_core	HMF	H64-M16-F4	225	34	1	aes_core:hmf_refine:H64-M16-F4:188	hmf_refine	false	
aes_core:HMF:h226:m32	aes_core	HMF	H64-M16-F4	226	32	1	aes_core:hmf_refine:H64-M16-F4:180	hmf_refine	false	
aes_core:HMF:h226:m33	aes_core	HMF	H64-M16-F4	226	33	1	aes_core:hmf_refine:H64-M16-F4:181	hmf_refine	false	
aes_core:HMF:h226:m34	aes_core	HMF	H64-M16-F4	226	34	1	aes_core:hmf_refine:H64-M16-F4:182	hmf_refine	false	
aes_core:HMF:h227:m31	aes_core	HMF	H64-M16-F4	227	31	1	aes_core:hmf_refine:H64-M16-F4:172	hmf_refine	false	
aes_core:HMF:h227:m33	aes_core	HMF	H64-M16-F4	227	33	1	aes_core:hmf_refine:H64-M16-F4:173	hmf_refine	false	
aes_core:HMF:h227:m35	aes_core	HMF	H64-M16-F4	227	35	1	aes_core:hmf_refine:H64-M16-F4:174	hmf_refine	false	
aes_core:HMF:h229:m23	aes_core	HMF	H64-M16-F4	229	23	1	aes_core:hmf_refine:H64-M16-F4:201	hmf_refine	false	
aes_core:HMF:h229:m28	aes_core	HMF	H64-M16-F4	229	28	1	aes_core:hmf_refine:H64-M16-F4:202	hmf_refine	false	
aes_core:HMF:h229:m29	aes_core	HMF	H64-M16-F4	229	29	1	aes_core:hmf_refine:H64-M16-F4:233	hmf_refine	false	
aes_core:HMF:h229:m30	aes_core	HMF	H64-M16-F4	229	30	1	aes_core:hmf_refine:H64-M16-F4:156	hmf_refine	false	
aes_core:HMF:h229:m33	aes_core	HMF	H64-M16-F4	229	33	1	aes_core:hmf_refine:H64-M16-F4:203	hmf_refine	false	
aes_core:HMF:h229:m35	aes_core	HMF	H64-M16-F4	229	35	1	aes_core:hmf_refine:H64-M16-F4:234	hmf_refine	false	
aes_core:HMF:h234:m23	aes_core	HMF	H64-M16-F4	234	23	1	aes_core:hmf_refine:H64-M16-F4:206	hmf_refine	false	
aes_core:HMF:h234:m28	aes_core	HMF	H64-M16-F4	234	28	1	aes_core:hmf_refine:H64-M16-F4:207	hmf_refine	false	
aes_core:HMF:h238:m1	aes_core	HMF	H64-M16-F4	238	1	2	aes_core:hmf_coarse:H64-M16-F4:127|aes_core:hmf_refine:H64-M16-F4:67	hmf_coarse|hmf_refine	false	
aes_core:HMF:h238:m10	aes_core	HMF	H64-M16-F4	238	10	2	aes_core:hmf_coarse:H64-M16-F4:128|aes_core:hmf_refine:H64-M16-F4:10	hmf_coarse|hmf_refine	false	
aes_core:HMF:h238:m11	aes_core	HMF	H64-M16-F4	238	11	1	aes_core:hmf_refine:H64-M16-F4:76	hmf_refine	false	
aes_core:HMF:h238:m21	aes_core	HMF	H64-M16-F4	238	21	2	aes_core:hmf_coarse:H64-M16-F4:129|aes_core:hmf_refine:H64-M16-F4:3	hmf_coarse|hmf_refine	false	
aes_core:HMF:h238:m22	aes_core	HMF	H64-M16-F4	238	22	1	aes_core:hmf_refine:H64-M16-F4:68	hmf_refine	false	
aes_core:HMF:h248:m10	aes_core	HMF	H64-M16-F4	248	10	1	aes_core:hmf_refine:H64-M16-F4:16	hmf_refine	false	
aes_core:HMF:h248:m11	aes_core	HMF	H64-M16-F4	248	11	1	aes_core:hmf_refine:H64-M16-F4:82	hmf_refine	false	
aes_core:HMF:h248:m16	aes_core	HMF	H64-M16-F4	248	16	1	aes_core:hmf_refine:H64-M16-F4:17	hmf_refine	false	
aes_core:HMF:h248:m17	aes_core	HMF	H64-M16-F4	248	17	1	aes_core:hmf_refine:H64-M16-F4:83	hmf_refine	false	
aes_core:HMF:h248:m4	aes_core	HMF	H64-M16-F4	248	4	1	aes_core:hmf_refine:H64-M16-F4:15	hmf_refine	false	
aes_core:HMF:h248:m5	aes_core	HMF	H64-M16-F4	248	5	1	aes_core:hmf_refine:H64-M16-F4:81	hmf_refine	false	
aes_core:HMF:h251:m13	aes_core	HMF	H64-M16-F4	251	13	1	aes_core:hmf_refine:H64-M16-F4:118	hmf_refine	false	
aes_core:HMF:h251:m18	aes_core	HMF	H64-M16-F4	251	18	1	aes_core:hmf_refine:H64-M16-F4:119	hmf_refine	false	
aes_core:HMF:h251:m3	aes_core	HMF	H64-M16-F4	251	3	1	aes_core:hmf_refine:H64-M16-F4:116	hmf_refine	false	
aes_core:HMF:h251:m8	aes_core	HMF	H64-M16-F4	251	8	1	aes_core:hmf_refine:H64-M16-F4:117	hmf_refine	false	
aes_core:HMF:h256:m13	aes_core	HMF	H64-M16-F4	256	13	1	aes_core:hmf_refine:H64-M16-F4:122	hmf_refine	false	
aes_core:HMF:h256:m3	aes_core	HMF	H64-M16-F4	256	3	1	aes_core:hmf_refine:H64-M16-F4:120	hmf_refine	false	
aes_core:HMF:h256:m8	aes_core	HMF	H64-M16-F4	256	8	1	aes_core:hmf_refine:H64-M16-F4:121	hmf_refine	false	
aes_core:HMF:h258:m10	aes_core	HMF	H64-M16-F4	258	10	1	aes_core:hmf_refine:H64-M16-F4:12	hmf_refine	false	
aes_core:HMF:h258:m11	aes_core	HMF	H64-M16-F4	258	11	1	aes_core:hmf_refine:H64-M16-F4:78	hmf_refine	false	
aes_core:HMF:h258:m4	aes_core	HMF	H64-M16-F4	258	4	1	aes_core:hmf_refine:H64-M16-F4:18	hmf_refine	false	
aes_core:HMF:h258:m5	aes_core	HMF	H64-M16-F4	258	5	1	aes_core:hmf_refine:H64-M16-F4:84	hmf_refine	false	
aes_core:HMF:h260:m10	aes_core	HMF	H64-M16-F4	260	10	1	aes_core:hmf_refine:H64-M16-F4:99	hmf_refine	false	
aes_core:HMF:h260:m6	aes_core	HMF	H64-M16-F4	260	6	1	aes_core:hmf_refine:H64-M16-F4:97	hmf_refine	false	
aes_core:HMF:h260:m7	aes_core	HMF	H64-M16-F4	260	7	1	aes_core:hmf_refine:H64-M16-F4:111	hmf_refine	false	
aes_core:HMF:h260:m8	aes_core	HMF	H64-M16-F4	260	8	1	aes_core:hmf_refine:H64-M16-F4:98	hmf_refine	false	
aes_core:HMF:h260:m9	aes_core	HMF	H64-M16-F4	260	9	1	aes_core:hmf_refine:H64-M16-F4:112	hmf_refine	false	
aes_core:HMF:h261:m3	aes_core	HMF	H64-M16-F4	261	3	1	aes_core:hmf_refine:H64-M16-F4:124	hmf_refine	false	
aes_core:HMF:h261:m7	aes_core	HMF	H64-M16-F4	261	7	1	aes_core:hmf_refine:H64-M16-F4:104	hmf_refine	false	
aes_core:HMF:h261:m8	aes_core	HMF	H64-M16-F4	261	8	1	aes_core:hmf_refine:H64-M16-F4:105	hmf_refine	false	
aes_core:HMF:h261:m9	aes_core	HMF	H64-M16-F4	261	9	1	aes_core:hmf_refine:H64-M16-F4:106	hmf_refine	false	
aes_core:HMF:h262:m7	aes_core	HMF	H64-M16-F4	262	7	1	aes_core:hmf_refine:H64-M16-F4:113	hmf_refine	false	
aes_core:HMF:h262:m8	aes_core	HMF	H64-M16-F4	262	8	1	aes_core:hmf_refine:H64-M16-F4:114	hmf_refine	false	
aes_core:HMF:h262:m9	aes_core	HMF	H64-M16-F4	262	9	1	aes_core:hmf_refine:H64-M16-F4:115	hmf_refine	false	
aes_core:HMF:h263:m10	aes_core	HMF	H64-M16-F4	263	10	1	aes_core:hmf_refine:H64-M16-F4:24	hmf_refine	false	
aes_core:HMF:h263:m11	aes_core	HMF	H64-M16-F4	263	11	1	aes_core:hmf_refine:H64-M16-F4:90	hmf_refine	false	
aes_core:HMF:h263:m6	aes_core	HMF	H64-M16-F4	263	6	1	aes_core:hmf_refine:H64-M16-F4:100	hmf_refine	false	
aes_core:HMF:h263:m7	aes_core	HMF	H64-M16-F4	263	7	1	aes_core:hmf_refine:H64-M16-F4:23	hmf_refine	false	
aes_core:HMF:h263:m8	aes_core	HMF	H64-M16-F4	263	8	1	aes_core:hmf_refine:H64-M16-F4:89	hmf_refine	false	
aes_core:HMF:h263:m9	aes_core	HMF	H64-M16-F4	263	9	1	aes_core:hmf_refine:H64-M16-F4:107	hmf_refine	false	
aes_core:HMF:h265:m7	aes_core	HMF	H64-M16-F4	265	7	1	aes_core:hmf_refine:H64-M16-F4:108	hmf_refine	false	
aes_core:HMF:h265:m8	aes_core	HMF	H64-M16-F4	265	8	1	aes_core:hmf_refine:H64-M16-F4:109	hmf_refine	false	
aes_core:HMF:h265:m9	aes_core	HMF	H64-M16-F4	265	9	1	aes_core:hmf_refine:H64-M16-F4:110	hmf_refine	false	
aes_core:HMF:h266:m10	aes_core	HMF	H64-M16-F4	266	10	1	aes_core:hmf_refine:H64-M16-F4:103	hmf_refine	false	
aes_core:HMF:h266:m3	aes_core	HMF	H64-M16-F4	266	3	1	aes_core:hmf_refine:H64-M16-F4:127	hmf_refine	false	
aes_core:HMF:h266:m4	aes_core	HMF	H64-M16-F4	266	4	1	aes_core:hmf_refine:H64-M16-F4:54	hmf_refine	false	
aes_core:HMF:h266:m6	aes_core	HMF	H64-M16-F4	266	6	1	aes_core:hmf_refine:H64-M16-F4:101	hmf_refine	false	
aes_core:HMF:h266:m8	aes_core	HMF	H64-M16-F4	266	8	1	aes_core:hmf_refine:H64-M16-F4:102	hmf_refine	false	
aes_core:HMF:h266:m9	aes_core	HMF	H64-M16-F4	266	9	1	aes_core:hmf_refine:H64-M16-F4:55	hmf_refine	false	
aes_core:HMF:h268:m10	aes_core	HMF	H64-M16-F4	268	10	1	aes_core:hmf_refine:H64-M16-F4:21	hmf_refine	false	
aes_core:HMF:h268:m11	aes_core	HMF	H64-M16-F4	268	11	1	aes_core:hmf_refine:H64-M16-F4:87	hmf_refine	false	
aes_core:HMF:h268:m4	aes_core	HMF	H64-M16-F4	268	4	1	aes_core:hmf_refine:H64-M16-F4:20	hmf_refine	false	
aes_core:HMF:h268:m5	aes_core	HMF	H64-M16-F4	268	5	1	aes_core:hmf_refine:H64-M16-F4:86	hmf_refine	false	
aes_core:HMF:h268:m7	aes_core	HMF	H64-M16-F4	268	7	1	aes_core:hmf_refine:H64-M16-F4:26	hmf_refine	false	
aes_core:HMF:h268:m8	aes_core	HMF	H64-M16-F4	268	8	1	aes_core:hmf_refine:H64-M16-F4:92	hmf_refine	false	
aes_core:HMF:h270:m5	aes_core	HMF	H64-M16-F4	270	5	1	aes_core:hmf_refine:H64-M16-F4:31	hmf_refine	false	
aes_core:HMF:h270:m7	aes_core	HMF	H64-M16-F4	270	7	1	aes_core:hmf_refine:H64-M16-F4:32	hmf_refine	false	
aes_core:HMF:h270:m9	aes_core	HMF	H64-M16-F4	270	9	1	aes_core:hmf_refine:H64-M16-F4:33	hmf_refine	false	
aes_core:HMF:h271:m3	aes_core	HMF	H64-M16-F4	271	3	1	aes_core:hmf_refine:H64-M16-F4:130	hmf_refine	false	
aes_core:HMF:h271:m4	aes_core	HMF	H64-M16-F4	271	4	1	aes_core:hmf_refine:H64-M16-F4:57	hmf_refine	false	
aes_core:HMF:h271:m8	aes_core	HMF	H64-M16-F4	271	8	1	aes_core:hmf_refine:H64-M16-F4:131	hmf_refine	false	
aes_core:HMF:h271:m9	aes_core	HMF	H64-M16-F4	271	9	1	aes_core:hmf_refine:H64-M16-F4:58	hmf_refine	false	
aes_core:HMF:h273:m5	aes_core	HMF	H64-M16-F4	273	5	1	aes_core:hmf_refine:H64-M16-F4:34	hmf_refine	false	
aes_core:HMF:h273:m7	aes_core	HMF	H64-M16-F4	273	7	1	aes_core:hmf_refine:H64-M16-F4:28	hmf_refine	false	
aes_core:HMF:h273:m8	aes_core	HMF	H64-M16-F4	273	8	1	aes_core:hmf_refine:H64-M16-F4:94	hmf_refine	false	
aes_core:HMF:h274:m4	aes_core	HMF	H64-M16-F4	274	4	1	aes_core:hmf_refine:H64-M16-F4:39	hmf_refine	false	
aes_core:HMF:h274:m5	aes_core	HMF	H64-M16-F4	274	5	1	aes_core:hmf_refine:H64-M16-F4:40	hmf_refine	false	
aes_core:HMF:h274:m6	aes_core	HMF	H64-M16-F4	274	6	1	aes_core:hmf_refine:H64-M16-F4:41	hmf_refine	false	
aes_core:HMF:h275:m3	aes_core	HMF	H64-M16-F4	275	3	1	aes_core:hmf_refine:H64-M16-F4:47	hmf_refine	false	
aes_core:HMF:h275:m4	aes_core	HMF	H64-M16-F4	275	4	1	aes_core:hmf_refine:H64-M16-F4:48	hmf_refine	false	
aes_core:HMF:h275:m5	aes_core	HMF	H64-M16-F4	275	5	1	aes_core:hmf_refine:H64-M16-F4:49	hmf_refine	false	
aes_core:HMF:h276:m3	aes_core	HMF	H64-M16-F4	276	3	1	aes_core:hmf_refine:H64-M16-F4:50	hmf_refine	false	
aes_core:HMF:h276:m4	aes_core	HMF	H64-M16-F4	276	4	1	aes_core:hmf_refine:H64-M16-F4:42	hmf_refine	false	
aes_core:HMF:h276:m5	aes_core	HMF	H64-M16-F4	276	5	1	aes_core:hmf_refine:H64-M16-F4:36	hmf_refine	false	
aes_core:HMF:h277:m3	aes_core	HMF	H64-M16-F4	277	3	1	aes_core:hmf_refine:H64-M16-F4:51	hmf_refine	false	
aes_core:HMF:h277:m4	aes_core	HMF	H64-M16-F4	277	4	1	aes_core:hmf_refine:H64-M16-F4:52	hmf_refine	false	
aes_core:HMF:h277:m5	aes_core	HMF	H64-M16-F4	277	5	1	aes_core:hmf_refine:H64-M16-F4:53	hmf_refine	false	
aes_core:HMF:h278:m1	aes_core	HMF	H64-M16-F4	278	1	2	aes_core:hmf_coarse:H64-M16-F4:148|aes_core:hmf_refine:H64-M16-F4:69	hmf_coarse|hmf_refine	false	
aes_core:HMF:h278:m4	aes_core	HMF	H64-M16-F4	278	4	1	aes_core:hmf_refine:H64-M16-F4:44	hmf_refine	false	
aes_core:HMF:h278:m5	aes_core	HMF	H64-M16-F4	278	5	1	aes_core:hmf_refine:H64-M16-F4:45	hmf_refine	false	
aes_core:HMF:h278:m6	aes_core	HMF	H64-M16-F4	278	6	1	aes_core:hmf_refine:H64-M16-F4:46	hmf_refine	false	
aes_core:HMF:h281:m4	aes_core	HMF	H64-M16-F4	281	4	1	aes_core:hmf_refine:H64-M16-F4:61	hmf_refine	false	
aes_core:HMF:h40:m1	aes_core	HMF	H64-M16-F4	40	1	1	aes_core:hmf_coarse:H64-M16-F4:22	hmf_coarse	false	
aes_core:HMF:h40:m112	aes_core	HMF	H64-M16-F4	40	112	1	aes_core:hmf_coarse:H64-M16-F4:28	hmf_coarse	false	
aes_core:HMF:h40:m131	aes_core	HMF	H64-M16-F4	40	131	1	aes_core:hmf_coarse:H64-M16-F4:29	hmf_coarse	false	
aes_core:HMF:h40:m149	aes_core	HMF	H64-M16-F4	40	149	1	aes_core:hmf_coarse:H64-M16-F4:30	hmf_coarse	false	
aes_core:HMF:h40:m168	aes_core	HMF	H64-M16-F4	40	168	1	aes_core:hmf_coarse:H64-M16-F4:31	hmf_coarse	false	
aes_core:HMF:h40:m19	aes_core	HMF	H64-M16-F4	40	19	1	aes_core:hmf_coarse:H64-M16-F4:23	hmf_coarse	false	
aes_core:HMF:h40:m37	aes_core	HMF	H64-M16-F4	40	37	1	aes_core:hmf_coarse:H64-M16-F4:24	hmf_coarse	false	
aes_core:HMF:h40:m56	aes_core	HMF	H64-M16-F4	40	56	1	aes_core:hmf_coarse:H64-M16-F4:25	hmf_coarse	false	
aes_core:HMF:h40:m75	aes_core	HMF	H64-M16-F4	40	75	1	aes_core:hmf_coarse:H64-M16-F4:26	hmf_coarse	false	
aes_core:HMF:h40:m93	aes_core	HMF	H64-M16-F4	40	93	1	aes_core:hmf_coarse:H64-M16-F4:27	hmf_coarse	false	
aes_core:HMF:h79:m1	aes_core	HMF	H64-M16-F4	79	1	1	aes_core:hmf_coarse:H64-M16-F4:43	hmf_coarse	false	
aes_core:HMF:h79:m101	aes_core	HMF	H64-M16-F4	79	101	1	aes_core:hmf_coarse:H64-M16-F4:49	hmf_coarse	false	
aes_core:HMF:h79:m105	aes_core	HMF	H64-M16-F4	79	105	1	aes_core:hmf_refine:H64-M16-F4:285	hmf_refine	false	
aes_core:HMF:h79:m118	aes_core	HMF	H64-M16-F4	79	118	1	aes_core:hmf_coarse:H64-M16-F4:50	hmf_coarse	false	
aes_core:HMF:h79:m126	aes_core	HMF	H64-M16-F4	79	126	1	aes_core:hmf_refine:H64-M16-F4:286	hmf_refine	false	
aes_core:HMF:h79:m135	aes_core	HMF	H64-M16-F4	79	135	1	aes_core:hmf_coarse:H64-M16-F4:51	hmf_coarse	false	
aes_core:HMF:h79:m17	aes_core	HMF	H64-M16-F4	79	17	1	aes_core:hmf_coarse:H64-M16-F4:44	hmf_coarse	false	
aes_core:HMF:h79:m34	aes_core	HMF	H64-M16-F4	79	34	1	aes_core:hmf_coarse:H64-M16-F4:45	hmf_coarse	false	
aes_core:HMF:h79:m51	aes_core	HMF	H64-M16-F4	79	51	1	aes_core:hmf_coarse:H64-M16-F4:46	hmf_coarse	false	
aes_core:HMF:h79:m67	aes_core	HMF	H64-M16-F4	79	67	1	aes_core:hmf_coarse:H64-M16-F4:47	hmf_coarse	false	
aes_core:HMF:h79:m84	aes_core	HMF	H64-M16-F4	79	84	2	aes_core:hmf_coarse:H64-M16-F4:48|aes_core:hmf_refine:H64-M16-F4:284	hmf_coarse|hmf_refine	false	
aes_core:HMF:h99:m105	aes_core	HMF	H64-M16-F4	99	105	1	aes_core:hmf_refine:H64-M16-F4:294	hmf_refine	false	
aes_core:HMF:h99:m116	aes_core	HMF	H64-M16-F4	99	116	1	aes_core:hmf_refine:H64-M16-F4:295	hmf_refine	false	
aes_core:HMF:h99:m94	aes_core	HMF	H64-M16-F4	99	94	1	aes_core:hmf_refine:H64-M16-F4:293	hmf_refine	false	
b20:HF:h1	b20	HF	H64-F4	1		1	b20:hf_coarse:H64-F4:1	hf_coarse	false	
b20:HF:h119	b20	HF	H64-F4	119		1	b20:hf_coarse:H64-F4:4	hf_coarse	false	
b20:HF:h159	b20	HF	H64-F4	159		2	b20:hf_coarse:H64-F4:5|b20:hf_refine:H64-F4:31	hf_coarse|hf_refine	false	
b20:HF:h199	b20	HF	H64-F4	199		2	b20:hf_coarse:H64-F4:6|b20:hf_refine:H64-F4:16	hf_coarse|hf_refine	false	
b20:HF:h219	b20	HF	H64-F4	219		1	b20:hf_refine:H64-F4:32	hf_refine	false	
b20:HF:h229	b20	HF	H64-F4	229		1	b20:hf_refine:H64-F4:33	hf_refine	false	
b20:HF:h234	b20	HF	H64-F4	234		1	b20:hf_refine:H64-F4:35	hf_refine	false	
b20:HF:h239	b20	HF	H64-F4	239		2	b20:hf_coarse:H64-F4:7|b20:hf_refine:H64-F4:17	hf_coarse|hf_refine	false	
b20:HF:h241	b20	HF	H64-F4	241		1	b20:hf_refine:H64-F4:37	hf_refine	false	
b20:HF:h242	b20	HF	H64-F4	242		1	b20:hf_refine:H64-F4:39	hf_refine	false	
b20:HF:h243	b20	HF	H64-F4	243		1	b20:hf_refine:H64-F4:41	hf_refine	false	
b20:HF:h244	b20	HF	H64-F4	244		1	b20:hf_refine:H64-F4:36	hf_refine	false	
b20:HF:h245	b20	HF	H64-F4	245		1	b20:hf_refine:H64-F4:42	hf_refine	false	
b20:HF:h246	b20	HF	H64-F4	246		1	b20:hf_refine:H64-F4:40	hf_refine	false	
b20:HF:h247	b20	HF	H64-F4	247		1	b20:hf_refine:H64-F4:38	hf_refine	false	
b20:HF:h249	b20	HF	H64-F4	249		1	b20:hf_refine:H64-F4:34	hf_refine	false	
b20:HF:h254	b20	HF	H64-F4	254		1	b20:hf_refine:H64-F4:43	hf_refine	false	
b20:HF:h259	b20	HF	H64-F4	259		1	b20:hf_refine:H64-F4:19	hf_refine	false	
b20:HF:h269	b20	HF	H64-F4	269		1	b20:hf_refine:H64-F4:21	hf_refine	false	
b20:HF:h274	b20	HF	H64-F4	274		1	b20:hf_refine:H64-F4:23	hf_refine	false	
b20:HF:h276	b20	HF	H64-F4	276		1	b20:hf_refine:H64-F4:25	hf_refine	false	
b20:HF:h277	b20	HF	H64-F4	277		1	b20:hf_refine:H64-F4:27	hf_refine	false	
b20:HF:h278	b20	HF	H64-F4	278		2	b20:hf_coarse:H64-F4:8|b20:hf_refine:H64-F4:1	hf_coarse|hf_refine	false	
b20:HF:h279	b20	HF	H64-F4	279		1	b20:hf_refine:H64-F4:18	hf_refine	false	
b20:HF:h280	b20	HF	H64-F4	280		1	b20:hf_refine:H64-F4:29	hf_refine	false	
b20:HF:h281	b20	HF	H64-F4	281		1	b20:hf_refine:H64-F4:28	hf_refine	false	
b20:HF:h282	b20	HF	H64-F4	282		1	b20:hf_refine:H64-F4:26	hf_refine	false	
b20:HF:h284	b20	HF	H64-F4	284		1	b20:hf_refine:H64-F4:24	hf_refine	false	
b20:HF:h289	b20	HF	H64-F4	289		1	b20:hf_refine:H64-F4:22	hf_refine	false	
b20:HF:h298	b20	HF	H64-F4	298		1	b20:hf_refine:H64-F4:4	hf_refine	false	
b20:HF:h299	b20	HF	H64-F4	299		1	b20:hf_refine:H64-F4:20	hf_refine	false	
b20:HF:h308	b20	HF	H64-F4	308		1	b20:hf_refine:H64-F4:6	hf_refine	false	
b20:HF:h313	b20	HF	H64-F4	313		1	b20:hf_refine:H64-F4:8	hf_refine	false	
b20:HF:h315	b20	HF	H64-F4	315		1	b20:hf_refine:H64-F4:10	hf_refine	false	
b20:HF:h316	b20	HF	H64-F4	316		1	b20:hf_refine:H64-F4:12	hf_refine	false	
b20:HF:h317	b20	HF	H64-F4	317		1	b20:hf_refine:H64-F4:14	hf_refine	false	
b20:HF:h318	b20	HF	H64-F4	318		2	b20:hf_coarse:H64-F4:9|b20:hf_refine:H64-F4:2	hf_coarse|hf_refine	false	
b20:HF:h319	b20	HF	H64-F4	319		1	b20:hf_refine:H64-F4:15	hf_refine	false	
b20:HF:h320	b20	HF	H64-F4	320		1	b20:hf_refine:H64-F4:13	hf_refine	false	
b20:HF:h321	b20	HF	H64-F4	321		1	b20:hf_refine:H64-F4:11	hf_refine	false	
b20:HF:h322	b20	HF	H64-F4	322		1	b20:hf_refine:H64-F4:50	hf_refine	false	
b20:HF:h323	b20	HF	H64-F4	323		1	b20:hf_refine:H64-F4:9	hf_refine	false	
b20:HF:h324	b20	HF	H64-F4	324		1	b20:hf_refine:H64-F4:51	hf_refine	false	
b20:HF:h325	b20	HF	H64-F4	325		1	b20:hf_refine:H64-F4:49	hf_refine	false	
b20:HF:h326	b20	HF	H64-F4	326		1	b20:hf_refine:H64-F4:48	hf_refine	false	
b20:HF:h328	b20	HF	H64-F4	328		1	b20:hf_refine:H64-F4:7	hf_refine	false	
b20:HF:h333	b20	HF	H64-F4	333		1	b20:hf_refine:H64-F4:47	hf_refine	false	
b20:HF:h338	b20	HF	H64-F4	338		1	b20:hf_refine:H64-F4:5	hf_refine	false	
b20:HF:h348	b20	HF	H64-F4	348		1	b20:hf_refine:H64-F4:46	hf_refine	false	
b20:HF:h358	b20	HF	H64-F4	358		2	b20:hf_coarse:H64-F4:10|b20:hf_refine:H64-F4:3	hf_coarse|hf_refine	false	
b20:HF:h378	b20	HF	H64-F4	378		1	b20:hf_refine:H64-F4:45	hf_refine	false	
b20:HF:h398	b20	HF	H64-F4	398		2	b20:hf_coarse:H64-F4:11|b20:hf_refine:H64-F4:30	hf_coarse|hf_refine	false	
b20:HF:h40	b20	HF	H64-F4	40		1	b20:hf_coarse:H64-F4:2	hf_coarse	false	
b20:HF:h437	b20	HF	H64-F4	437		1	b20:hf_coarse:H64-F4:12	hf_coarse	false	
b20:HF:h438	b20	HF	H64-F4	438		1	b20:hf_refine:H64-F4:44	hf_refine	false	
b20:HF:h477	b20	HF	H64-F4	477		1	b20:hf_coarse:H64-F4:13	hf_coarse	false	
b20:HF:h517	b20	HF	H64-F4	517		1	b20:hf_coarse:H64-F4:14	hf_coarse	false	
b20:HF:h557	b20	HF	H64-F4	557		1	b20:hf_coarse:H64-F4:15	hf_coarse	false	
b20:HF:h596	b20	HF	H64-F4	596		1	b20:hf_coarse:H64-F4:16	hf_coarse	false	
b20:HF:h636	b20	HF	H64-F4	636		1	b20:hf_coarse:H64-F4:17	hf_coarse	false	
b20:HF:h676	b20	HF	H64-F4	676		1	b20:hf_coarse:H64-F4:18	hf_coarse	false	
b20:HF:h716	b20	HF	H64-F4	716		1	b20:hf_coarse:H64-F4:19	hf_coarse	false	
b20:HF:h755	b20	HF	H64-F4	755		1	b20:hf_coarse:H64-F4:20	hf_coarse	false	
b20:HF:h795	b20	HF	H64-F4	795		1	b20:hf_coarse:H64-F4:21	hf_coarse	false	
b20:HF:h80	b20	HF	H64-F4	80		1	b20:hf_coarse:H64-F4:3	hf_coarse	false	
b20:HMF:h1:m1	b20	HMF	H64-M16-F4	1	1	1	b20:hmf_coarse:H64-M16-F4:1	hmf_coarse	false	
b20:HMF:h1:m123	b20	HMF	H64-M16-F4	1	123	1	b20:hmf_coarse:H64-M16-F4:6	hmf_coarse	false	
b20:HMF:h1:m147	b20	HMF	H64-M16-F4	1	147	1	b20:hmf_coarse:H64-M16-F4:7	hmf_coarse	false	
b20:HMF:h1:m172	b20	HMF	H64-M16-F4	1	172	1	b20:hmf_coarse:H64-M16-F4:8	hmf_coarse	false	
b20:HMF:h1:m196	b20	HMF	H64-M16-F4	1	196	1	b20:hmf_coarse:H64-M16-F4:9	hmf_coarse	false	
b20:HMF:h1:m25	b20	HMF	H64-M16-F4	1	25	1	b20:hmf_coarse:H64-M16-F4:2	hmf_coarse	false	
b20:HMF:h1:m49	b20	HMF	H64-M16-F4	1	49	1	b20:hmf_coarse:H64-M16-F4:3	hmf_coarse	false	
b20:HMF:h1:m74	b20	HMF	H64-M16-F4	1	74	1	b20:hmf_coarse:H64-M16-F4:4	hmf_coarse	false	
b20:HMF:h1:m98	b20	HMF	H64-M16-F4	1	98	1	b20:hmf_coarse:H64-M16-F4:5	hmf_coarse	false	
b20:HMF:h109:m98	b20	HMF	H64-M16-F4	109	98	1	b20:hmf_refine:H64-M16-F4:325	hmf_refine	false	
b20:HMF:h119:m1	b20	HMF	H64-M16-F4	119	1	1	b20:hmf_coarse:H64-M16-F4:64	hmf_coarse	false	
b20:HMF:h119:m105	b20	HMF	H64-M16-F4	119	105	1	b20:hmf_refine:H64-M16-F4:308	hmf_refine	false	
b20:HMF:h119:m22	b20	HMF	H64-M16-F4	119	22	1	b20:hmf_coarse:H64-M16-F4:65	hmf_coarse	false	
b20:HMF:h119:m43	b20	HMF	H64-M16-F4	119	43	1	b20:hmf_coarse:H64-M16-F4:66	hmf_coarse	false	
b20:HMF:h119:m55	b20	HMF	H64-M16-F4	119	55	1	b20:hmf_refine:H64-M16-F4:306	hmf_refine	false	
b20:HMF:h119:m61	b20	HMF	H64-M16-F4	119	61	1	b20:hmf_refine:H64-M16-F4:152	hmf_refine	false	
b20:HMF:h119:m65	b20	HMF	H64-M16-F4	119	65	1	b20:hmf_coarse:H64-M16-F4:67	hmf_coarse	false	
b20:HMF:h119:m80	b20	HMF	H64-M16-F4	119	80	1	b20:hmf_refine:H64-M16-F4:307	hmf_refine	false	
b20:HMF:h119:m86	b20	HMF	H64-M16-F4	119	86	2	b20:hmf_coarse:H64-M16-F4:68|b20:hmf_refine:H64-M16-F4:153	hmf_coarse|hmf_refine	false	
b20:HMF:h119:m92	b20	HMF	H64-M16-F4	119	92	1	b20:hmf_refine:H64-M16-F4:317	hmf_refine	false	
b20:HMF:h120:m87	b20	HMF	H64-M16-F4	120	87	1	b20:hmf_refine:H64-M16-F4:81	hmf_refine	false	
b20:HMF:h129:m88	b20	HMF	H64-M16-F4	129	88	1	b20:hmf_refine:H64-M16-F4:245	hmf_refine	false	
b20:HMF:h129:m95	b20	HMF	H64-M16-F4	129	95	1	b20:hmf_refine:H64-M16-F4:246	hmf_refine	false	
b20:HMF:h130:m80	b20	HMF	H64-M16-F4	130	80	1	b20:hmf_refine:H64-M16-F4:282	hmf_refine	false	
b20:HMF:h130:m85	b20	HMF	H64-M16-F4	130	85	1	b20:hmf_refine:H64-M16-F4:283	hmf_refine	false	
b20:HMF:h130:m90	b20	HMF	H64-M16-F4	130	90	1	b20:hmf_refine:H64-M16-F4:284	hmf_refine	false	
b20:HMF:h130:m95	b20	HMF	H64-M16-F4	130	95	1	b20:hmf_refine:H64-M16-F4:285	hmf_refine	false	
b20:HMF:h134:m91	b20	HMF	H64-M16-F4	134	91	1	b20:hmf_refine:H64-M16-F4:253	hmf_refine	false	
b20:HMF:h134:m95	b20	HMF	H64-M16-F4	134	95	1	b20:hmf_refine:H64-M16-F4:254	hmf_refine	false	
b20:HMF:h134:m99	b20	HMF	H64-M16-F4	134	99	1	b20:hmf_refine:H64-M16-F4:255	hmf_refine	false	
b20:HMF:h135:m80	b20	HMF	H64-M16-F4	135	80	1	b20:hmf_refine:H64-M16-F4:287	hmf_refine	false	
b20:HMF:h135:m85	b20	HMF	H64-M16-F4	135	85	1	b20:hmf_refine:H64-M16-F4:288	hmf_refine	false	
b20:HMF:h135:m90	b20	HMF	H64-M16-F4	135	90	1	b20:hmf_refine:H64-M16-F4:289	hmf_refine	false	
b20:HMF:h135:m95	b20	HMF	H64-M16-F4	135	95	1	b20:hmf_refine:H64-M16-F4:290	hmf_refine	false	
b20:HMF:h136:m89	b20	HMF	H64-M16-F4	136	89	1	b20:hmf_refine:H64-M16-F4:261	hmf_refine	false	
b20:HMF:h136:m91	b20	HMF	H64-M16-F4	136	91	1	b20:hmf_refine:H64-M16-F4:262	hmf_refine	false	
b20:HMF:h136:m93	b20	HMF	H64-M16-F4	136	93	1	b20:hmf_refine:H64-M16-F4:263	hmf_refine	false	
b20:HMF:h139:m69	b20	HMF	H64-M16-F4	139	69	1	b20:hmf_refine:H64-M16-F4:237	hmf_refine	false	
b20:HMF:h139:m82	b20	HMF	H64-M16-F4	139	82	1	b20:hmf_refine:H64-M16-F4:238	hmf_refine	false	
b20:HMF:h139:m88	b20	HMF	H64-M16-F4	139	88	1	b20:hmf_refine:H64-M16-F4:248	hmf_refine	false	
b20:HMF:h139:m89	b20	HMF	H64-M16-F4	139	89	1	b20:hmf_refine:H64-M16-F4:264	hmf_refine	false	
b20:HMF:h139:m90	b20	HMF	H64-M16-F4	139	90	1	b20:hmf_refine:H64-M16-F4:277	hmf_refine	false	
b20:HMF:h139:m91	b20	HMF	H64-M16-F4	139	91	1	b20:hmf_refine:H64-M16-F4:256	hmf_refine	false	
b20:HMF:h139:m92	b20	HMF	H64-M16-F4	139	92	1	b20:hmf_refine:H64-M16-F4:319	hmf_refine	false	
b20:HMF:h139:m93	b20	HMF	H64-M16-F4	139	93	1	b20:hmf_refine:H64-M16-F4:265	hmf_refine	false	
b20:HMF:h139:m95	b20	HMF	H64-M16-F4	139	95	1	b20:hmf_refine:H64-M16-F4:239	hmf_refine	false	
b20:HMF:h139:m99	b20	HMF	H64-M16-F4	139	99	1	b20:hmf_refine:H64-M16-F4:257	hmf_refine	false	
b20:HMF:h140:m80	b20	HMF	H64-M16-F4	140	80	1	b20:hmf_refine:H64-M16-F4:292	hmf_refine	false	
b20:HMF:h140:m85	b20	HMF	H64-M16-F4	140	85	1	b20:hmf_refine:H64-M16-F4:293	hmf_refine	false	
b20:HMF:h140:m88	b20	HMF	H64-M16-F4	140	88	1	b20:hmf_refine:H64-M16-F4:269	hmf_refine	false	
b20:HMF:h140:m89	b20	HMF	H64-M16-F4	140	89	1	b20:hmf_refine:H64-M16-F4:270	hmf_refine	false	
b20:HMF:h140:m90	b20	HMF	H64-M16-F4	140	90	1	b20:hmf_refine:H64-M16-F4:271	hmf_refine	false	
b20:HMF:h140:m91	b20	HMF	H64-M16-F4	140	91	1	b20:hmf_refine:H64-M16-F4:278	hmf_refine	false	
b20:HMF:h141:m90	b20	HMF	H64-M16-F4	141	90	1	b20:hmf_refine:H64-M16-F4:280	hmf_refine	false	
b20:HMF:h142:m88	b20	HMF	H64-M16-F4	142	88	1	b20:hmf_refine:H64-M16-F4:272	hmf_refine	false	
b20:HMF:h142:m89	b20	HMF	H64-M16-F4	142	89	1	b20:hmf_refine:H64-M16-F4:266	hmf_refine	false	
b20:HMF:h142:m90	b20	HMF	H64-M16-F4	142	90	1	b20:hmf_refine:H64-M16-F4:273	hmf_refine	false	
b20:HMF:h142:m91	b20	HMF	H64-M16-F4	142	91	1	b20:hmf_refine:H64-M16-F4:267	hmf_refine	false	
b20:HMF:h142:m93	b20	HMF	H64-M16-F4	142	93	1	b20:hmf_refine:H64-M16-F4:268	hmf_refine	false	
b20:HMF:h144:m88	b20	HMF	H64-M16-F4	144	88	1	b20:hmf_refine:H64-M16-F4:274	hmf_refine	false	
b20:HMF:h144:m89	b20	HMF	H64-M16-F4	144	89	1	b20:hmf_refine:H64-M16-F4:275	hmf_refine	false	
b20:HMF:h144:m90	b20	HMF	H64-M16-F4	144	90	1	b20:hmf_refine:H64-M16-F4:276	hmf_refine	false	
b20:HMF:h144:m91	b20	HMF	H64-M16-F4	144	91	1	b20:hmf_refine:H64-M16-F4:258	hmf_refine	false	
b20:HMF:h144:m95	b20	HMF	H64-M16-F4	144	95	1	b20:hmf_refine:H64-M16-F4:259	hmf_refine	false	
b20:HMF:h144:m99	b20	HMF	H64-M16-F4	144	99	1	b20:hmf_refine:H64-M16-F4:260	hmf_refine	false	
b20:HMF:h145:m80	b20	HMF	H64-M16-F4	145	80	1	b20:hmf_refine:H64-M16-F4:296	hmf_refine	false	
b20:HMF:h145:m85	b20	HMF	H64-M16-F4	145	85	1	b20:hmf_refine:H64-M16-F4:297	hmf_refine	false	
b20:HMF:h145:m90	b20	HMF	H64-M16-F4	145	90	1	b20:hmf_refine:H64-M16-F4:298	hmf_refine	false	
b20:HMF:h145:m95	b20	HMF	H64-M16-F4	145	95	1	b20:hmf_refine:H64-M16-F4:299	hmf_refine	false	
b20:HMF:h149:m102	b20	HMF	H64-M16-F4	149	102	1	b20:hmf_refine:H64-M16-F4:252	hmf_refine	false	
b20:HMF:h149:m88	b20	HMF	H64-M16-F4	149	88	1	b20:hmf_refine:H64-M16-F4:250	hmf_refine	false	
b20:HMF:h149:m95	b20	HMF	H64-M16-F4	149	95	1	b20:hmf_refine:H64-M16-F4:251	hmf_refine	false	
b20:HMF:h150:m80	b20	HMF	H64-M16-F4	150	80	1	b20:hmf_refine:H64-M16-F4:301	hmf_refine	false	
b20:HMF:h150:m85	b20	HMF	H64-M16-F4	150	85	1	b20:hmf_refine:H64-M16-F4:302	hmf_refine	false	
b20:HMF:h150:m90	b20	HMF	H64-M16-F4	150	90	1	b20:hmf_refine:H64-M16-F4:303	hmf_refine	false	
b20:HMF:h159:m1	b20	HMF	H64-M16-F4	159	1	1	b20:hmf_coarse:H64-M16-F4:85	hmf_coarse	false	
b20:HMF:h159:m20	b20	HMF	H64-M16-F4	159	20	1	b20:hmf_coarse:H64-M16-F4:86	hmf_coarse	false	
b20:HMF:h159:m32	b20	HMF	H64-M16-F4	159	32	1	b20:hmf_refine:H64-M16-F4:228	hmf_refine	false	
b20:HMF:h159:m40	b20	HMF	H64-M16-F4	159	40	1	b20:hmf_coarse:H64-M16-F4:87	hmf_coarse	false	
b20:HMF:h159:m55	b20	HMF	H64-M16-F4	159	55	1	b20:hmf_refine:H64-M16-F4:309	hmf_refine	false	
b20:HMF:h159:m57	b20	HMF	H64-M16-F4	159	57	1	b20:hmf_refine:H64-M16-F4:229	hmf_refine	false	
b20:HMF:h159:m60	b20	HMF	H64-M16-F4	159	60	1	b20:hmf_coarse:H64-M16-F4:88	hmf_coarse	false	
b20:HMF:h159:m61	b20	HMF	H64-M16-F4	159	61	1	b20:hmf_refine:H64-M16-F4:155	hmf_refine	false	
b20:HMF:h159:m69	b20	HMF	H64-M16-F4	159	69	1	b20:hmf_refine:H64-M16-F4:240	hmf_refine	false	
b20:HMF:h159:m80	b20	HMF	H64-M16-F4	159	80	2	b20:hmf_coarse:H64-M16-F4:89|b20:hmf_refine:H64-M16-F4:310	hmf_coarse|hmf_refine	false	
b20:HMF:h159:m82	b20	HMF	H64-M16-F4	159	82	1	b20:hmf_refine:H64-M16-F4:230	hmf_refine	false	
b20:HMF:h159:m86	b20	HMF	H64-M16-F4	159	86	1	b20:hmf_refine:H64-M16-F4:156	hmf_refine	false	
b20:HMF:h179:m69	b20	HMF	H64-M16-F4	179	69	1	b20:hmf_refine:H64-M16-F4:242	hmf_refine	false	
b20:HMF:h199:m1	b20	HMF	H64-M16-F4	199	1	1	b20:hmf_coarse:H64-M16-F4:106	hmf_coarse	false	
b20:HMF:h199:m19	b20	HMF	H64-M16-F4	199	19	1	b20:hmf_coarse:H64-M16-F4:107	hmf_coarse	false	
b20:HMF:h199:m32	b20	HMF	H64-M16-F4	199	32	1	b20:hmf_refine:H64-M16-F4:231	hmf_refine	false	
b20:HMF:h199:m38	b20	HMF	H64-M16-F4	199	38	1	b20:hmf_coarse:H64-M16-F4:108	hmf_coarse	false	
b20:HMF:h199:m55	b20	HMF	H64-M16-F4	199	55	1	b20:hmf_refine:H64-M16-F4:312	hmf_refine	false	
b20:HMF:h199:m57	b20	HMF	H64-M16-F4	199	57	2	b20:hmf_coarse:H64-M16-F4:109|b20:hmf_refine:H64-M16-F4:232	hmf_coarse|hmf_refine	false	
b20:HMF:h20:m124	b20	HMF	H64-M16-F4	20	124	1	b20:hmf_refine:H64-M16-F4:84	hmf_refine	false	
b20:HMF:h20:m128	b20	HMF	H64-M16-F4	20	128	1	b20:hmf_refine:H64-M16-F4:7	hmf_refine	false	
b20:HMF:h20:m137	b20	HMF	H64-M16-F4	20	137	1	b20:hmf_refine:H64-M16-F4:85	hmf_refine	false	
b20:HMF:h20:m141	b20	HMF	H64-M16-F4	20	141	1	b20:hmf_refine:H64-M16-F4:8	hmf_refine	false	
b20:HMF:h20:m150	b20	HMF	H64-M16-F4	20	150	1	b20:hmf_refine:H64-M16-F4:86	hmf_refine	false	
b20:HMF:h20:m154	b20	HMF	H64-M16-F4	20	154	1	b20:hmf_refine:H64-M16-F4:9	hmf_refine	false	
b20:HMF:h239:m1	b20	HMF	H64-M16-F4	239	1	1	b20:hmf_coarse:H64-M16-F4:127	hmf_coarse	false	
b20:HMF:h239:m18	b20	HMF	H64-M16-F4	239	18	1	b20:hmf_coarse:H64-M16-F4:128	hmf_coarse	false	
b20:HMF:h239:m32	b20	HMF	H64-M16-F4	239	32	1	b20:hmf_refine:H64-M16-F4:234	hmf_refine	false	
b20:HMF:h239:m36	b20	HMF	H64-M16-F4	239	36	1	b20:hmf_coarse:H64-M16-F4:129	hmf_coarse	false	
b20:HMF:h239:m54	b20	HMF	H64-M16-F4	239	54	1	b20:hmf_coarse:H64-M16-F4:130	hmf_coarse	false	
b20:HMF:h239:m57	b20	HMF	H64-M16-F4	239	57	1	b20:hmf_refine:H64-M16-F4:235	hmf_refine	false	
b20:HMF:h278:m1	b20	HMF	H64-M16-F4	278	1	1	b20:hmf_coarse:H64-M16-F4:148	hmf_coarse	false	
b20:HMF:h278:m17	b20	HMF	H64-M16-F4	278	17	1	b20:hmf_coarse:H64-M16-F4:149	hmf_coarse	false	
b20:HMF:h278:m34	b20	HMF	H64-M16-F4	278	34	1	b20:hmf_coarse:H64-M16-F4:150	hmf_coarse	false	
b20:HMF:h30:m130	b20	HMF	H64-M16-F4	30	130	1	b20:hmf_refine:H64-M16-F4:91	hmf_refine	false	
b20:HMF:h30:m137	b20	HMF	H64-M16-F4	30	137	1	b20:hmf_refine:H64-M16-F4:92	hmf_refine	false	
b20:HMF:h30:m144	b20	HMF	H64-M16-F4	30	144	1	b20:hmf_refine:H64-M16-F4:93	hmf_refine	false	
b20:HMF:h318:m1	b20	HMF	H64-M16-F4	318	1	1	b20:hmf_coarse:H64-M16-F4:169	hmf_coarse	false	
b20:HMF:h318:m17	b20	HMF	H64-M16-F4	318	17	1	b20:hmf_coarse:H64-M16-F4:170	hmf_coarse	false	
b20:HMF:h358:m1	b20	HMF	H64-M16-F4	358	1	1	b20:hmf_coarse:H64-M16-F4:190	hmf_coarse	false	
b20:HMF:h358:m16	b20	HMF	H64-M16-F4	358	16	1	b20:hmf_coarse:H64-M16-F4:191	hmf_coarse	false	
b20:HMF:h36:m126	b20	HMF	H64-M16-F4	36	126	1	b20:hmf_refine:H64-M16-F4:126	hmf_refine	false	
b20:HMF:h36:m131	b20	HMF	H64-M16-F4	36	131	1	b20:hmf_refine:H64-M16-F4:127	hmf_refine	false	
b20:HMF:h36:m136	b20	HMF	H64-M16-F4	36	136	1	b20:hmf_refine:H64-M16-F4:128	hmf_refine	false	
b20:HMF:h36:m141	b20	HMF	H64-M16-F4	36	141	1	b20:hmf_refine:H64-M16-F4:129	hmf_refine	false	
b20:HMF:h36:m146	b20	HMF	H64-M16-F4	36	146	1	b20:hmf_refine:H64-M16-F4:130	hmf_refine	false	
b20:HMF:h398:m1	b20	HMF	H64-M16-F4	398	1	1	b20:hmf_coarse:H64-M16-F4:211	hmf_coarse	false	
b20:HMF:h398:m15	b20	HMF	H64-M16-F4	398	15	1	b20:hmf_coarse:H64-M16-F4:212	hmf_coarse	false	
b20:HMF:h40:m1	b20	HMF	H64-M16-F4	40	1	1	b20:hmf_coarse:H64-M16-F4:22	hmf_coarse	false	
b20:HMF:h40:m112	b20	HMF	H64-M16-F4	40	112	1	b20:hmf_refine:H64-M16-F4:76	hmf_refine	false	
b20:HMF:h40:m116	b20	HMF	H64-M16-F4	40	116	1	b20:hmf_refine:H64-M16-F4:1	hmf_refine	false	
b20:HMF:h40:m118	b20	HMF	H64-M16-F4	40	118	1	b20:hmf_coarse:H64-M16-F4:27	hmf_coarse	false	
b20:HMF:h40:m124	b20	HMF	H64-M16-F4	40	124	1	b20:hmf_refine:H64-M16-F4:87	hmf_refine	false	
b20:HMF:h40:m128	b20	HMF	H64-M16-F4	40	128	1	b20:hmf_refine:H64-M16-F4:10	hmf_refine	false	
b20:HMF:h40:m130	b20	HMF	H64-M16-F4	40	130	1	b20:hmf_refine:H64-M16-F4:94	hmf_refine	false	
b20:HMF:h40:m137	b20	HMF	H64-M16-F4	40	137	1	b20:hmf_refine:H64-M16-F4:77	hmf_refine	false	
b20:HMF:h40:m141	b20	HMF	H64-M16-F4	40	141	2	b20:hmf_coarse:H64-M16-F4:28|b20:hmf_refine:H64-M16-F4:2	hmf_coarse|hmf_refine	false	
b20:HMF:h40:m144	b20	HMF	H64-M16-F4	40	144	1	b20:hmf_refine:H64-M16-F4:95	hmf_refine	false	
b20:HMF:h40:m24	b20	HMF	H64-M16-F4	40	24	1	b20:hmf_coarse:H64-M16-F4:23	hmf_coarse	false	
b20:HMF:h40:m47	b20	HMF	H64-M16-F4	40	47	1	b20:hmf_coarse:H64-M16-F4:24	hmf_coarse	false	
b20:HMF:h40:m71	b20	HMF	H64-M16-F4	40	71	1	b20:hmf_coarse:H64-M16-F4:25	hmf_coarse	false	
b20:HMF:h40:m87	b20	HMF	H64-M16-F4	40	87	1	b20:hmf_refine:H64-M16-F4:75	hmf_refine	false	
b20:HMF:h40:m94	b20	HMF	H64-M16-F4	40	94	1	b20:hmf_coarse:H64-M16-F4:26	hmf_coarse	false	
b20:HMF:h41:m126	b20	HMF	H64-M16-F4	41	126	1	b20:hmf_refine:H64-M16-F4:131	hmf_refine	false	
b20:HMF:h41:m131	b20	HMF	H64-M16-F4	41	131	1	b20:hmf_refine:H64-M16-F4:132	hmf_refine	false	
b20:HMF:h41:m136	b20	HMF	H64-M16-F4	41	136	1	b20:hmf_refine:H64-M16-F4:133	hmf_refine	false	
b20:HMF:h41:m141	b20	HMF	H64-M16-F4	41	141	1	b20:hmf_refine:H64-M16-F4:134	hmf_refine	false	
b20:HMF:h437:m1	b20	HMF	H64-M16-F4	437	1	1	b20:hmf_coarse:H64-M16-F4:232	hmf_coarse	false	
b20:HMF:h437:m14	b20	HMF	H64-M16-F4	437	14	1	b20:hmf_coarse:H64-M16-F4:233	hmf_coarse	false	
b20:HMF:h45:m115	b20	HMF	H64-M16-F4	45	115	1	b20:hmf_refine:H64-M16-F4:53	hmf_refine	false	
b20:HMF:h45:m120	b20	HMF	H64-M16-F4	45	120	1	b20:hmf_refine:H64-M16-F4:54	hmf_refine	false	
b20:HMF:h45:m125	b20	HMF	H64-M16-F4	45	125	1	b20:hmf_refine:H64-M16-F4:55	hmf_refine	false	
b20:HMF:h45:m130	b20	HMF	H64-M16-F4	45	130	1	b20:hmf_refine:H64-M16-F4:56	hmf_refine	false	
b20:HMF:h45:m133	b20	HMF	H64-M16-F4	45	133	1	b20:hmf_refine:H64-M16-F4:98	hmf_refine	false	
b20:HMF:h45:m135	b20	HMF	H64-M16-F4	45	135	1	b20:hmf_refine:H64-M16-F4:57	hmf_refine	false	
b20:HMF:h45:m136	b20	HMF	H64-M16-F4	45	136	1	b20:hmf_refine:H64-M16-F4:113	hmf_refine	false	
b20:HMF:h45:m137	b20	HMF	H64-M16-F4	45	137	1	b20:hmf_refine:H64-M16-F4:99	hmf_refine	false	
b20:HMF:h45:m138	b20	HMF	H64-M16-F4	45	138	1	b20:hmf_refine:H64-M16-F4:114	hmf_refine	false	
b20:HMF:h45:m141	b20	HMF	H64-M16-F4	45	141	1	b20:hmf_refine:H64-M16-F4:100	hmf_refine	false	
b20:HMF:h46:m126	b20	HMF	H64-M16-F4	46	126	1	b20:hmf_refine:H64-M16-F4:136	hmf_refine	false	
b20:HMF:h46:m131	b20	HMF	H64-M16-F4	46	131	1	b20:hmf_refine:H64-M16-F4:137	hmf_refine	false	
b20:HMF:h46:m135	b20	HMF	H64-M16-F4	46	135	1	b20:hmf_refine:H64-M16-F4:120	hmf_refine	false	
b20:HMF:h46:m136	b20	HMF	H64-M16-F4	46	136	1	b20:hmf_refine:H64-M16-F4:121	hmf_refine	false	
b20:HMF:h46:m137	b20	HMF	H64-M16-F4	46	137	1	b20:hmf_refine:H64-M16-F4:122	hmf_refine	false	
b20:HMF:h47:m135	b20	HMF	H64-M16-F4	47	135	1	b20:hmf_refine:H64-M16-F4:106	hmf_refine	false	
b20:HMF:h47:m136	b20	HMF	H64-M16-F4	47	136	1	b20:hmf_refine:H64-M16-F4:115	hmf_refine	false	
b20:HMF:h47:m137	b20	HMF	H64-M16-F4	47	137	1	b20:hmf_refine:H64-M16-F4:107	hmf_refine	false	
b20:HMF:h477:m1	b20	HMF	H64-M16-F4	477	1	1	b20:hmf_coarse:H64-M16-F4:253	hmf_coarse	false	
b20:HMF:h48:m135	b20	HMF	H64-M16-F4	48	135	1	b20:hmf_refine:H64-M16-F4:123	hmf_refine	false	
b20:HMF:h48:m136	b20	HMF	H64-M16-F4	48	136	1	b20:hmf_refine:H64-M16-F4:124	hmf_refine	false	
b20:HMF:h48:m137	b20	HMF	H64-M16-F4	48	137	1	b20:hmf_refine:H64-M16-F4:125	hmf_refine	false	
b20:HMF:h49:m136	b20	HMF	H64-M16-F4	49	136	1	b20:hmf_refine:H64-M16-F4:117	hmf_refine	false	
b20:HMF:h49:m137	b20	HMF	H64-M16-F4	49	137	1	b20:hmf_refine:H64-M16-F4:118	hmf_refine	false	
b20:HMF:h49:m138	b20	HMF	H64-M16-F4	49	138	1	b20:hmf_refine:H64-M16-F4:119	hmf_refine	false	
b20:HMF:h50:m115	b20	HMF	H64-M16-F4	50	115	1	b20:hmf_refine:H64-M16-F4:58	hmf_refine	false	
b20:HMF:h50:m120	b20	HMF	H64-M16-F4	50	120	1	b20:hmf_refine:H64-M16-F4:59	hmf_refine	false	
b20:HMF:h50:m121	b20	HMF	H64-M16-F4	50	121	1	b20:hmf_refine:H64-M16-F4:15	hmf_refine	false	
b20:HMF:h50:m125	b20	HMF	H64-M16-F4	50	125	1	b20:hmf_refine:H64-M16-F4:60	hmf_refine	false	
b20:HMF:h50:m128	b20	HMF	H64-M16-F4	50	128	1	b20:hmf_refine:H64-M16-F4:16	hmf_refine	false	
b20:HMF:h50:m130	b20	HMF	H64-M16-F4	50	130	1	b20:hmf_refine:H64-M16-F4:61	hmf_refine	false	
b20:HMF:h50:m133	b20	HMF	H64-M16-F4	50	133	1	b20:hmf_refine:H64-M16-F4:101	hmf_refine	false	
b20:HMF:h50:m135	b20	HMF	H64-M16-F4	50	135	1	b20:hmf_refine:H64-M16-F4:17	hmf_refine	false	
b20:HMF:h50:m137	b20	HMF	H64-M16-F4	50	137	1	b20:hmf_refine:H64-M16-F4:96	hmf_refine	false	
b20:HMF:h50:m139	b20	HMF	H64-M16-F4	50	139	1	b20:hmf_refine:H64-M16-F4:109	hmf_refine	false	
b20:HMF:h50:m141	b20	HMF	H64-M16-F4	50	141	1	b20:hmf_refine:H64-M16-F4:102	hmf_refine	false	
b20:HMF:h51:m126	b20	HMF	H64-M16-F4	51	126	1	b20:hmf_refine:H64-M16-F4:140	hmf_refine	false	
b20:HMF:h51:m131	b20	HMF	H64-M16-F4	51	131	1	b20:hmf_refine:H64-M16-F4:141	hmf_refine	false	
b20:HMF:h51:m136	b20	HMF	H64-M16-F4	51	136	1	b20:hmf_refine:H64-M16-F4:142	hmf_refine	false	
b20:HMF:h51:m141	b20	HMF	H64-M16-F4	51	141	1	b20:hmf_refine:H64-M16-F4:143	hmf_refine	false	
b20:HMF:h517:m1	b20	HMF	H64-M16-F4	517	1	1	b20:hmf_coarse:H64-M16-F4:274	hmf_coarse	false	
b20:HMF:h52:m122	b20	HMF	H64-M16-F4	52	122	1	b20:hmf_refine:H64-M16-F4:31	hmf_refine	false	
b20:HMF:h52:m124	b20	HMF	H64-M16-F4	52	124	1	b20:hmf_refine:H64-M16-F4:32	hmf_refine	false	
b20:HMF:h52:m126	b20	HMF	H64-M16-F4	52	126	1	b20:hmf_refine:H64-M16-F4:33	hmf_refine	false	
b20:HMF:h53:m123	b20	HMF	H64-M16-F4	53	123	1	b20:hmf_refine:H64-M16-F4:39	hmf_refine	false	
b20:HMF:h53:m124	b20	HMF	H64-M16-F4	53	124	1	b20:hmf_refine:H64-M16-F4:40	hmf_refine	false	
b20:HMF:h53:m125	b20	HMF	H64-M16-F4	53	125	1	b20:hmf_refine:H64-M16-F4:41	hmf_refine	false	
b20:HMF:h53:m135	b20	HMF	H64-M16-F4	53	135	1	b20:hmf_refine:H64-M16-F4:110	hmf_refine	false	
b20:HMF:h54:m124	b20	HMF	H64-M16-F4	54	124	1	b20:hmf_refine:H64-M16-F4:47	hmf_refine	false	
b20:HMF:h54:m125	b20	HMF	H64-M16-F4	54	125	1	b20:hmf_refine:H64-M16-F4:48	hmf_refine	false	
b20:HMF:h54:m126	b20	HMF	H64-M16-F4	54	126	1	b20:hmf_refine:H64-M16-F4:49	hmf_refine	false	
b20:HMF:h55:m115	b20	HMF	H64-M16-F4	55	115	1	b20:hmf_refine:H64-M16-F4:62	hmf_refine	false	
b20:HMF:h55:m120	b20	HMF	H64-M16-F4	55	120	1	b20:hmf_refine:H64-M16-F4:63	hmf_refine	false	
b20:HMF:h55:m122	b20	HMF	H64-M16-F4	55	122	1	b20:hmf_refine:H64-M16-F4:34	hmf_refine	false	
b20:HMF:h55:m123	b20	HMF	H64-M16-F4	55	123	1	b20:hmf_refine:H64-M16-F4:42	hmf_refine	false	
b20:HMF:h55:m124	b20	HMF	H64-M16-F4	55	124	1	b20:hmf_refine:H64-M16-F4:23	hmf_refine	false	
b20:HMF:h55:m125	b20	HMF	H64-M16-F4	55	125	1	b20:hmf_refine:H64-M16-F4:43	hmf_refine	false	
b20:HMF:h55:m126	b20	HMF	H64-M16-F4	55	126	1	b20:hmf_refine:H64-M16-F4:35	hmf_refine	false	
b20:HMF:h55:m128	b20	HMF	H64-M16-F4	55	128	1	b20:hmf_refine:H64-M16-F4:24	hmf_refine	false	
b20:HMF:h557:m1	b20	HMF	H64-M16-F4	557	1	1	b20:hmf_coarse:H64-M16-F4:295	hmf_coarse	false	
b20:HMF:h56:m124	b20	HMF	H64-M16-F4	56	124	1	b20:hmf_refine:H64-M16-F4:50	hmf_refine	false	
b20:HMF:h56:m125	b20	HMF	H64-M16-F4	56	125	1	b20:hmf_refine:H64-M16-F4:51	hmf_refine	false	
b20:HMF:h56:m126	b20	HMF	H64-M16-F4	56	126	1	b20:hmf_refine:H64-M16-F4:52	hmf_refine	false	
b20:HMF:h56:m131	b20	HMF	H64-M16-F4	56	131	1	b20:hmf_refine:H64-M16-F4:145	hmf_refine	false	
b20:HMF:h57:m123	b20	HMF	H64-M16-F4	57	123	1	b20:hmf_refine:H64-M16-F4:44	hmf_refine	false	
b20:HMF:h57:m124	b20	HMF	H64-M16-F4	57	124	1	b20:hmf_refine:H64-M16-F4:45	hmf_refine	false	
b20:HMF:h57:m125	b20	HMF	H64-M16-F4	57	125	1	b20:hmf_refine:H64-M16-F4:46	hmf_refine	false	
b20:HMF:h58:m122	b20	HMF	H64-M16-F4	58	122	1	b20:hmf_refine:H64-M16-F4:36	hmf_refine	false	
b20:HMF:h58:m124	b20	HMF	H64-M16-F4	58	124	1	b20:hmf_refine:H64-M16-F4:37	hmf_refine	false	
b20:HMF:h58:m126	b20	HMF	H64-M16-F4	58	126	1	b20:hmf_refine:H64-M16-F4:38	hmf_refine	false	
b20:HMF:h59:m73	b20	HMF	H64-M16-F4	59	73	1	b20:hmf_refine:H64-M16-F4:158	hmf_refine	false	
b20:HMF:h59:m86	b20	HMF	H64-M16-F4	59	86	1	b20:hmf_refine:H64-M16-F4:159	hmf_refine	false	
b20:HMF:h59:m99	b20	HMF	H64-M16-F4	59	99	1	b20:hmf_refine:H64-M16-F4:160	hmf_refine	false	
b20:HMF:h596:m1	b20	HMF	H64-M16-F4	596	1	1	b20:hmf_coarse:H64-M16-F4:316	hmf_coarse	false	
b20:HMF:h60:m115	b20	HMF	H64-M16-F4	60	115	1	b20:hmf_refine:H64-M16-F4:66	hmf_refine	false	
b20:HMF:h60:m120	b20	HMF	H64-M16-F4	60	120	1	b20:hmf_refine:H64-M16-F4:67	hmf_refine	false	
b20:HMF:h60:m121	b20	HMF	H64-M16-F4	60	121	1	b20:hmf_refine:H64-M16-F4:18	hmf_refine	false	
b20:HMF:h60:m124	b20	HMF	H64-M16-F4	60	124	1	b20:hmf_refine:H64-M16-F4:26	hmf_refine	false	
b20:HMF:h60:m125	b20	HMF	H64-M16-F4	60	125	1	b20:hmf_refine:H64-M16-F4:68	hmf_refine	false	
b20:HMF:h60:m128	b20	HMF	H64-M16-F4	60	128	1	b20:hmf_refine:H64-M16-F4:12	hmf_refine	false	
b20:HMF:h60:m130	b20	HMF	H64-M16-F4	60	130	1	b20:hmf_refine:H64-M16-F4:69	hmf_refine	false	
b20:HMF:h60:m132	b20	HMF	H64-M16-F4	60	132	1	b20:hmf_refine:H64-M16-F4:27	hmf_refine	false	
b20:HMF:h636:m1	b20	HMF	H64-M16-F4	636	1	1	b20:hmf_coarse:H64-M16-F4:337	hmf_coarse	false	
b20:HMF:h65:m115	b20	HMF	H64-M16-F4	65	115	1	b20:hmf_refine:H64-M16-F4:70	hmf_refine	false	
b20:HMF:h65:m120	b20	HMF	H64-M16-F4	65	120	1	b20:hmf_refine:H64-M16-F4:71	hmf_refine	false	
b20:HMF:h65:m124	b20	HMF	H64-M16-F4	65	124	1	b20:hmf_refine:H64-M16-F4:28	hmf_refine	false	
b20:HMF:h65:m125	b20	HMF	H64-M16-F4	65	125	1	b20:hmf_refine:H64-M16-F4:72	hmf_refine	false	
b20:HMF:h65:m128	b20	HMF	H64-M16-F4	65	128	1	b20:hmf_refine:H64-M16-F4:29	hmf_refine	false	
b20:HMF:h65:m130	b20	HMF	H64-M16-F4	65	130	1	b20:hmf_refine:H64-M16-F4:73	hmf_refine	false	
b20:HMF:h65:m132	b20	HMF	H64-M16-F4	65	132	1	b20:hmf_refine:H64-M16-F4:30	hmf_refine	false	
b20:HMF:h676:m1	b20	HMF	H64-M16-F4	676	1	1	b20:hmf_coarse:H64-M16-F4:358	hmf_coarse	false	
b20:HMF:h69:m106	b20	HMF	H64-M16-F4	69	106	1	b20:hmf_refine:H64-M16-F4:168	hmf_refine	false	
b20:HMF:h69:m92	b20	HMF	H64-M16-F4	69	92	1	b20:hmf_refine:H64-M16-F4:166	hmf_refine	false	
b20:HMF:h69:m99	b20	HMF	H64-M16-F4	69	99	1	b20:hmf_refine:H64-M16-F4:167	hmf_refine	false	
b20:HMF:h716:m1	b20	HMF	H64-M16-F4	716	1	1	b20:hmf_coarse:H64-M16-F4:379	hmf_coarse	false	
b20:HMF:h755:m1	b20	HMF	H64-M16-F4	755	1	1	b20:hmf_coarse:H64-M16-F4:400	hmf_coarse	false	
b20:HMF:h79:m100	b20	HMF	H64-M16-F4	79	100	1	b20:hmf_refine:H64-M16-F4:207	hmf_refine	false	
b20:HMF:h79:m105	b20	HMF	H64-M16-F4	79	105	1	b20:hmf_refine:H64-M16-F4:208	hmf_refine	false	
b20:HMF:h79:m106	b20	HMF	H64-M16-F4	79	106	1	b20:hmf_refine:H64-M16-F4:170	hmf_refine	false	
b20:HMF:h79:m61	b20	HMF	H64-M16-F4	79	61	1	b20:hmf_refine:H64-M16-F4:149	hmf_refine	false	
b20:HMF:h79:m73	b20	HMF	H64-M16-F4	79	73	1	b20:hmf_refine:H64-M16-F4:161	hmf_refine	false	
b20:HMF:h79:m85	b20	HMF	H64-M16-F4	79	85	1	b20:hmf_refine:H64-M16-F4:204	hmf_refine	false	
b20:HMF:h79:m86	b20	HMF	H64-M16-F4	79	86	1	b20:hmf_refine:H64-M16-F4:150	hmf_refine	false	
b20:HMF:h79:m90	b20	HMF	H64-M16-F4	79	90	1	b20:hmf_refine:H64-M16-F4:205	hmf_refine	false	
b20:HMF:h79:m92	b20	HMF	H64-M16-F4	79	92	1	b20:hmf_refine:H64-M16-F4:169	hmf_refine	false	
b20:HMF:h79:m95	b20	HMF	H64-M16-F4	79	95	1	b20:hmf_refine:H64-M16-F4:206	hmf_refine	false	
b20:HMF:h79:m99	b20	HMF	H64-M16-F4	79	99	1	b20:hmf_refine:H64-M16-F4:162	hmf_refine	false	
b20:HMF:h795:m1	b20	HMF	H64-M16-F4	795	1	1	b20:hmf_coarse:H64-M16-F4:421	hmf_coarse	false	
b20:HMF:h80:m1	b20	HMF	H64-M16-F4	80	1	1	b20:hmf_coarse:H64-M16-F4:43	hmf_coarse	false	
b20:HMF:h80:m112	b20	HMF	H64-M16-F4	80	112	2	b20:hmf_coarse:H64-M16-F4:48|b20:hmf_refine:H64-M16-F4:79	hmf_coarse|hmf_refine	false	
b20:HMF:h80:m116	b20	HMF	H64-M16-F4	80	116	1	b20:hmf_refine:H64-M16-F4:4	hmf_refine	false	
b20:HMF:h80:m22	b20	HMF	H64-M16-F4	80	22	1	b20:hmf_coarse:H64-M16-F4:44	hmf_coarse	false	
b20:HMF:h80:m45	b20	HMF	H64-M16-F4	80	45	1	b20:hmf_coarse:H64-M16-F4:45	hmf_coarse	false	
b20:HMF:h80:m67	b20	HMF	H64-M16-F4	80	67	1	b20:hmf_coarse:H64-M16-F4:46	hmf_coarse	false	
b20:HMF:h80:m87	b20	HMF	H64-M16-F4	80	87	1	b20:hmf_refine:H64-M16-F4:78	hmf_refine	false	
b20:HMF:h80:m90	b20	HMF	H64-M16-F4	80	90	1	b20:hmf_coarse:H64-M16-F4:47	hmf_coarse	false	
b20:HMF:h84:m100	b20	HMF	H64-M16-F4	84	100	1	b20:hmf_refine:H64-M16-F4:212	hmf_refine	false	
b20:HMF:h84:m102	b20	HMF	H64-M16-F4	84	102	1	b20:hmf_refine:H64-M16-F4:330	hmf_refine	false	
b20:HMF:h84:m105	b20	HMF	H64-M16-F4	84	105	1	b20:hmf_refine:H64-M16-F4:213	hmf_refine	false	
b20:HMF:h84:m85	b20	HMF	H64-M16-F4	84	85	1	b20:hmf_refine:H64-M16-F4:209	hmf_refine	false	
b20:HMF:h84:m88	b20	HMF	H64-M16-F4	84	88	1	b20:hmf_refine:H64-M16-F4:174	hmf_refine	false	
b20:HMF:h84:m90	b20	HMF	H64-M16-F4	84	90	1	b20:hmf_refine:H64-M16-F4:210	hmf_refine	false	
b20:HMF:h84:m92	b20	HMF	H64-M16-F4	84	92	1	b20:hmf_refine:H64-M16-F4:175	hmf_refine	false	
b20:HMF:h84:m94	b20	HMF	H64-M16-F4	84	94	1	b20:hmf_refine:H64-M16-F4:328	hmf_refine	false	
b20:HMF:h84:m95	b20	HMF	H64-M16-F4	84	95	1	b20:hmf_refine:H64-M16-F4:211	hmf_refine	false	
b20:HMF:h84:m96	b20	HMF	H64-M16-F4	84	96	1	b20:hmf_refine:H64-M16-F4:176	hmf_refine	false	
b20:HMF:h84:m98	b20	HMF	H64-M16-F4	84	98	1	b20:hmf_refine:H64-M16-F4:329	hmf_refine	false	
b20:HMF:h86:m92	b20	HMF	H64-M16-F4	86	92	1	b20:hmf_refine:H64-M16-F4:335	hmf_refine	false	
b20:HMF:h86:m94	b20	HMF	H64-M16-F4	86	94	1	b20:hmf_refine:H64-M16-F4:182	hmf_refine	false	
b20:HMF:h86:m96	b20	HMF	H64-M16-F4	86	96	1	b20:hmf_refine:H64-M16-F4:183	hmf_refine	false	
b20:HMF:h86:m98	b20	HMF	H64-M16-F4	86	98	1	b20:hmf_refine:H64-M16-F4:184	hmf_refine	false	
b20:HMF:h87:m95	b20	HMF	H64-M16-F4	87	95	1	b20:hmf_refine:H64-M16-F4:190	hmf_refine	false	
b20:HMF:h87:m96	b20	HMF	H64-M16-F4	87	96	1	b20:hmf_refine:H64-M16-F4:191	hmf_refine	false	
b20:HMF:h87:m97	b20	HMF	H64-M16-F4	87	97	1	b20:hmf_refine:H64-M16-F4:192	hmf_refine	false	
b20:HMF:h88:m94	b20	HMF	H64-M16-F4	88	94	1	b20:hmf_refine:H64-M16-F4:198	hmf_refine	false	
b20:HMF:h88:m95	b20	HMF	H64-M16-F4	88	95	1	b20:hmf_refine:H64-M16-F4:199	hmf_refine	false	
b20:HMF:h88:m96	b20	HMF	H64-M16-F4	88	96	1	b20:hmf_refine:H64-M16-F4:200	hmf_refine	false	
b20:HMF:h89:m100	b20	HMF	H64-M16-F4	89	100	1	b20:hmf_refine:H64-M16-F4:216	hmf_refine	false	
b20:HMF:h89:m102	b20	HMF	H64-M16-F4	89	102	1	b20:hmf_refine:H64-M16-F4:331	hmf_refine	false	
b20:HMF:h89:m105	b20	HMF	H64-M16-F4	89	105	1	b20:hmf_refine:H64-M16-F4:217	hmf_refine	false	
b20:HMF:h89:m106	b20	HMF	H64-M16-F4	89	106	1	b20:hmf_refine:H64-M16-F4:173	hmf_refine	false	
b20:HMF:h89:m85	b20	HMF	H64-M16-F4	89	85	1	b20:hmf_refine:H64-M16-F4:214	hmf_refine	false	
b20:HMF:h89:m88	b20	HMF	H64-M16-F4	89	88	1	b20:hmf_refine:H64-M16-F4:177	hmf_refine	false	
b20:HMF:h89:m90	b20	HMF	H64-M16-F4	89	90	1	b20:hmf_refine:H64-M16-F4:215	hmf_refine	false	
b20:HMF:h89:m92	b20	HMF	H64-M16-F4	89	92	1	b20:hmf_refine:H64-M16-F4:171	hmf_refine	false	
b20:HMF:h89:m94	b20	HMF	H64-M16-F4	89	94	1	b20:hmf_refine:H64-M16-F4:185	hmf_refine	false	
b20:HMF:h89:m95	b20	HMF	H64-M16-F4	89	95	1	b20:hmf_refine:H64-M16-F4:193	hmf_refine	false	
b20:HMF:h89:m96	b20	HMF	H64-M16-F4	89	96	1	b20:hmf_refine:H64-M16-F4:178	hmf_refine	false	
b20:HMF:h89:m97	b20	HMF	H64-M16-F4	89	97	1	b20:hmf_refine:H64-M16-F4:194	hmf_refine	false	
b20:HMF:h89:m98	b20	HMF	H64-M16-F4	89	98	1	b20:hmf_refine:H64-M16-F4:186	hmf_refine	false	
b20:HMF:h89:m99	b20	HMF	H64-M16-F4	89	99	1	b20:hmf_refine:H64-M16-F4:172	hmf_refine	false	
b20:HMF:h90:m94	b20	HMF	H64-M16-F4	90	94	1	b20:hmf_refine:H64-M16-F4:201	hmf_refine	false	
b20:HMF:h90:m95	b20	HMF	H64-M16-F4	90	95	1	b20:hmf_refine:H64-M16-F4:202	hmf_refine	false	
b20:HMF:h90:m96	b20	HMF	H64-M16-F4	90	96	1	b20:hmf_refine:H64-M16-F4:203	hmf_refine	false	
b20:HMF:h91:m95	b20	HMF	H64-M16-F4	91	95	1	b20:hmf_refine:H64-M16-F4:195	hmf_refine	false	
b20:HMF:h91:m96	b20	HMF	H64-M16-F4	91	96	1	b20:hmf_refine:H64-M16-F4:196	hmf_refine	false	
b20:HMF:h91:m97	b20	HMF	H64-M16-F4	91	97	1	b20:hmf_refine:H64-M16-F4:197	hmf_refine	false	
b20:HMF:h92:m92	b20	HMF	H64-M16-F4	92	92	1	b20:hmf_refine:H64-M16-F4:336	hmf_refine	false	
b20:HMF:h92:m94	b20	HMF	H64-M16-F4	92	94	1	b20:hmf_refine:H64-M16-F4:187	hmf_refine	false	
b20:HMF:h92:m96	b20	HMF	H64-M16-F4	92	96	1	b20:hmf_refine:H64-M16-F4:188	hmf_refine	false	
b20:HMF:h92:m98	b20	HMF	H64-M16-F4	92	98	1	b20:hmf_refine:H64-M16-F4:189	hmf_refine	false	
b20:HMF:h94:m100	b20	HMF	H64-M16-F4	94	100	1	b20:hmf_refine:H64-M16-F4:221	hmf_refine	false	
b20:HMF:h94:m102	b20	HMF	H64-M16-F4	94	102	1	b20:hmf_refine:H64-M16-F4:334	hmf_refine	false	
b20:HMF:h94:m105	b20	HMF	H64-M16-F4	94	105	1	b20:hmf_refine:H64-M16-F4:222	hmf_refine	false	
b20:HMF:h94:m85	b20	HMF	H64-M16-F4	94	85	1	b20:hmf_refine:H64-M16-F4:218	hmf_refine	false	
b20:HMF:h94:m88	b20	HMF	H64-M16-F4	94	88	1	b20:hmf_refine:H64-M16-F4:179	hmf_refine	false	
b20:HMF:h94:m90	b20	HMF	H64-M16-F4	94	90	1	b20:hmf_refine:H64-M16-F4:219	hmf_refine	false	
b20:HMF:h94:m92	b20	HMF	H64-M16-F4	94	92	1	b20:hmf_refine:H64-M16-F4:180	hmf_refine	false	
b20:HMF:h94:m94	b20	HMF	H64-M16-F4	94	94	1	b20:hmf_refine:H64-M16-F4:332	hmf_refine	false	
b20:HMF:h94:m95	b20	HMF	H64-M16-F4	94	95	1	b20:hmf_refine:H64-M16-F4:220	hmf_refine	false	
b20:HMF:h94:m96	b20	HMF	H64-M16-F4	94	96	1	b20:hmf_refine:H64-M16-F4:181	hmf_refine	false	
b20:HMF:h94:m98	b20	HMF	H64-M16-F4	94	98	1	b20:hmf_refine:H64-M16-F4:333	hmf_refine	false	
b20:HMF:h99:m100	b20	HMF	H64-M16-F4	99	100	1	b20:hmf_refine:H64-M16-F4:226	hmf_refine	false	
b20:HMF:h99:m105	b20	HMF	H64-M16-F4	99	105	1	b20:hmf_refine:H64-M16-F4:227	hmf_refine	false	
b20:HMF:h99:m112	b20	HMF	H64-M16-F4	99	112	1	b20:hmf_refine:H64-M16-F4:324	hmf_refine	false	
b20:HMF:h99:m73	b20	HMF	H64-M16-F4	99	73	1	b20:hmf_refine:H64-M16-F4:163	hmf_refine	false	
b20:HMF:h99:m85	b20	HMF	H64-M16-F4	99	85	1	b20:hmf_refine:H64-M16-F4:223	hmf_refine	false	
b20:HMF:h99:m86	b20	HMF	H64-M16-F4	99	86	1	b20:hmf_refine:H64-M16-F4:164	hmf_refine	false	
b20:HMF:h99:m90	b20	HMF	H64-M16-F4	99	90	1	b20:hmf_refine:H64-M16-F4:224	hmf_refine	false	
b20:HMF:h99:m92	b20	HMF	H64-M16-F4	99	92	1	b20:hmf_refine:H64-M16-F4:315	hmf_refine	false	
b20:HMF:h99:m95	b20	HMF	H64-M16-F4	99	95	1	b20:hmf_refine:H64-M16-F4:225	hmf_refine	false	
b20:HMF:h99:m98	b20	HMF	H64-M16-F4	99	98	1	b20:hmf_refine:H64-M16-F4:323	hmf_refine	false	
b20:HMF:h99:m99	b20	HMF	H64-M16-F4	99	99	1	b20:hmf_refine:H64-M16-F4:165	hmf_refine	false	
b21:HF:h1	b21	HF	H64-F4	1		1	b21:hf_coarse:H64-F4:1	hf_coarse	false	
b21:HF:h135	b21	HF	H64-F4	135		1	b21:hf_coarse:H64-F4:4	hf_coarse	false	
b21:HF:h180	b21	HF	H64-F4	180		1	b21:hf_coarse:H64-F4:5	hf_coarse	false	
b21:HF:h226	b21	HF	H64-F4	226		2	b21:hf_coarse:H64-F4:6|b21:hf_refine:H64-F4:1	hf_coarse|hf_refine	false	
b21:HF:h248	b21	HF	H64-F4	248		1	b21:hf_refine:H64-F4:4	hf_refine	false	
b21:HF:h249	b21	HF	H64-F4	249		1	b21:hf_refine:H64-F4:16	hf_refine	false	
b21:HF:h253	b21	HF	H64-F4	253		1	b21:hf_refine:H64-F4:8	hf_refine	false	
b21:HF:h254	b21	HF	H64-F4	254		1	b21:hf_refine:H64-F4:17	hf_refine	false	
b21:HF:h256	b21	HF	H64-F4	256		1	b21:hf_refine:H64-F4:10	hf_refine	false	
b21:HF:h257	b21	HF	H64-F4	257		1	b21:hf_refine:H64-F4:12	hf_refine	false	
b21:HF:h258	b21	HF	H64-F4	258		1	b21:hf_refine:H64-F4:14	hf_refine	false	
b21:HF:h259	b21	HF	H64-F4	259		1	b21:hf_refine:H64-F4:6	hf_refine	false	
b21:HF:h260	b21	HF	H64-F4	260		1	b21:hf_refine:H64-F4:15	hf_refine	false	
b21:HF:h261	b21	HF	H64-F4	261		1	b21:hf_refine:H64-F4:13	hf_refine	false	
b21:HF:h262	b21	HF	H64-F4	262		1	b21:hf_refine:H64-F4:11	hf_refine	false	
b21:HF:h264	b21	HF	H64-F4	264		1	b21:hf_refine:H64-F4:18	hf_refine	false	
b21:HF:h265	b21	HF	H64-F4	265		1	b21:hf_refine:H64-F4:9	hf_refine	false	
b21:HF:h269	b21	HF	H64-F4	269		1	b21:hf_refine:H64-F4:19	hf_refine	false	
b21:HF:h271	b21	HF	H64-F4	271		2	b21:hf_coarse:H64-F4:7|b21:hf_refine:H64-F4:2	hf_coarse|hf_refine	false	
b21:HF:h283	b21	HF	H64-F4	283		1	b21:hf_refine:H64-F4:7	hf_refine	false	
b21:HF:h294	b21	HF	H64-F4	294		1	b21:hf_refine:H64-F4:5	hf_refine	false	
b21:HF:h316	b21	HF	H64-F4	316		2	b21:hf_coarse:H64-F4:8|b21:hf_refine:H64-F4:3	hf_coarse|hf_refine	false	
b21:HF:h326	b21	HF	H64-F4	326		1	b21:hf_refine:H64-F4:24	hf_refine	false	
b21:HF:h338	b21	HF	H64-F4	338		1	b21:hf_refine:H64-F4:22	hf_refine	false	
b21:HF:h344	b21	HF	H64-F4	344		1	b21:hf_refine:H64-F4:26	hf_refine	false	
b21:HF:h345	b21	HF	H64-F4	345		1	b21:hf_refine:H64-F4:33	hf_refine	false	
b21:HF:h347	b21	HF	H64-F4	347		1	b21:hf_refine:H64-F4:28	hf_refine	false	
b21:HF:h350	b21	HF	H64-F4	350		1	b21:hf_refine:H64-F4:25	hf_refine	false	
b21:HF:h351	b21	HF	H64-F4	351		1	b21:hf_refine:H64-F4:30	hf_refine	false	
b21:HF:h353	b21	HF	H64-F4	353		1	b21:hf_refine:H64-F4:29	hf_refine	false	
b21:HF:h354	b21	HF	H64-F4	354		1	b21:hf_refine:H64-F4:32	hf_refine	false	
b21:HF:h355	b21	HF	H64-F4	355		1	b21:hf_refine:H64-F4:31	hf_refine	false	
b21:HF:h356	b21	HF	H64-F4	356		1	b21:hf_refine:H64-F4:27	hf_refine	false	
b21:HF:h360	b21	HF	H64-F4	360		1	b21:hf_refine:H64-F4:34	hf_refine	false	
b21:HF:h361	b21	HF	H64-F4	361		2	b21:hf_coarse:H64-F4:9|b21:hf_refine:H64-F4:20	hf_coarse|hf_refine	false	
b21:HF:h365	b21	HF	H64-F4	365		1	b21:hf_refine:H64-F4:35	hf_refine	false	
b21:HF:h383	b21	HF	H64-F4	383		1	b21:hf_refine:H64-F4:38	hf_refine	false	
b21:HF:h384	b21	HF	H64-F4	384		1	b21:hf_refine:H64-F4:23	hf_refine	false	
b21:HF:h402	b21	HF	H64-F4	402		1	b21:hf_refine:H64-F4:49	hf_refine	false	
b21:HF:h406	b21	HF	H64-F4	406		2	b21:hf_coarse:H64-F4:10|b21:hf_refine:H64-F4:21	hf_coarse|hf_refine	false	
b21:HF:h407	b21	HF	H64-F4	407		1	b21:hf_refine:H64-F4:50	hf_refine	false	
b21:HF:h411	b21	HF	H64-F4	411		1	b21:hf_refine:H64-F4:42	hf_refine	false	
b21:HF:h412	b21	HF	H64-F4	412		1	b21:hf_refine:H64-F4:46	hf_refine	false	
b21:HF:h413	b21	HF	H64-F4	413		1	b21:hf_refine:H64-F4:48	hf_refine	false	
b21:HF:h414	b21	HF	H64-F4	414		1	b21:hf_refine:H64-F4:44	hf_refine	false	
b21:HF:h416	b21	HF	H64-F4	416		1	b21:hf_refine:H64-F4:47	hf_refine	false	
b21:HF:h417	b21	HF	H64-F4	417		1	b21:hf_refine:H64-F4:40	hf_refine	false	
b21:HF:h420	b21	HF	H64-F4	420		1	b21:hf_refine:H64-F4:45	hf_refine	false	
b21:HF:h422	b21	HF	H64-F4	422		1	b21:hf_refine:H64-F4:51	hf_refine	false	
b21:HF:h423	b21	HF	H64-F4	423		1	b21:hf_refine:H64-F4:43	hf_refine	false	
b21:HF:h428	b21	HF	H64-F4	428		1	b21:hf_refine:H64-F4:53	hf_refine	false	
b21:HF:h429	b21	HF	H64-F4	429		1	b21:hf_refine:H64-F4:39	hf_refine	false	
b21:HF:h441	b21	HF	H64-F4	441		1	b21:hf_refine:H64-F4:41	hf_refine	false	
b21:HF:h45	b21	HF	H64-F4	45		1	b21:hf_coarse:H64-F4:2	hf_coarse	false	
b21:HF:h451	b21	HF	H64-F4	451		2	b21:hf_coarse:H64-F4:11|b21:hf_refine:H64-F4:36	hf_coarse|hf_refine	false	
b21:HF:h455	b21	HF	H64-F4	455		1	b21:hf_refine:H64-F4:65	hf_refine	false	
b21:HF:h460	b21	HF	H64-F4	460		1	b21:hf_refine:H64-F4:66	hf_refine	false	
b21:HF:h462	b21	HF	H64-F4	462		1	b21:hf_refine:H64-F4:55	hf_refine	false	
b21:HF:h463	b21	HF	H64-F4	463		1	b21:hf_refine:H64-F4:61	hf_refine	false	
b21:HF:h464	b21	HF	H64-F4	464		1	b21:hf_refine:H64-F4:63	hf_refine	false	
b21:HF:h465	b21	HF	H64-F4	465		1	b21:hf_refine:H64-F4:59	hf_refine	false	
b21:HF:h466	b21	HF	H64-F4	466		1	b21:hf_refine:H64-F4:64	hf_refine	false	
b21:HF:h467	b21	HF	H64-F4	467		1	b21:hf_refine:H64-F4:62	hf_refine	false	
b21:HF:h468	b21	HF	H64-F4	468		1	b21:hf_refine:H64-F4:57	hf_refine	false	
b21:HF:h470	b21	HF	H64-F4	470		1	b21:hf_refine:H64-F4:67	hf_refine	false	
b21:HF:h471	b21	HF	H64-F4	471		1	b21:hf_refine:H64-F4:60	hf_refine	false	
b21:HF:h474	b21	HF	H64-F4	474		1	b21:hf_refine:H64-F4:54	hf_refine	false	
b21:HF:h475	b21	HF	H64-F4	475		1	b21:hf_refine:H64-F4:68	hf_refine	false	
b21:HF:h480	b21	HF	H64-F4	480		1	b21:hf_refine:H64-F4:58	hf_refine	false	
b21:HF:h486	b21	HF	H64-F4	486		1	b21:hf_refine:H64-F4:56	hf_refine	false	
b21:HF:h496	b21	HF	H64-F4	496		2	b21:hf_coarse:H64-F4:12|b21:hf_refine:H64-F4:37	hf_coarse|hf_refine	false	
b21:HF:h541	b21	HF	H64-F4	541		2	b21:hf_coarse:H64-F4:13|b21:hf_refine:H64-F4:52	hf_coarse|hf_refine	false	
b21:HF:h586	b21	HF	H64-F4	586		1	b21:hf_coarse:H64-F4:14	hf_coarse	false	
b21:HF:h630	b21	HF	H64-F4	630		1	b21:hf_coarse:H64-F4:15	hf_coarse	false	
b21:HF:h676	b21	HF	H64-F4	676		1	b21:hf_coarse:H64-F4:16	hf_coarse	false	
b21:HF:h722	b21	HF	H64-F4	722		1	b21:hf_coarse:H64-F4:17	hf_coarse	false	
b21:HF:h767	b21	HF	H64-F4	767		1	b21:hf_coarse:H64-F4:18	hf_coarse	false	
b21:HF:h812	b21	HF	H64-F4	812		1	b21:hf_coarse:H64-F4:19	hf_coarse	false	
b21:HF:h857	b21	HF	H64-F4	857		1	b21:hf_coarse:H64-F4:20	hf_coarse	false	
b21:HF:h90	b21	HF	H64-F4	90		1	b21:hf_coarse:H64-F4:3	hf_coarse	false	
b21:HF:h902	b21	HF	H64-F4	902		1	b21:hf_coarse:H64-F4:21	hf_coarse	false	
b21:HMF:h1:m104	b21	HMF	H64-M16-F4	1	104	1	b21:hmf_coarse:H64-M16-F4:5	hmf_coarse	false	
b21:HMF:h1:m130	b21	HMF	H64-M16-F4	1	130	1	b21:hmf_coarse:H64-M16-F4:6	hmf_coarse	false	
b21:HMF:h1:m156	b21	HMF	H64-M16-F4	1	156	1	b21:hmf_coarse:H64-M16-F4:7	hmf_coarse	false	
b21:HMF:h1:m182	b21	HMF	H64-M16-F4	1	182	1	b21:hmf_coarse:H64-M16-F4:8	hmf_coarse	false	
b21:HMF:h1:m208	b21	HMF	H64-M16-F4	1	208	1	b21:hmf_coarse:H64-M16-F4:9	hmf_coarse	false	
b21:HMF:h1:m234	b21	HMF	H64-M16-F4	1	234	1	b21:hmf_coarse:H64-M16-F4:10	hmf_coarse	false	
b21:HMF:h1:m26	b21	HMF	H64-M16-F4	1	26	1	b21:hmf_coarse:H64-M16-F4:2	hmf_coarse	false	
b21:HMF:h1:m52	b21	HMF	H64-M16-F4	1	52	1	b21:hmf_coarse:H64-M16-F4:3	hmf_coarse	false	
b21:HMF:h1:m78	b21	HMF	H64-M16-F4	1	78	1	b21:hmf_coarse:H64-M16-F4:4	hmf_coarse	false	
b21:HMF:h100:m125	b21	HMF	H64-M16-F4	100	125	1	b21:hmf_refine:H64-M16-F4:249	hmf_refine	false	
b21:HMF:h100:m132	b21	HMF	H64-M16-F4	100	132	1	b21:hmf_refine:H64-M16-F4:250	hmf_refine	false	
b21:HMF:h100:m139	b21	HMF	H64-M16-F4	100	139	1	b21:hmf_refine:H64-M16-F4:251	hmf_refine	false	
b21:HMF:h101:m117	b21	HMF	H64-M16-F4	101	117	1	b21:hmf_refine:H64-M16-F4:292	hmf_refine	false	
b21:HMF:h101:m122	b21	HMF	H64-M16-F4	101	122	1	b21:hmf_refine:H64-M16-F4:293	hmf_refine	false	
b21:HMF:h101:m127	b21	HMF	H64-M16-F4	101	127	1	b21:hmf_refine:H64-M16-F4:294	hmf_refine	false	
b21:HMF:h101:m132	b21	HMF	H64-M16-F4	101	132	1	b21:hmf_refine:H64-M16-F4:295	hmf_refine	false	
b21:HMF:h101:m137	b21	HMF	H64-M16-F4	101	137	1	b21:hmf_refine:H64-M16-F4:296	hmf_refine	false	
b21:HMF:h102:m136	b21	HMF	H64-M16-F4	102	136	1	b21:hmf_refine:H64-M16-F4:23	hmf_refine	false	
b21:HMF:h102:m143	b21	HMF	H64-M16-F4	102	143	1	b21:hmf_refine:H64-M16-F4:24	hmf_refine	false	
b21:HMF:h103:m127	b21	HMF	H64-M16-F4	103	127	1	b21:hmf_refine:H64-M16-F4:265	hmf_refine	false	
b21:HMF:h103:m129	b21	HMF	H64-M16-F4	103	129	1	b21:hmf_refine:H64-M16-F4:266	hmf_refine	false	
b21:HMF:h103:m131	b21	HMF	H64-M16-F4	103	131	1	b21:hmf_refine:H64-M16-F4:267	hmf_refine	false	
b21:HMF:h104:m126	b21	HMF	H64-M16-F4	104	126	1	b21:hmf_refine:H64-M16-F4:273	hmf_refine	false	
b21:HMF:h104:m127	b21	HMF	H64-M16-F4	104	127	1	b21:hmf_refine:H64-M16-F4:274	hmf_refine	false	
b21:HMF:h104:m128	b21	HMF	H64-M16-F4	104	128	1	b21:hmf_refine:H64-M16-F4:275	hmf_refine	false	
b21:HMF:h105:m126	b21	HMF	H64-M16-F4	105	126	1	b21:hmf_refine:H64-M16-F4:281	hmf_refine	false	
b21:HMF:h105:m127	b21	HMF	H64-M16-F4	105	127	1	b21:hmf_refine:H64-M16-F4:282	hmf_refine	false	
b21:HMF:h105:m128	b21	HMF	H64-M16-F4	105	128	1	b21:hmf_refine:H64-M16-F4:283	hmf_refine	false	
b21:HMF:h106:m117	b21	HMF	H64-M16-F4	106	117	1	b21:hmf_refine:H64-M16-F4:297	hmf_refine	false	
b21:HMF:h106:m121	b21	HMF	H64-M16-F4	106	121	1	b21:hmf_refine:H64-M16-F4:257	hmf_refine	false	
b21:HMF:h106:m122	b21	HMF	H64-M16-F4	106	122	1	b21:hmf_refine:H64-M16-F4:298	hmf_refine	false	
b21:HMF:h106:m125	b21	HMF	H64-M16-F4	106	125	1	b21:hmf_refine:H64-M16-F4:258	hmf_refine	false	
b21:HMF:h106:m126	b21	HMF	H64-M16-F4	106	126	1	b21:hmf_refine:H64-M16-F4:276	hmf_refine	false	
b21:HMF:h106:m127	b21	HMF	H64-M16-F4	106	127	1	b21:hmf_refine:H64-M16-F4:268	hmf_refine	false	
b21:HMF:h106:m128	b21	HMF	H64-M16-F4	106	128	1	b21:hmf_refine:H64-M16-F4:277	hmf_refine	false	
b21:HMF:h106:m129	b21	HMF	H64-M16-F4	106	129	1	b21:hmf_refine:H64-M16-F4:259	hmf_refine	false	
b21:HMF:h106:m131	b21	HMF	H64-M16-F4	106	131	1	b21:hmf_refine:H64-M16-F4:269	hmf_refine	false	
b21:HMF:h106:m132	b21	HMF	H64-M16-F4	106	132	1	b21:hmf_refine:H64-M16-F4:299	hmf_refine	false	
b21:HMF:h107:m126	b21	HMF	H64-M16-F4	107	126	1	b21:hmf_refine:H64-M16-F4:284	hmf_refine	false	
b21:HMF:h107:m127	b21	HMF	H64-M16-F4	107	127	1	b21:hmf_refine:H64-M16-F4:285	hmf_refine	false	
b21:HMF:h107:m128	b21	HMF	H64-M16-F4	107	128	1	b21:hmf_refine:H64-M16-F4:286	hmf_refine	false	
b21:HMF:h108:m126	b21	HMF	H64-M16-F4	108	126	1	b21:hmf_refine:H64-M16-F4:278	hmf_refine	false	
b21:HMF:h108:m127	b21	HMF	H64-M16-F4	108	127	1	b21:hmf_refine:H64-M16-F4:279	hmf_refine	false	
b21:HMF:h108:m128	b21	HMF	H64-M16-F4	108	128	1	b21:hmf_refine:H64-M16-F4:280	hmf_refine	false	
b21:HMF:h109:m127	b21	HMF	H64-M16-F4	109	127	1	b21:hmf_refine:H64-M16-F4:270	hmf_refine	false	
b21:HMF:h109:m129	b21	HMF	H64-M16-F4	109	129	1	b21:hmf_refine:H64-M16-F4:271	hmf_refine	false	
b21:HMF:h109:m131	b21	HMF	H64-M16-F4	109	131	1	b21:hmf_refine:H64-M16-F4:272	hmf_refine	false	
b21:HMF:h111:m117	b21	HMF	H64-M16-F4	111	117	1	b21:hmf_refine:H64-M16-F4:301	hmf_refine	false	
b21:HMF:h111:m122	b21	HMF	H64-M16-F4	111	122	1	b21:hmf_refine:H64-M16-F4:302	hmf_refine	false	
b21:HMF:h111:m127	b21	HMF	H64-M16-F4	111	127	1	b21:hmf_refine:H64-M16-F4:303	hmf_refine	false	
b21:HMF:h111:m132	b21	HMF	H64-M16-F4	111	132	1	b21:hmf_refine:H64-M16-F4:304	hmf_refine	false	
b21:HMF:h111:m137	b21	HMF	H64-M16-F4	111	137	1	b21:hmf_refine:H64-M16-F4:305	hmf_refine	false	
b21:HMF:h112:m119	b21	HMF	H64-M16-F4	112	119	1	b21:hmf_refine:H64-M16-F4:241	hmf_refine	false	
b21:HMF:h112:m121	b21	HMF	H64-M16-F4	112	121	1	b21:hmf_refine:H64-M16-F4:260	hmf_refine	false	
b21:HMF:h112:m125	b21	HMF	H64-M16-F4	112	125	1	b21:hmf_refine:H64-M16-F4:252	hmf_refine	false	
b21:HMF:h112:m129	b21	HMF	H64-M16-F4	112	129	1	b21:hmf_refine:H64-M16-F4:261	hmf_refine	false	
b21:HMF:h112:m132	b21	HMF	H64-M16-F4	112	132	1	b21:hmf_refine:H64-M16-F4:242	hmf_refine	false	
b21:HMF:h112:m139	b21	HMF	H64-M16-F4	112	139	1	b21:hmf_refine:H64-M16-F4:253	hmf_refine	false	
b21:HMF:h113:m130	b21	HMF	H64-M16-F4	113	130	1	b21:hmf_refine:H64-M16-F4:15	hmf_refine	false	
b21:HMF:h116:m117	b21	HMF	H64-M16-F4	116	117	1	b21:hmf_refine:H64-M16-F4:306	hmf_refine	false	
b21:HMF:h116:m122	b21	HMF	H64-M16-F4	116	122	1	b21:hmf_refine:H64-M16-F4:307	hmf_refine	false	
b21:HMF:h116:m127	b21	HMF	H64-M16-F4	116	127	1	b21:hmf_refine:H64-M16-F4:308	hmf_refine	false	
b21:HMF:h116:m132	b21	HMF	H64-M16-F4	116	132	1	b21:hmf_refine:H64-M16-F4:309	hmf_refine	false	
b21:HMF:h116:m137	b21	HMF	H64-M16-F4	116	137	1	b21:hmf_refine:H64-M16-F4:310	hmf_refine	false	
b21:HMF:h118:m121	b21	HMF	H64-M16-F4	118	121	1	b21:hmf_refine:H64-M16-F4:262	hmf_refine	false	
b21:HMF:h118:m125	b21	HMF	H64-M16-F4	118	125	1	b21:hmf_refine:H64-M16-F4:263	hmf_refine	false	
b21:HMF:h118:m129	b21	HMF	H64-M16-F4	118	129	1	b21:hmf_refine:H64-M16-F4:264	hmf_refine	false	
b21:HMF:h124:m125	b21	HMF	H64-M16-F4	124	125	1	b21:hmf_refine:H64-M16-F4:254	hmf_refine	false	
b21:HMF:h124:m132	b21	HMF	H64-M16-F4	124	132	1	b21:hmf_refine:H64-M16-F4:255	hmf_refine	false	
b21:HMF:h124:m139	b21	HMF	H64-M16-F4	124	139	1	b21:hmf_refine:H64-M16-F4:256	hmf_refine	false	
b21:HMF:h135:m1	b21	HMF	H64-M16-F4	135	1	1	b21:hmf_coarse:H64-M16-F4:64	hmf_coarse	false	
b21:HMF:h135:m106	b21	HMF	H64-M16-F4	135	106	1	b21:hmf_refine:H64-M16-F4:233	hmf_refine	false	
b21:HMF:h135:m107	b21	HMF	H64-M16-F4	135	107	1	b21:hmf_refine:H64-M16-F4:158	hmf_refine	false	
b21:HMF:h135:m111	b21	HMF	H64-M16-F4	135	111	1	b21:hmf_coarse:H64-M16-F4:69	hmf_coarse	false	
b21:HMF:h135:m117	b21	HMF	H64-M16-F4	135	117	1	b21:hmf_refine:H64-M16-F4:7	hmf_refine	false	
b21:HMF:h135:m119	b21	HMF	H64-M16-F4	135	119	1	b21:hmf_refine:H64-M16-F4:244	hmf_refine	false	
b21:HMF:h135:m132	b21	HMF	H64-M16-F4	135	132	1	b21:hmf_refine:H64-M16-F4:234	hmf_refine	false	
b21:HMF:h135:m133	b21	HMF	H64-M16-F4	135	133	2	b21:hmf_coarse:H64-M16-F4:70|b21:hmf_refine:H64-M16-F4:159	hmf_coarse|hmf_refine	false	
b21:HMF:h135:m22	b21	HMF	H64-M16-F4	135	22	1	b21:hmf_coarse:H64-M16-F4:65	hmf_coarse	false	
b21:HMF:h135:m44	b21	HMF	H64-M16-F4	135	44	1	b21:hmf_coarse:H64-M16-F4:66	hmf_coarse	false	
b21:HMF:h135:m67	b21	HMF	H64-M16-F4	135	67	1	b21:hmf_coarse:H64-M16-F4:67	hmf_coarse	false	
b21:HMF:h135:m80	b21	HMF	H64-M16-F4	135	80	1	b21:hmf_refine:H64-M16-F4:232	hmf_refine	false	
b21:HMF:h135:m89	b21	HMF	H64-M16-F4	135	89	1	b21:hmf_coarse:H64-M16-F4:68	hmf_coarse	false	
b21:HMF:h145:m100	b21	HMF	H64-M16-F4	145	100	1	b21:hmf_refine:H64-M16-F4:172	hmf_refine	false	
b21:HMF:h145:m107	b21	HMF	H64-M16-F4	145	107	1	b21:hmf_refine:H64-M16-F4:173	hmf_refine	false	
b21:HMF:h145:m114	b21	HMF	H64-M16-F4	145	114	1	b21:hmf_refine:H64-M16-F4:174	hmf_refine	false	
b21:HMF:h147:m104	b21	HMF	H64-M16-F4	147	104	1	b21:hmf_refine:H64-M16-F4:213	hmf_refine	false	
b21:HMF:h147:m109	b21	HMF	H64-M16-F4	147	109	1	b21:hmf_refine:H64-M16-F4:214	hmf_refine	false	
b21:HMF:h147:m89	b21	HMF	H64-M16-F4	147	89	1	b21:hmf_refine:H64-M16-F4:210	hmf_refine	false	
b21:HMF:h147:m94	b21	HMF	H64-M16-F4	147	94	1	b21:hmf_refine:H64-M16-F4:211	hmf_refine	false	
b21:HMF:h147:m99	b21	HMF	H64-M16-F4	147	99	1	b21:hmf_refine:H64-M16-F4:212	hmf_refine	false	
b21:HMF:h151:m100	b21	HMF	H64-M16-F4	151	100	1	b21:hmf_refine:H64-M16-F4:181	hmf_refine	false	
b21:HMF:h151:m104	b21	HMF	H64-M16-F4	151	104	1	b21:hmf_refine:H64-M16-F4:182	hmf_refine	false	
b21:HMF:h151:m96	b21	HMF	H64-M16-F4	151	96	1	b21:hmf_refine:H64-M16-F4:180	hmf_refine	false	
b21:HMF:h152:m104	b21	HMF	H64-M16-F4	152	104	1	b21:hmf_refine:H64-M16-F4:218	hmf_refine	false	
b21:HMF:h152:m109	b21	HMF	H64-M16-F4	152	109	1	b21:hmf_refine:H64-M16-F4:219	hmf_refine	false	
b21:HMF:h152:m89	b21	HMF	H64-M16-F4	152	89	1	b21:hmf_refine:H64-M16-F4:215	hmf_refine	false	
b21:HMF:h152:m94	b21	HMF	H64-M16-F4	152	94	1	b21:hmf_refine:H64-M16-F4:216	hmf_refine	false	
b21:HMF:h152:m99	b21	HMF	H64-M16-F4	152	99	1	b21:hmf_refine:H64-M16-F4:217	hmf_refine	false	
b21:HMF:h153:m102	b21	HMF	H64-M16-F4	153	102	1	b21:hmf_refine:H64-M16-F4:364	hmf_refine	false	
b21:HMF:h153:m107	b21	HMF	H64-M16-F4	153	107	1	b21:hmf_refine:H64-M16-F4:365	hmf_refine	false	
b21:HMF:h153:m112	b21	HMF	H64-M16-F4	153	112	1	b21:hmf_refine:H64-M16-F4:366	hmf_refine	false	
b21:HMF:h153:m92	b21	HMF	H64-M16-F4	153	92	1	b21:hmf_refine:H64-M16-F4:362	hmf_refine	false	
b21:HMF:h153:m97	b21	HMF	H64-M16-F4	153	97	1	b21:hmf_refine:H64-M16-F4:363	hmf_refine	false	
b21:HMF:h154:m100	b21	HMF	H64-M16-F4	154	100	1	b21:hmf_refine:H64-M16-F4:189	hmf_refine	false	
b21:HMF:h154:m102	b21	HMF	H64-M16-F4	154	102	1	b21:hmf_refine:H64-M16-F4:190	hmf_refine	false	
b21:HMF:h154:m98	b21	HMF	H64-M16-F4	154	98	1	b21:hmf_refine:H64-M16-F4:188	hmf_refine	false	
b21:HMF:h155:m100	b21	HMF	H64-M16-F4	155	100	1	b21:hmf_refine:H64-M16-F4:197	hmf_refine	false	
b21:HMF:h155:m101	b21	HMF	H64-M16-F4	155	101	1	b21:hmf_refine:H64-M16-F4:198	hmf_refine	false	
b21:HMF:h155:m99	b21	HMF	H64-M16-F4	155	99	1	b21:hmf_refine:H64-M16-F4:196	hmf_refine	false	
b21:HMF:h156:m100	b21	HMF	H64-M16-F4	156	100	1	b21:hmf_refine:H64-M16-F4:206	hmf_refine	false	
b21:HMF:h156:m98	b21	HMF	H64-M16-F4	156	98	1	b21:hmf_refine:H64-M16-F4:204	hmf_refine	false	
b21:HMF:h156:m99	b21	HMF	H64-M16-F4	156	99	1	b21:hmf_refine:H64-M16-F4:205	hmf_refine	false	
b21:HMF:h157:m100	b21	HMF	H64-M16-F4	157	100	1	b21:hmf_refine:H64-M16-F4:175	hmf_refine	false	
b21:HMF:h157:m101	b21	HMF	H64-M16-F4	157	101	1	b21:hmf_refine:H64-M16-F4:200	hmf_refine	false	
b21:HMF:h157:m102	b21	HMF	H64-M16-F4	157	102	1	b21:hmf_refine:H64-M16-F4:192	hmf_refine	false	
b21:HMF:h157:m104	b21	HMF	H64-M16-F4	157	104	1	b21:hmf_refine:H64-M16-F4:184	hmf_refine	false	
b21:HMF:h157:m107	b21	HMF	H64-M16-F4	157	107	1	b21:hmf_refine:H64-M16-F4:165	hmf_refine	false	
b21:HMF:h157:m109	b21	HMF	H64-M16-F4	157	109	1	b21:hmf_refine:H64-M16-F4:221	hmf_refine	false	
b21:HMF:h157:m114	b21	HMF	H64-M16-F4	157	114	1	b21:hmf_refine:H64-M16-F4:176	hmf_refine	false	
b21:HMF:h157:m89	b21	HMF	H64-M16-F4	157	89	1	b21:hmf_refine:H64-M16-F4:220	hmf_refine	false	
b21:HMF:h157:m94	b21	HMF	H64-M16-F4	157	94	1	b21:hmf_refine:H64-M16-F4:164	hmf_refine	false	
b21:HMF:h157:m96	b21	HMF	H64-M16-F4	157	96	1	b21:hmf_refine:H64-M16-F4:183	hmf_refine	false	
b21:HMF:h157:m98	b21	HMF	H64-M16-F4	157	98	1	b21:hmf_refine:H64-M16-F4:191	hmf_refine	false	
b21:HMF:h157:m99	b21	HMF	H64-M16-F4	157	99	1	b21:hmf_refine:H64-M16-F4:199	hmf_refine	false	
b21:HMF:h158:m100	b21	HMF	H64-M16-F4	158	100	1	b21:hmf_refine:H64-M16-F4:209	hmf_refine	false	
b21:HMF:h158:m102	b21	HMF	H64-M16-F4	158	102	1	b21:hmf_refine:H64-M16-F4:369	hmf_refine	false	
b21:HMF:h158:m107	b21	HMF	H64-M16-F4	158	107	1	b21:hmf_refine:H64-M16-F4:321	hmf_refine	false	
b21:HMF:h158:m112	b21	HMF	H64-M16-F4	158	112	1	b21:hmf_refine:H64-M16-F4:370	hmf_refine	false	
b21:HMF:h158:m119	b21	HMF	H64-M16-F4	158	119	1	b21:hmf_refine:H64-M16-F4:246	hmf_refine	false	
b21:HMF:h158:m120	b21	HMF	H64-M16-F4	158	120	1	b21:hmf_refine:H64-M16-F4:322	hmf_refine	false	
b21:HMF:h158:m92	b21	HMF	H64-M16-F4	158	92	1	b21:hmf_refine:H64-M16-F4:367	hmf_refine	false	
b21:HMF:h158:m94	b21	HMF	H64-M16-F4	158	94	1	b21:hmf_refine:H64-M16-F4:320	hmf_refine	false	
b21:HMF:h158:m97	b21	HMF	H64-M16-F4	158	97	1	b21:hmf_refine:H64-M16-F4:368	hmf_refine	false	
b21:HMF:h158:m98	b21	HMF	H64-M16-F4	158	98	1	b21:hmf_refine:H64-M16-F4:207	hmf_refine	false	
b21:HMF:h158:m99	b21	HMF	H64-M16-F4	158	99	1	b21:hmf_refine:H64-M16-F4:208	hmf_refine	false	
b21:HMF:h159:m100	b21	HMF	H64-M16-F4	159	100	1	b21:hmf_refine:H64-M16-F4:202	hmf_refine	false	
b21:HMF:h159:m101	b21	HMF	H64-M16-F4	159	101	1	b21:hmf_refine:H64-M16-F4:203	hmf_refine	false	
b21:HMF:h159:m99	b21	HMF	H64-M16-F4	159	99	1	b21:hmf_refine:H64-M16-F4:201	hmf_refine	false	
b21:HMF:h160:m100	b21	HMF	H64-M16-F4	160	100	1	b21:hmf_refine:H64-M16-F4:194	hmf_refine	false	
b21:HMF:h160:m101	b21	HMF	H64-M16-F4	160	101	1	b21:hmf_refine:H64-M16-F4:341	hmf_refine	false	
b21:HMF:h160:m102	b21	HMF	H64-M16-F4	160	102	1	b21:hmf_refine:H64-M16-F4:195	hmf_refine	false	
b21:HMF:h160:m103	b21	HMF	H64-M16-F4	160	103	1	b21:hmf_refine:H64-M16-F4:342	hmf_refine	false	
b21:HMF:h160:m105	b21	HMF	H64-M16-F4	160	105	1	b21:hmf_refine:H64-M16-F4:343	hmf_refine	false	
b21:HMF:h160:m98	b21	HMF	H64-M16-F4	160	98	1	b21:hmf_refine:H64-M16-F4:193	hmf_refine	false	
b21:HMF:h161:m102	b21	HMF	H64-M16-F4	161	102	1	b21:hmf_refine:H64-M16-F4:349	hmf_refine	false	
b21:HMF:h161:m103	b21	HMF	H64-M16-F4	161	103	1	b21:hmf_refine:H64-M16-F4:350	hmf_refine	false	
b21:HMF:h161:m104	b21	HMF	H64-M16-F4	161	104	1	b21:hmf_refine:H64-M16-F4:351	hmf_refine	false	
b21:HMF:h162:m101	b21	HMF	H64-M16-F4	162	101	1	b21:hmf_refine:H64-M16-F4:356	hmf_refine	false	
b21:HMF:h162:m102	b21	HMF	H64-M16-F4	162	102	1	b21:hmf_refine:H64-M16-F4:357	hmf_refine	false	
b21:HMF:h162:m103	b21	HMF	H64-M16-F4	162	103	1	b21:hmf_refine:H64-M16-F4:358	hmf_refine	false	
b21:HMF:h162:m104	b21	HMF	H64-M16-F4	162	104	1	b21:hmf_refine:H64-M16-F4:225	hmf_refine	false	
b21:HMF:h162:m109	b21	HMF	H64-M16-F4	162	109	1	b21:hmf_refine:H64-M16-F4:226	hmf_refine	false	
b21:HMF:h162:m89	b21	HMF	H64-M16-F4	162	89	1	b21:hmf_refine:H64-M16-F4:222	hmf_refine	false	
b21:HMF:h162:m94	b21	HMF	H64-M16-F4	162	94	1	b21:hmf_refine:H64-M16-F4:223	hmf_refine	false	
b21:HMF:h162:m99	b21	HMF	H64-M16-F4	162	99	1	b21:hmf_refine:H64-M16-F4:224	hmf_refine	false	
b21:HMF:h163:m100	b21	HMF	H64-M16-F4	163	100	1	b21:hmf_refine:H64-M16-F4:186	hmf_refine	false	
b21:HMF:h163:m101	b21	HMF	H64-M16-F4	163	101	1	b21:hmf_refine:H64-M16-F4:344	hmf_refine	false	
b21:HMF:h163:m102	b21	HMF	H64-M16-F4	163	102	1	b21:hmf_refine:H64-M16-F4:352	hmf_refine	false	
b21:HMF:h163:m103	b21	HMF	H64-M16-F4	163	103	1	b21:hmf_refine:H64-M16-F4:333	hmf_refine	false	
b21:HMF:h163:m104	b21	HMF	H64-M16-F4	163	104	1	b21:hmf_refine:H64-M16-F4:187	hmf_refine	false	
b21:HMF:h163:m105	b21	HMF	H64-M16-F4	163	105	1	b21:hmf_refine:H64-M16-F4:345	hmf_refine	false	
b21:HMF:h163:m107	b21	HMF	H64-M16-F4	163	107	1	b21:hmf_refine:H64-M16-F4:334	hmf_refine	false	
b21:HMF:h163:m111	b21	HMF	H64-M16-F4	163	111	1	b21:hmf_refine:H64-M16-F4:335	hmf_refine	false	
b21:HMF:h163:m112	b21	HMF	H64-M16-F4	163	112	1	b21:hmf_refine:H64-M16-F4:373	hmf_refine	false	
b21:HMF:h163:m92	b21	HMF	H64-M16-F4	163	92	1	b21:hmf_refine:H64-M16-F4:371	hmf_refine	false	
b21:HMF:h163:m96	b21	HMF	H64-M16-F4	163	96	1	b21:hmf_refine:H64-M16-F4:185	hmf_refine	false	
b21:HMF:h163:m97	b21	HMF	H64-M16-F4	163	97	1	b21:hmf_refine:H64-M16-F4:372	hmf_refine	false	
b21:HMF:h164:m101	b21	HMF	H64-M16-F4	164	101	1	b21:hmf_refine:H64-M16-F4:359	hmf_refine	false	
b21:HMF:h164:m102	b21	HMF	H64-M16-F4	164	102	1	b21:hmf_refine:H64-M16-F4:360	hmf_refine	false	
b21:HMF:h164:m103	b21	HMF	H64-M16-F4	164	103	1	b21:hmf_refine:H64-M16-F4:361	hmf_refine	false	
b21:HMF:h165:m102	b21	HMF	H64-M16-F4	165	102	1	b21:hmf_refine:H64-M16-F4:353	hmf_refine	false	
b21:HMF:h165:m103	b21	HMF	H64-M16-F4	165	103	1	b21:hmf_refine:H64-M16-F4:354	hmf_refine	false	
b21:HMF:h165:m104	b21	HMF	H64-M16-F4	165	104	1	b21:hmf_refine:H64-M16-F4:355	hmf_refine	false	
b21:HMF:h166:m101	b21	HMF	H64-M16-F4	166	101	1	b21:hmf_refine:H64-M16-F4:346	hmf_refine	false	
b21:HMF:h166:m103	b21	HMF	H64-M16-F4	166	103	1	b21:hmf_refine:H64-M16-F4:347	hmf_refine	false	
b21:HMF:h166:m105	b21	HMF	H64-M16-F4	166	105	1	b21:hmf_refine:H64-M16-F4:348	hmf_refine	false	
b21:HMF:h167:m104	b21	HMF	H64-M16-F4	167	104	1	b21:hmf_refine:H64-M16-F4:230	hmf_refine	false	
b21:HMF:h167:m109	b21	HMF	H64-M16-F4	167	109	1	b21:hmf_refine:H64-M16-F4:231	hmf_refine	false	
b21:HMF:h167:m89	b21	HMF	H64-M16-F4	167	89	1	b21:hmf_refine:H64-M16-F4:227	hmf_refine	false	
b21:HMF:h167:m94	b21	HMF	H64-M16-F4	167	94	1	b21:hmf_refine:H64-M16-F4:228	hmf_refine	false	
b21:HMF:h167:m99	b21	HMF	H64-M16-F4	167	99	1	b21:hmf_refine:H64-M16-F4:229	hmf_refine	false	
b21:HMF:h168:m102	b21	HMF	H64-M16-F4	168	102	1	b21:hmf_refine:H64-M16-F4:376	hmf_refine	false	
b21:HMF:h168:m107	b21	HMF	H64-M16-F4	168	107	1	b21:hmf_refine:H64-M16-F4:377	hmf_refine	false	
b21:HMF:h168:m112	b21	HMF	H64-M16-F4	168	112	1	b21:hmf_refine:H64-M16-F4:378	hmf_refine	false	
b21:HMF:h168:m92	b21	HMF	H64-M16-F4	168	92	1	b21:hmf_refine:H64-M16-F4:374	hmf_refine	false	
b21:HMF:h168:m97	b21	HMF	H64-M16-F4	168	97	1	b21:hmf_refine:H64-M16-F4:375	hmf_refine	false	
b21:HMF:h169:m100	b21	HMF	H64-M16-F4	169	100	1	b21:hmf_refine:H64-M16-F4:177	hmf_refine	false	
b21:HMF:h169:m103	b21	HMF	H64-M16-F4	169	103	1	b21:hmf_refine:H64-M16-F4:336	hmf_refine	false	
b21:HMF:h169:m107	b21	HMF	H64-M16-F4	169	107	1	b21:hmf_refine:H64-M16-F4:178	hmf_refine	false	
b21:HMF:h169:m111	b21	HMF	H64-M16-F4	169	111	1	b21:hmf_refine:H64-M16-F4:337	hmf_refine	false	
b21:HMF:h169:m114	b21	HMF	H64-M16-F4	169	114	1	b21:hmf_refine:H64-M16-F4:179	hmf_refine	false	
b21:HMF:h173:m102	b21	HMF	H64-M16-F4	173	102	1	b21:hmf_refine:H64-M16-F4:381	hmf_refine	false	
b21:HMF:h173:m92	b21	HMF	H64-M16-F4	173	92	1	b21:hmf_refine:H64-M16-F4:379	hmf_refine	false	
b21:HMF:h173:m97	b21	HMF	H64-M16-F4	173	97	1	b21:hmf_refine:H64-M16-F4:380	hmf_refine	false	
b21:HMF:h180:m1	b21	HMF	H64-M16-F4	180	1	1	b21:hmf_coarse:H64-M16-F4:85	hmf_coarse	false	
b21:HMF:h180:m106	b21	HMF	H64-M16-F4	180	106	2	b21:hmf_coarse:H64-M16-F4:90|b21:hmf_refine:H64-M16-F4:236	hmf_coarse|hmf_refine	false	
b21:HMF:h180:m107	b21	HMF	H64-M16-F4	180	107	1	b21:hmf_refine:H64-M16-F4:161	hmf_refine	false	
b21:HMF:h180:m21	b21	HMF	H64-M16-F4	180	21	1	b21:hmf_coarse:H64-M16-F4:86	hmf_coarse	false	
b21:HMF:h180:m43	b21	HMF	H64-M16-F4	180	43	1	b21:hmf_coarse:H64-M16-F4:87	hmf_coarse	false	
b21:HMF:h180:m64	b21	HMF	H64-M16-F4	180	64	1	b21:hmf_coarse:H64-M16-F4:88	hmf_coarse	false	
b21:HMF:h180:m80	b21	HMF	H64-M16-F4	180	80	1	b21:hmf_refine:H64-M16-F4:235	hmf_refine	false	
b21:HMF:h180:m85	b21	HMF	H64-M16-F4	180	85	1	b21:hmf_coarse:H64-M16-F4:89	hmf_coarse	false	
b21:HMF:h180:m94	b21	HMF	H64-M16-F4	180	94	1	b21:hmf_refine:H64-M16-F4:167	hmf_refine	false	
b21:HMF:h181:m100	b21	HMF	H64-M16-F4	181	100	1	b21:hmf_refine:H64-M16-F4:328	hmf_refine	false	
b21:HMF:h181:m107	b21	HMF	H64-M16-F4	181	107	1	b21:hmf_refine:H64-M16-F4:313	hmf_refine	false	
b21:HMF:h181:m55	b21	HMF	H64-M16-F4	181	55	1	b21:hmf_refine:H64-M16-F4:311	hmf_refine	false	
b21:HMF:h181:m81	b21	HMF	H64-M16-F4	181	81	1	b21:hmf_refine:H64-M16-F4:312	hmf_refine	false	
b21:HMF:h181:m94	b21	HMF	H64-M16-F4	181	94	1	b21:hmf_refine:H64-M16-F4:323	hmf_refine	false	
b21:HMF:h193:m100	b21	HMF	H64-M16-F4	193	100	1	b21:hmf_refine:H64-M16-F4:330	hmf_refine	false	
b21:HMF:h203:m94	b21	HMF	H64-M16-F4	203	94	1	b21:hmf_refine:H64-M16-F4:169	hmf_refine	false	
b21:HMF:h204:m94	b21	HMF	H64-M16-F4	204	94	1	b21:hmf_refine:H64-M16-F4:325	hmf_refine	false	
b21:HMF:h22:m138	b21	HMF	H64-M16-F4	22	138	1	b21:hmf_refine:H64-M16-F4:86	hmf_refine	false	
b21:HMF:h22:m151	b21	HMF	H64-M16-F4	22	151	1	b21:hmf_refine:H64-M16-F4:87	hmf_refine	false	
b21:HMF:h22:m164	b21	HMF	H64-M16-F4	22	164	1	b21:hmf_refine:H64-M16-F4:88	hmf_refine	false	
b21:HMF:h225:m80	b21	HMF	H64-M16-F4	225	80	1	b21:hmf_refine:H64-M16-F4:238	hmf_refine	false	
b21:HMF:h226:m1	b21	HMF	H64-M16-F4	226	1	1	b21:hmf_coarse:H64-M16-F4:106	hmf_coarse	false	
b21:HMF:h226:m20	b21	HMF	H64-M16-F4	226	20	1	b21:hmf_coarse:H64-M16-F4:107	hmf_coarse	false	
b21:HMF:h226:m41	b21	HMF	H64-M16-F4	226	41	1	b21:hmf_coarse:H64-M16-F4:108	hmf_coarse	false	
b21:HMF:h226:m55	b21	HMF	H64-M16-F4	226	55	1	b21:hmf_refine:H64-M16-F4:314	hmf_refine	false	
b21:HMF:h226:m61	b21	HMF	H64-M16-F4	226	61	1	b21:hmf_coarse:H64-M16-F4:109	hmf_coarse	false	
b21:HMF:h226:m81	b21	HMF	H64-M16-F4	226	81	2	b21:hmf_coarse:H64-M16-F4:110|b21:hmf_refine:H64-M16-F4:315	hmf_coarse|hmf_refine	false	
b21:HMF:h271:m1	b21	HMF	H64-M16-F4	271	1	1	b21:hmf_coarse:H64-M16-F4:127	hmf_coarse	false	
b21:HMF:h271:m19	b21	HMF	H64-M16-F4	271	19	1	b21:hmf_coarse:H64-M16-F4:128	hmf_coarse	false	
b21:HMF:h271:m38	b21	HMF	H64-M16-F4	271	38	1	b21:hmf_coarse:H64-M16-F4:129	hmf_coarse	false	
b21:HMF:h271:m55	b21	HMF	H64-M16-F4	271	55	1	b21:hmf_refine:H64-M16-F4:317	hmf_refine	false	
b21:HMF:h271:m57	b21	HMF	H64-M16-F4	271	57	1	b21:hmf_coarse:H64-M16-F4:130	hmf_coarse	false	
b21:HMF:h316:m1	b21	HMF	H64-M16-F4	316	1	1	b21:hmf_coarse:H64-M16-F4:148	hmf_coarse	false	
b21:HMF:h316:m18	b21	HMF	H64-M16-F4	316	18	1	b21:hmf_coarse:H64-M16-F4:149	hmf_coarse	false	
b21:HMF:h316:m37	b21	HMF	H64-M16-F4	316	37	1	b21:hmf_coarse:H64-M16-F4:150	hmf_coarse	false	
b21:HMF:h316:m55	b21	HMF	H64-M16-F4	316	55	1	b21:hmf_coarse:H64-M16-F4:151	hmf_coarse	false	
b21:HMF:h33:m131	b21	HMF	H64-M16-F4	33	131	1	b21:hmf_refine:H64-M16-F4:94	hmf_refine	false	
b21:HMF:h33:m138	b21	HMF	H64-M16-F4	33	138	1	b21:hmf_refine:H64-M16-F4:95	hmf_refine	false	
b21:HMF:h33:m145	b21	HMF	H64-M16-F4	33	145	1	b21:hmf_refine:H64-M16-F4:96	hmf_refine	false	
b21:HMF:h35:m128	b21	HMF	H64-M16-F4	35	128	1	b21:hmf_refine:H64-M16-F4:132	hmf_refine	false	
b21:HMF:h35:m133	b21	HMF	H64-M16-F4	35	133	1	b21:hmf_refine:H64-M16-F4:133	hmf_refine	false	
b21:HMF:h35:m138	b21	HMF	H64-M16-F4	35	138	1	b21:hmf_refine:H64-M16-F4:134	hmf_refine	false	
b21:HMF:h35:m143	b21	HMF	H64-M16-F4	35	143	1	b21:hmf_refine:H64-M16-F4:135	hmf_refine	false	
b21:HMF:h35:m148	b21	HMF	H64-M16-F4	35	148	1	b21:hmf_refine:H64-M16-F4:136	hmf_refine	false	
b21:HMF:h361:m1	b21	HMF	H64-M16-F4	361	1	1	b21:hmf_coarse:H64-M16-F4:169	hmf_coarse	false	
b21:HMF:h361:m17	b21	HMF	H64-M16-F4	361	17	1	b21:hmf_coarse:H64-M16-F4:170	hmf_coarse	false	
b21:HMF:h361:m34	b21	HMF	H64-M16-F4	361	34	1	b21:hmf_coarse:H64-M16-F4:171	hmf_coarse	false	
b21:HMF:h361:m51	b21	HMF	H64-M16-F4	361	51	1	b21:hmf_coarse:H64-M16-F4:172	hmf_coarse	false	
b21:HMF:h39:m134	b21	HMF	H64-M16-F4	39	134	1	b21:hmf_refine:H64-M16-F4:102	hmf_refine	false	
b21:HMF:h39:m138	b21	HMF	H64-M16-F4	39	138	1	b21:hmf_refine:H64-M16-F4:103	hmf_refine	false	
b21:HMF:h39:m142	b21	HMF	H64-M16-F4	39	142	1	b21:hmf_refine:H64-M16-F4:104	hmf_refine	false	
b21:HMF:h40:m128	b21	HMF	H64-M16-F4	40	128	1	b21:hmf_refine:H64-M16-F4:137	hmf_refine	false	
b21:HMF:h40:m133	b21	HMF	H64-M16-F4	40	133	1	b21:hmf_refine:H64-M16-F4:138	hmf_refine	false	
b21:HMF:h40:m138	b21	HMF	H64-M16-F4	40	138	1	b21:hmf_refine:H64-M16-F4:139	hmf_refine	false	
b21:HMF:h40:m143	b21	HMF	H64-M16-F4	40	143	1	b21:hmf_refine:H64-M16-F4:140	hmf_refine	false	
b21:HMF:h40:m148	b21	HMF	H64-M16-F4	40	148	1	b21:hmf_refine:H64-M16-F4:141	hmf_refine	false	
b21:HMF:h406:m1	b21	HMF	H64-M16-F4	406	1	1	b21:hmf_coarse:H64-M16-F4:190	hmf_coarse	false	
b21:HMF:h406:m17	b21	HMF	H64-M16-F4	406	17	1	b21:hmf_coarse:H64-M16-F4:191	hmf_coarse	false	
b21:HMF:h406:m33	b21	HMF	H64-M16-F4	406	33	1	b21:hmf_coarse:H64-M16-F4:192	hmf_coarse	false	
b21:HMF:h42:m136	b21	HMF	H64-M16-F4	42	136	1	b21:hmf_refine:H64-M16-F4:110	hmf_refine	false	
b21:HMF:h42:m138	b21	HMF	H64-M16-F4	42	138	1	b21:hmf_refine:H64-M16-F4:111	hmf_refine	false	
b21:HMF:h42:m140	b21	HMF	H64-M16-F4	42	140	1	b21:hmf_refine:H64-M16-F4:112	hmf_refine	false	
b21:HMF:h43:m137	b21	HMF	H64-M16-F4	43	137	1	b21:hmf_refine:H64-M16-F4:118	hmf_refine	false	
b21:HMF:h43:m138	b21	HMF	H64-M16-F4	43	138	1	b21:hmf_refine:H64-M16-F4:119	hmf_refine	false	
b21:HMF:h43:m139	b21	HMF	H64-M16-F4	43	139	1	b21:hmf_refine:H64-M16-F4:120	hmf_refine	false	
b21:HMF:h44:m137	b21	HMF	H64-M16-F4	44	137	1	b21:hmf_refine:H64-M16-F4:126	hmf_refine	false	
b21:HMF:h44:m138	b21	HMF	H64-M16-F4	44	138	1	b21:hmf_refine:H64-M16-F4:127	hmf_refine	false	
b21:HMF:h44:m139	b21	HMF	H64-M16-F4	44	139	1	b21:hmf_refine:H64-M16-F4:128	hmf_refine	false	
b21:HMF:h45:m1	b21	HMF	H64-M16-F4	45	1	1	b21:hmf_coarse:H64-M16-F4:22	hmf_coarse	false	
b21:HMF:h45:m100	b21	HMF	H64-M16-F4	45	100	1	b21:hmf_coarse:H64-M16-F4:26	hmf_coarse	false	
b21:HMF:h45:m117	b21	HMF	H64-M16-F4	45	117	1	b21:hmf_refine:H64-M16-F4:1	hmf_refine	false	
b21:HMF:h45:m125	b21	HMF	H64-M16-F4	45	125	1	b21:hmf_refine:H64-M16-F4:80	hmf_refine	false	
b21:HMF:h45:m126	b21	HMF	H64-M16-F4	45	126	1	b21:hmf_coarse:H64-M16-F4:27	hmf_coarse	false	
b21:HMF:h45:m128	b21	HMF	H64-M16-F4	45	128	1	b21:hmf_refine:H64-M16-F4:142	hmf_refine	false	
b21:HMF:h45:m131	b21	HMF	H64-M16-F4	45	131	1	b21:hmf_refine:H64-M16-F4:97	hmf_refine	false	
b21:HMF:h45:m133	b21	HMF	H64-M16-F4	45	133	1	b21:hmf_refine:H64-M16-F4:143	hmf_refine	false	
b21:HMF:h45:m134	b21	HMF	H64-M16-F4	45	134	1	b21:hmf_refine:H64-M16-F4:105	hmf_refine	false	
b21:HMF:h45:m136	b21	HMF	H64-M16-F4	45	136	1	b21:hmf_refine:H64-M16-F4:113	hmf_refine	false	
b21:HMF:h45:m137	b21	HMF	H64-M16-F4	45	137	1	b21:hmf_refine:H64-M16-F4:121	hmf_refine	false	
b21:HMF:h45:m138	b21	HMF	H64-M16-F4	45	138	1	b21:hmf_refine:H64-M16-F4:89	hmf_refine	false	
b21:HMF:h45:m139	b21	HMF	H64-M16-F4	45	139	1	b21:hmf_refine:H64-M16-F4:122	hmf_refine	false	
b21:HMF:h45:m140	b21	HMF	H64-M16-F4	45	140	1	b21:hmf_refine:H64-M16-F4:114	hmf_refine	false	
b21:HMF:h45:m142	b21	HMF	H64-M16-F4	45	142	1	b21:hmf_refine:H64-M16-F4:106	hmf_refine	false	
b21:HMF:h45:m143	b21	HMF	H64-M16-F4	45	143	1	b21:hmf_refine:H64-M16-F4:2	hmf_refine	false	
b21:HMF:h45:m145	b21	HMF	H64-M16-F4	45	145	1	b21:hmf_refine:H64-M16-F4:98	hmf_refine	false	
b21:HMF:h45:m148	b21	HMF	H64-M16-F4	45	148	1	b21:hmf_refine:H64-M16-F4:144	hmf_refine	false	
b21:HMF:h45:m151	b21	HMF	H64-M16-F4	45	151	2	b21:hmf_coarse:H64-M16-F4:28|b21:hmf_refine:H64-M16-F4:81	hmf_coarse|hmf_refine	false	
b21:HMF:h45:m164	b21	HMF	H64-M16-F4	45	164	1	b21:hmf_refine:H64-M16-F4:90	hmf_refine	false	
b21:HMF:h45:m169	b21	HMF	H64-M16-F4	45	169	1	b21:hmf_refine:H64-M16-F4:3	hmf_refine	false	
b21:HMF:h45:m176	b21	HMF	H64-M16-F4	45	176	1	b21:hmf_coarse:H64-M16-F4:29	hmf_coarse	false	
b21:HMF:h45:m25	b21	HMF	H64-M16-F4	45	25	1	b21:hmf_coarse:H64-M16-F4:23	hmf_coarse	false	
b21:HMF:h45:m50	b21	HMF	H64-M16-F4	45	50	1	b21:hmf_coarse:H64-M16-F4:24	hmf_coarse	false	
b21:HMF:h45:m75	b21	HMF	H64-M16-F4	45	75	1	b21:hmf_coarse:H64-M16-F4:25	hmf_coarse	false	
b21:HMF:h451:m1	b21	HMF	H64-M16-F4	451	1	1	b21:hmf_coarse:H64-M16-F4:211	hmf_coarse	false	
b21:HMF:h451:m15	b21	HMF	H64-M16-F4	451	15	1	b21:hmf_coarse:H64-M16-F4:212	hmf_coarse	false	
b21:HMF:h46:m137	b21	HMF	H64-M16-F4	46	137	1	b21:hmf_refine:H64-M16-F4:129	hmf_refine	false	
b21:HMF:h46:m138	b21	HMF	H64-M16-F4	46	138	1	b21:hmf_refine:H64-M16-F4:130	hmf_refine	false	
b21:HMF:h46:m139	b21	HMF	H64-M16-F4	46	139	1	b21:hmf_refine:H64-M16-F4:131	hmf_refine	false	
b21:HMF:h47:m137	b21	HMF	H64-M16-F4	47	137	1	b21:hmf_refine:H64-M16-F4:123	hmf_refine	false	
b21:HMF:h47:m138	b21	HMF	H64-M16-F4	47	138	1	b21:hmf_refine:H64-M16-F4:124	hmf_refine	false	
b21:HMF:h47:m139	b21	HMF	H64-M16-F4	47	139	1	b21:hmf_refine:H64-M16-F4:125	hmf_refine	false	
b21:HMF:h48:m136	b21	HMF	H64-M16-F4	48	136	1	b21:hmf_refine:H64-M16-F4:115	hmf_refine	false	
b21:HMF:h48:m138	b21	HMF	H64-M16-F4	48	138	1	b21:hmf_refine:H64-M16-F4:116	hmf_refine	false	
b21:HMF:h48:m140	b21	HMF	H64-M16-F4	48	140	1	b21:hmf_refine:H64-M16-F4:117	hmf_refine	false	
b21:HMF:h496:m1	b21	HMF	H64-M16-F4	496	1	1	b21:hmf_coarse:H64-M16-F4:232	hmf_coarse	false	
b21:HMF:h496:m14	b21	HMF	H64-M16-F4	496	14	1	b21:hmf_coarse:H64-M16-F4:233	hmf_coarse	false	
b21:HMF:h50:m128	b21	HMF	H64-M16-F4	50	128	1	b21:hmf_refine:H64-M16-F4:145	hmf_refine	false	
b21:HMF:h50:m133	b21	HMF	H64-M16-F4	50	133	1	b21:hmf_refine:H64-M16-F4:146	hmf_refine	false	
b21:HMF:h50:m138	b21	HMF	H64-M16-F4	50	138	1	b21:hmf_refine:H64-M16-F4:147	hmf_refine	false	
b21:HMF:h50:m143	b21	HMF	H64-M16-F4	50	143	1	b21:hmf_refine:H64-M16-F4:148	hmf_refine	false	
b21:HMF:h50:m148	b21	HMF	H64-M16-F4	50	148	1	b21:hmf_refine:H64-M16-F4:149	hmf_refine	false	
b21:HMF:h51:m134	b21	HMF	H64-M16-F4	51	134	1	b21:hmf_refine:H64-M16-F4:107	hmf_refine	false	
b21:HMF:h51:m138	b21	HMF	H64-M16-F4	51	138	1	b21:hmf_refine:H64-M16-F4:108	hmf_refine	false	
b21:HMF:h51:m142	b21	HMF	H64-M16-F4	51	142	1	b21:hmf_refine:H64-M16-F4:109	hmf_refine	false	
b21:HMF:h541:m1	b21	HMF	H64-M16-F4	541	1	1	b21:hmf_coarse:H64-M16-F4:253	hmf_coarse	false	
b21:HMF:h541:m13	b21	HMF	H64-M16-F4	541	13	1	b21:hmf_coarse:H64-M16-F4:254	hmf_coarse	false	
b21:HMF:h55:m128	b21	HMF	H64-M16-F4	55	128	1	b21:hmf_refine:H64-M16-F4:150	hmf_refine	false	
b21:HMF:h55:m133	b21	HMF	H64-M16-F4	55	133	1	b21:hmf_refine:H64-M16-F4:151	hmf_refine	false	
b21:HMF:h55:m138	b21	HMF	H64-M16-F4	55	138	1	b21:hmf_refine:H64-M16-F4:152	hmf_refine	false	
b21:HMF:h55:m143	b21	HMF	H64-M16-F4	55	143	1	b21:hmf_refine:H64-M16-F4:153	hmf_refine	false	
b21:HMF:h55:m148	b21	HMF	H64-M16-F4	55	148	1	b21:hmf_refine:H64-M16-F4:154	hmf_refine	false	
b21:HMF:h57:m131	b21	HMF	H64-M16-F4	57	131	1	b21:hmf_refine:H64-M16-F4:99	hmf_refine	false	
b21:HMF:h57:m138	b21	HMF	H64-M16-F4	57	138	1	b21:hmf_refine:H64-M16-F4:100	hmf_refine	false	
b21:HMF:h57:m145	b21	HMF	H64-M16-F4	57	145	1	b21:hmf_refine:H64-M16-F4:101	hmf_refine	false	
b21:HMF:h586:m1	b21	HMF	H64-M16-F4	586	1	1	b21:hmf_coarse:H64-M16-F4:274	hmf_coarse	false	
b21:HMF:h630:m1	b21	HMF	H64-M16-F4	630	1	1	b21:hmf_coarse:H64-M16-F4:295	hmf_coarse	false	
b21:HMF:h67:m130	b21	HMF	H64-M16-F4	67	130	1	b21:hmf_refine:H64-M16-F4:10	hmf_refine	false	
b21:HMF:h67:m143	b21	HMF	H64-M16-F4	67	143	1	b21:hmf_refine:H64-M16-F4:11	hmf_refine	false	
b21:HMF:h67:m156	b21	HMF	H64-M16-F4	67	156	1	b21:hmf_refine:H64-M16-F4:12	hmf_refine	false	
b21:HMF:h676:m1	b21	HMF	H64-M16-F4	676	1	1	b21:hmf_coarse:H64-M16-F4:316	hmf_coarse	false	
b21:HMF:h68:m138	b21	HMF	H64-M16-F4	68	138	1	b21:hmf_refine:H64-M16-F4:91	hmf_refine	false	
b21:HMF:h68:m151	b21	HMF	H64-M16-F4	68	151	1	b21:hmf_refine:H64-M16-F4:92	hmf_refine	false	
b21:HMF:h68:m164	b21	HMF	H64-M16-F4	68	164	1	b21:hmf_refine:H64-M16-F4:93	hmf_refine	false	
b21:HMF:h722:m1	b21	HMF	H64-M16-F4	722	1	1	b21:hmf_coarse:H64-M16-F4:337	hmf_coarse	false	
b21:HMF:h767:m1	b21	HMF	H64-M16-F4	767	1	1	b21:hmf_coarse:H64-M16-F4:358	hmf_coarse	false	
b21:HMF:h77:m137	b21	HMF	H64-M16-F4	77	137	1	b21:hmf_refine:H64-M16-F4:56	hmf_refine	false	
b21:HMF:h77:m142	b21	HMF	H64-M16-F4	77	142	1	b21:hmf_refine:H64-M16-F4:57	hmf_refine	false	
b21:HMF:h77:m147	b21	HMF	H64-M16-F4	77	147	1	b21:hmf_refine:H64-M16-F4:58	hmf_refine	false	
b21:HMF:h77:m152	b21	HMF	H64-M16-F4	77	152	1	b21:hmf_refine:H64-M16-F4:59	hmf_refine	false	
b21:HMF:h77:m157	b21	HMF	H64-M16-F4	77	157	1	b21:hmf_refine:H64-M16-F4:60	hmf_refine	false	
b21:HMF:h78:m136	b21	HMF	H64-M16-F4	78	136	1	b21:hmf_refine:H64-M16-F4:18	hmf_refine	false	
b21:HMF:h78:m143	b21	HMF	H64-M16-F4	78	143	1	b21:hmf_refine:H64-M16-F4:19	hmf_refine	false	
b21:HMF:h78:m150	b21	HMF	H64-M16-F4	78	150	1	b21:hmf_refine:H64-M16-F4:20	hmf_refine	false	
b21:HMF:h81:m145	b21	HMF	H64-M16-F4	81	145	1	b21:hmf_refine:H64-M16-F4:34	hmf_refine	false	
b21:HMF:h81:m147	b21	HMF	H64-M16-F4	81	147	1	b21:hmf_refine:H64-M16-F4:35	hmf_refine	false	
b21:HMF:h81:m149	b21	HMF	H64-M16-F4	81	149	1	b21:hmf_refine:H64-M16-F4:36	hmf_refine	false	
b21:HMF:h812:m1	b21	HMF	H64-M16-F4	812	1	1	b21:hmf_coarse:H64-M16-F4:379	hmf_coarse	false	
b21:HMF:h82:m137	b21	HMF	H64-M16-F4	82	137	1	b21:hmf_refine:H64-M16-F4:61	hmf_refine	false	
b21:HMF:h82:m142	b21	HMF	H64-M16-F4	82	142	1	b21:hmf_refine:H64-M16-F4:62	hmf_refine	false	
b21:HMF:h82:m147	b21	HMF	H64-M16-F4	82	147	1	b21:hmf_refine:H64-M16-F4:63	hmf_refine	false	
b21:HMF:h82:m152	b21	HMF	H64-M16-F4	82	152	1	b21:hmf_refine:H64-M16-F4:64	hmf_refine	false	
b21:HMF:h82:m157	b21	HMF	H64-M16-F4	82	157	1	b21:hmf_refine:H64-M16-F4:65	hmf_refine	false	
b21:HMF:h84:m139	b21	HMF	H64-M16-F4	84	139	1	b21:hmf_refine:H64-M16-F4:26	hmf_refine	false	
b21:HMF:h84:m143	b21	HMF	H64-M16-F4	84	143	1	b21:hmf_refine:H64-M16-F4:27	hmf_refine	false	
b21:HMF:h84:m145	b21	HMF	H64-M16-F4	84	145	1	b21:hmf_refine:H64-M16-F4:37	hmf_refine	false	
b21:HMF:h84:m147	b21	HMF	H64-M16-F4	84	147	1	b21:hmf_refine:H64-M16-F4:28	hmf_refine	false	
b21:HMF:h84:m149	b21	HMF	H64-M16-F4	84	149	1	b21:hmf_refine:H64-M16-F4:38	hmf_refine	false	
b21:HMF:h85:m146	b21	HMF	H64-M16-F4	85	146	1	b21:hmf_refine:H64-M16-F4:42	hmf_refine	false	
b21:HMF:h85:m147	b21	HMF	H64-M16-F4	85	147	1	b21:hmf_refine:H64-M16-F4:43	hmf_refine	false	
b21:HMF:h85:m148	b21	HMF	H64-M16-F4	85	148	1	b21:hmf_refine:H64-M16-F4:44	hmf_refine	false	
b21:HMF:h857:m1	b21	HMF	H64-M16-F4	857	1	1	b21:hmf_coarse:H64-M16-F4:400	hmf_coarse	false	
b21:HMF:h86:m146	b21	HMF	H64-M16-F4	86	146	1	b21:hmf_refine:H64-M16-F4:50	hmf_refine	false	
b21:HMF:h86:m147	b21	HMF	H64-M16-F4	86	147	1	b21:hmf_refine:H64-M16-F4:51	hmf_refine	false	
b21:HMF:h86:m148	b21	HMF	H64-M16-F4	86	148	1	b21:hmf_refine:H64-M16-F4:52	hmf_refine	false	
b21:HMF:h87:m137	b21	HMF	H64-M16-F4	87	137	1	b21:hmf_refine:H64-M16-F4:66	hmf_refine	false	
b21:HMF:h87:m142	b21	HMF	H64-M16-F4	87	142	1	b21:hmf_refine:H64-M16-F4:67	hmf_refine	false	
b21:HMF:h87:m145	b21	HMF	H64-M16-F4	87	145	1	b21:hmf_refine:H64-M16-F4:39	hmf_refine	false	
b21:HMF:h87:m146	b21	HMF	H64-M16-F4	87	146	1	b21:hmf_refine:H64-M16-F4:45	hmf_refine	false	
b21:HMF:h87:m147	b21	HMF	H64-M16-F4	87	147	1	b21:hmf_refine:H64-M16-F4:40	hmf_refine	false	
b21:HMF:h87:m148	b21	HMF	H64-M16-F4	87	148	1	b21:hmf_refine:H64-M16-F4:46	hmf_refine	false	
b21:HMF:h87:m149	b21	HMF	H64-M16-F4	87	149	1	b21:hmf_refine:H64-M16-F4:41	hmf_refine	false	
b21:HMF:h88:m146	b21	HMF	H64-M16-F4	88	146	1	b21:hmf_refine:H64-M16-F4:53	hmf_refine	false	
b21:HMF:h88:m147	b21	HMF	H64-M16-F4	88	147	1	b21:hmf_refine:H64-M16-F4:54	hmf_refine	false	
b21:HMF:h88:m148	b21	HMF	H64-M16-F4	88	148	1	b21:hmf_refine:H64-M16-F4:55	hmf_refine	false	
b21:HMF:h89:m146	b21	HMF	H64-M16-F4	89	146	1	b21:hmf_refine:H64-M16-F4:47	hmf_refine	false	
b21:HMF:h89:m147	b21	HMF	H64-M16-F4	89	147	1	b21:hmf_refine:H64-M16-F4:48	hmf_refine	false	
b21:HMF:h89:m148	b21	HMF	H64-M16-F4	89	148	1	b21:hmf_refine:H64-M16-F4:49	hmf_refine	false	
b21:HMF:h90:m1	b21	HMF	H64-M16-F4	90	1	1	b21:hmf_coarse:H64-M16-F4:43	hmf_coarse	false	
b21:HMF:h90:m107	b21	HMF	H64-M16-F4	90	107	1	b21:hmf_refine:H64-M16-F4:155	hmf_refine	false	
b21:HMF:h90:m117	b21	HMF	H64-M16-F4	90	117	1	b21:hmf_refine:H64-M16-F4:4	hmf_refine	false	
b21:HMF:h90:m120	b21	HMF	H64-M16-F4	90	120	1	b21:hmf_coarse:H64-M16-F4:48	hmf_coarse	false	
b21:HMF:h90:m125	b21	HMF	H64-M16-F4	90	125	1	b21:hmf_refine:H64-M16-F4:83	hmf_refine	false	
b21:HMF:h90:m130	b21	HMF	H64-M16-F4	90	130	1	b21:hmf_refine:H64-M16-F4:13	hmf_refine	false	
b21:HMF:h90:m133	b21	HMF	H64-M16-F4	90	133	1	b21:hmf_refine:H64-M16-F4:156	hmf_refine	false	
b21:HMF:h90:m136	b21	HMF	H64-M16-F4	90	136	1	b21:hmf_refine:H64-M16-F4:21	hmf_refine	false	
b21:HMF:h90:m139	b21	HMF	H64-M16-F4	90	139	1	b21:hmf_refine:H64-M16-F4:29	hmf_refine	false	
b21:HMF:h90:m143	b21	HMF	H64-M16-F4	90	143	2	b21:hmf_coarse:H64-M16-F4:49|b21:hmf_refine:H64-M16-F4:5	hmf_coarse|hmf_refine	false	
b21:HMF:h90:m147	b21	HMF	H64-M16-F4	90	147	1	b21:hmf_refine:H64-M16-F4:30	hmf_refine	false	
b21:HMF:h90:m150	b21	HMF	H64-M16-F4	90	150	1	b21:hmf_refine:H64-M16-F4:22	hmf_refine	false	
b21:HMF:h90:m151	b21	HMF	H64-M16-F4	90	151	1	b21:hmf_refine:H64-M16-F4:84	hmf_refine	false	
b21:HMF:h90:m24	b21	HMF	H64-M16-F4	90	24	1	b21:hmf_coarse:H64-M16-F4:44	hmf_coarse	false	
b21:HMF:h90:m48	b21	HMF	H64-M16-F4	90	48	1	b21:hmf_coarse:H64-M16-F4:45	hmf_coarse	false	
b21:HMF:h90:m72	b21	HMF	H64-M16-F4	90	72	1	b21:hmf_coarse:H64-M16-F4:46	hmf_coarse	false	
b21:HMF:h90:m96	b21	HMF	H64-M16-F4	90	96	1	b21:hmf_coarse:H64-M16-F4:47	hmf_coarse	false	
b21:HMF:h902:m1	b21	HMF	H64-M16-F4	902	1	1	b21:hmf_coarse:H64-M16-F4:421	hmf_coarse	false	
b21:HMF:h96:m117	b21	HMF	H64-M16-F4	96	117	1	b21:hmf_refine:H64-M16-F4:287	hmf_refine	false	
b21:HMF:h96:m122	b21	HMF	H64-M16-F4	96	122	1	b21:hmf_refine:H64-M16-F4:288	hmf_refine	false	
b21:HMF:h96:m127	b21	HMF	H64-M16-F4	96	127	1	b21:hmf_refine:H64-M16-F4:289	hmf_refine	false	
b21:HMF:h96:m132	b21	HMF	H64-M16-F4	96	132	1	b21:hmf_refine:H64-M16-F4:290	hmf_refine	false	
b21:HMF:h96:m137	b21	HMF	H64-M16-F4	96	137	1	b21:hmf_refine:H64-M16-F4:291	hmf_refine	false	
b21:HMF:h96:m139	b21	HMF	H64-M16-F4	96	139	1	b21:hmf_refine:H64-M16-F4:31	hmf_refine	false	
b21:HMF:h96:m143	b21	HMF	H64-M16-F4	96	143	1	b21:hmf_refine:H64-M16-F4:32	hmf_refine	false	
b21:HMF:h96:m147	b21	HMF	H64-M16-F4	96	147	1	b21:hmf_refine:H64-M16-F4:33	hmf_refine	false	
b21:HMF:h97:m137	b21	HMF	H64-M16-F4	97	137	1	b21:hmf_refine:H64-M16-F4:75	hmf_refine	false	
b21:HMF:h97:m142	b21	HMF	H64-M16-F4	97	142	1	b21:hmf_refine:H64-M16-F4:76	hmf_refine	false	
b21:HMF:h97:m147	b21	HMF	H64-M16-F4	97	147	1	b21:hmf_refine:H64-M16-F4:77	hmf_refine	false	
b22:HF:h1	b22	HF	H64-F4	1		1	b22:hf_coarse:H64-F4:1	hf_coarse	false	
b22:HF:h118	b22	HF	H64-F4	118		1	b22:hf_coarse:H64-F4:4	hf_coarse	false	
b22:HF:h158	b22	HF	H64-F4	158		1	b22:hf_coarse:H64-F4:5	hf_coarse	false	
b22:HF:h197	b22	HF	H64-F4	197		1	b22:hf_coarse:H64-F4:6	hf_coarse	false	
b22:HF:h198	b22	HF	H64-F4	198		1	b22:hf_refine:H64-F4:17	hf_refine	false	
b22:HF:h217	b22	HF	H64-F4	217		1	b22:hf_refine:H64-F4:20	hf_refine	false	
b22:HF:h227	b22	HF	H64-F4	227		1	b22:hf_refine:H64-F4:22	hf_refine	false	
b22:HF:h237	b22	HF	H64-F4	237		2	b22:hf_coarse:H64-F4:7|b22:hf_refine:H64-F4:18	hf_coarse|hf_refine	false	
b22:HF:h242	b22	HF	H64-F4	242		1	b22:hf_refine:H64-F4:24	hf_refine	false	
b22:HF:h247	b22	HF	H64-F4	247		1	b22:hf_refine:H64-F4:23	hf_refine	false	
b22:HF:h249	b22	HF	H64-F4	249		1	b22:hf_refine:H64-F4:26	hf_refine	false	
b22:HF:h250	b22	HF	H64-F4	250		1	b22:hf_refine:H64-F4:28	hf_refine	false	
b22:HF:h251	b22	HF	H64-F4	251		1	b22:hf_refine:H64-F4:30	hf_refine	false	
b22:HF:h252	b22	HF	H64-F4	252		1	b22:hf_refine:H64-F4:25	hf_refine	false	
b22:HF:h253	b22	HF	H64-F4	253		1	b22:hf_refine:H64-F4:31	hf_refine	false	
b22:HF:h254	b22	HF	H64-F4	254		1	b22:hf_refine:H64-F4:29	hf_refine	false	
b22:HF:h255	b22	HF	H64-F4	255		1	b22:hf_refine:H64-F4:27	hf_refine	false	
b22:HF:h257	b22	HF	H64-F4	257		1	b22:hf_refine:H64-F4:21	hf_refine	false	
b22:HF:h262	b22	HF	H64-F4	262		1	b22:hf_refine:H64-F4:32	hf_refine	false	
b22:HF:h276	b22	HF	H64-F4	276		2	b22:hf_coarse:H64-F4:8|b22:hf_refine:H64-F4:19	hf_coarse|hf_refine	false	
b22:HF:h277	b22	HF	H64-F4	277		1	b22:hf_refine:H64-F4:1	hf_refine	false	
b22:HF:h296	b22	HF	H64-F4	296		1	b22:hf_refine:H64-F4:4	hf_refine	false	
b22:HF:h306	b22	HF	H64-F4	306		1	b22:hf_refine:H64-F4:6	hf_refine	false	
b22:HF:h315	b22	HF	H64-F4	315		1	b22:hf_refine:H64-F4:33	hf_refine	false	
b22:HF:h316	b22	HF	H64-F4	316		2	b22:hf_coarse:H64-F4:9|b22:hf_refine:H64-F4:2	hf_coarse|hf_refine	false	
b22:HF:h321	b22	HF	H64-F4	321		1	b22:hf_refine:H64-F4:8	hf_refine	false	
b22:HF:h326	b22	HF	H64-F4	326		1	b22:hf_refine:H64-F4:7	hf_refine	false	
b22:HF:h328	b22	HF	H64-F4	328		1	b22:hf_refine:H64-F4:10	hf_refine	false	
b22:HF:h329	b22	HF	H64-F4	329		1	b22:hf_refine:H64-F4:12	hf_refine	false	
b22:HF:h330	b22	HF	H64-F4	330		1	b22:hf_refine:H64-F4:14	hf_refine	false	
b22:HF:h331	b22	HF	H64-F4	331		1	b22:hf_refine:H64-F4:9	hf_refine	false	
b22:HF:h332	b22	HF	H64-F4	332		1	b22:hf_refine:H64-F4:15	hf_refine	false	
b22:HF:h333	b22	HF	H64-F4	333		1	b22:hf_refine:H64-F4:13	hf_refine	false	
b22:HF:h334	b22	HF	H64-F4	334		1	b22:hf_refine:H64-F4:11	hf_refine	false	
b22:HF:h336	b22	HF	H64-F4	336		1	b22:hf_refine:H64-F4:5	hf_refine	false	
b22:HF:h341	b22	HF	H64-F4	341		1	b22:hf_refine:H64-F4:16	hf_refine	false	
b22:HF:h355	b22	HF	H64-F4	355		2	b22:hf_coarse:H64-F4:10|b22:hf_refine:H64-F4:3	hf_coarse|hf_refine	false	
b22:HF:h39	b22	HF	H64-F4	39		1	b22:hf_coarse:H64-F4:2	hf_coarse	false	
b22:HF:h394	b22	HF	H64-F4	394		1	b22:hf_refine:H64-F4:34	hf_refine	false	
b22:HF:h395	b22	HF	H64-F4	395		2	b22:hf_coarse:H64-F4:11|b22:hf_refine:H64-F4:35	hf_coarse|hf_refine	false	
b22:HF:h404	b22	HF	H64-F4	404		1	b22:hf_refine:H64-F4:40	hf_refine	false	
b22:HF:h409	b22	HF	H64-F4	409		1	b22:hf_refine:H64-F4:50	hf_refine	false	
b22:HF:h414	b22	HF	H64-F4	414		1	b22:hf_refine:H64-F4:38	hf_refine	false	
b22:HF:h416	b22	HF	H64-F4	416		1	b22:hf_refine:H64-F4:44	hf_refine	false	
b22:HF:h417	b22	HF	H64-F4	417		1	b22:hf_refine:H64-F4:46	hf_refine	false	
b22:HF:h418	b22	HF	H64-F4	418		1	b22:hf_refine:H64-F4:48	hf_refine	false	
b22:HF:h419	b22	HF	H64-F4	419		1	b22:hf_refine:H64-F4:42	hf_refine	false	
b22:HF:h420	b22	HF	H64-F4	420		1	b22:hf_refine:H64-F4:49	hf_refine	false	
b22:HF:h421	b22	HF	H64-F4	421		1	b22:hf_refine:H64-F4:47	hf_refine	false	
b22:HF:h422	b22	HF	H64-F4	422		1	b22:hf_refine:H64-F4:45	hf_refine	false	
b22:HF:h424	b22	HF	H64-F4	424		1	b22:hf_refine:H64-F4:41	hf_refine	false	
b22:HF:h429	b22	HF	H64-F4	429		1	b22:hf_refine:H64-F4:43	hf_refine	false	
b22:HF:h434	b22	HF	H64-F4	434		2	b22:hf_coarse:H64-F4:12|b22:hf_refine:H64-F4:36	hf_coarse|hf_refine	false	
b22:HF:h454	b22	HF	H64-F4	454		1	b22:hf_refine:H64-F4:39	hf_refine	false	
b22:HF:h473	b22	HF	H64-F4	473		2	b22:hf_coarse:H64-F4:13|b22:hf_refine:H64-F4:37	hf_coarse|hf_refine	false	
b22:HF:h513	b22	HF	H64-F4	513		1	b22:hf_coarse:H64-F4:14	hf_coarse	false	
b22:HF:h552	b22	HF	H64-F4	552		1	b22:hf_coarse:H64-F4:15	hf_coarse	false	
b22:HF:h592	b22	HF	H64-F4	592		1	b22:hf_coarse:H64-F4:16	hf_coarse	false	
b22:HF:h631	b22	HF	H64-F4	631		1	b22:hf_coarse:H64-F4:17	hf_coarse	false	
b22:HF:h671	b22	HF	H64-F4	671		1	b22:hf_coarse:H64-F4:18	hf_coarse	false	
b22:HF:h710	b22	HF	H64-F4	710		1	b22:hf_coarse:H64-F4:19	hf_coarse	false	
b22:HF:h750	b22	HF	H64-F4	750		1	b22:hf_coarse:H64-F4:20	hf_coarse	false	
b22:HF:h789	b22	HF	H64-F4	789		1	b22:hf_coarse:H64-F4:21	hf_coarse	false	
b22:HF:h79	b22	HF	H64-F4	79		1	b22:hf_coarse:H64-F4:3	hf_coarse	false	
b22:HMF:h1:m1	b22	HMF	H64-M16-F4	1	1	1	b22:hmf_coarse:H64-M16-F4:1	hmf_coarse	false	
b22:HMF:h1:m108	b22	HMF	H64-M16-F4	1	108	1	b22:hmf_coarse:H64-M16-F4:5	hmf_coarse	false	
b22:HMF:h1:m135	b22	HMF	H64-M16-F4	1	135	1	b22:hmf_coarse:H64-M16-F4:6	hmf_coarse	false	
b22:HMF:h1:m162	b22	HMF	H64-M16-F4	1	162	1	b22:hmf_coarse:H64-M16-F4:7	hmf_coarse	false	
b22:HMF:h1:m189	b22	HMF	H64-M16-F4	1	189	1	b22:hmf_coarse:H64-M16-F4:8	hmf_coarse	false	
b22:HMF:h1:m216	b22	HMF	H64-M16-F4	1	216	1	b22:hmf_coarse:H64-M16-F4:9	hmf_coarse	false	
b22:HMF:h1:m27	b22	HMF	H64-M16-F4	1	27	1	b22:hmf_coarse:H64-M16-F4:2	hmf_coarse	false	
b22:HMF:h1:m54	b22	HMF	H64-M16-F4	1	54	1	b22:hmf_coarse:H64-M16-F4:3	hmf_coarse	false	
b22:HMF:h1:m81	b22	HMF	H64-M16-F4	1	81	1	b22:hmf_coarse:H64-M16-F4:4	hmf_coarse	false	
b22:HMF:h100:m105	b22	HMF	H64-M16-F4	100	105	1	b22:hmf_refine:H64-M16-F4:207	hmf_refine	false	
b22:HMF:h100:m106	b22	HMF	H64-M16-F4	100	106	1	b22:hmf_refine:H64-M16-F4:208	hmf_refine	false	
b22:HMF:h100:m107	b22	HMF	H64-M16-F4	100	107	1	b22:hmf_refine:H64-M16-F4:209	hmf_refine	false	
b22:HMF:h101:m105	b22	HMF	H64-M16-F4	101	105	1	b22:hmf_refine:H64-M16-F4:201	hmf_refine	false	
b22:HMF:h101:m106	b22	HMF	H64-M16-F4	101	106	1	b22:hmf_refine:H64-M16-F4:202	hmf_refine	false	
b22:HMF:h101:m107	b22	HMF	H64-M16-F4	101	107	1	b22:hmf_refine:H64-M16-F4:203	hmf_refine	false	
b22:HMF:h102:m102	b22	HMF	H64-M16-F4	102	102	1	b22:hmf_refine:H64-M16-F4:193	hmf_refine	false	
b22:HMF:h102:m104	b22	HMF	H64-M16-F4	102	104	1	b22:hmf_refine:H64-M16-F4:194	hmf_refine	false	
b22:HMF:h102:m106	b22	HMF	H64-M16-F4	102	106	1	b22:hmf_refine:H64-M16-F4:195	hmf_refine	false	
b22:HMF:h104:m101	b22	HMF	H64-M16-F4	104	101	1	b22:hmf_refine:H64-M16-F4:223	hmf_refine	false	
b22:HMF:h104:m104	b22	HMF	H64-M16-F4	104	104	1	b22:hmf_refine:H64-M16-F4:185	hmf_refine	false	
b22:HMF:h104:m106	b22	HMF	H64-M16-F4	104	106	1	b22:hmf_refine:H64-M16-F4:224	hmf_refine	false	
b22:HMF:h104:m108	b22	HMF	H64-M16-F4	104	108	1	b22:hmf_refine:H64-M16-F4:186	hmf_refine	false	
b22:HMF:h104:m111	b22	HMF	H64-M16-F4	104	111	1	b22:hmf_refine:H64-M16-F4:225	hmf_refine	false	
b22:HMF:h104:m112	b22	HMF	H64-M16-F4	104	112	1	b22:hmf_refine:H64-M16-F4:187	hmf_refine	false	
b22:HMF:h104:m116	b22	HMF	H64-M16-F4	104	116	1	b22:hmf_refine:H64-M16-F4:226	hmf_refine	false	
b22:HMF:h104:m96	b22	HMF	H64-M16-F4	104	96	1	b22:hmf_refine:H64-M16-F4:222	hmf_refine	false	
b22:HMF:h109:m101	b22	HMF	H64-M16-F4	109	101	1	b22:hmf_refine:H64-M16-F4:177	hmf_refine	false	
b22:HMF:h109:m106	b22	HMF	H64-M16-F4	109	106	1	b22:hmf_refine:H64-M16-F4:228	hmf_refine	false	
b22:HMF:h109:m108	b22	HMF	H64-M16-F4	109	108	1	b22:hmf_refine:H64-M16-F4:178	hmf_refine	false	
b22:HMF:h109:m111	b22	HMF	H64-M16-F4	109	111	1	b22:hmf_refine:H64-M16-F4:229	hmf_refine	false	
b22:HMF:h109:m115	b22	HMF	H64-M16-F4	109	115	1	b22:hmf_refine:H64-M16-F4:179	hmf_refine	false	
b22:HMF:h109:m116	b22	HMF	H64-M16-F4	109	116	1	b22:hmf_refine:H64-M16-F4:230	hmf_refine	false	
b22:HMF:h109:m96	b22	HMF	H64-M16-F4	109	96	1	b22:hmf_refine:H64-M16-F4:227	hmf_refine	false	
b22:HMF:h118:m1	b22	HMF	H64-M16-F4	118	1	1	b22:hmf_coarse:H64-M16-F4:64	hmf_coarse	false	
b22:HMF:h118:m24	b22	HMF	H64-M16-F4	118	24	1	b22:hmf_coarse:H64-M16-F4:65	hmf_coarse	false	
b22:HMF:h118:m48	b22	HMF	H64-M16-F4	118	48	1	b22:hmf_coarse:H64-M16-F4:66	hmf_coarse	false	
b22:HMF:h118:m68	b22	HMF	H64-M16-F4	118	68	1	b22:hmf_refine:H64-M16-F4:158	hmf_refine	false	
b22:HMF:h118:m72	b22	HMF	H64-M16-F4	118	72	1	b22:hmf_coarse:H64-M16-F4:67	hmf_coarse	false	
b22:HMF:h118:m95	b22	HMF	H64-M16-F4	118	95	2	b22:hmf_coarse:H64-M16-F4:68|b22:hmf_refine:H64-M16-F4:159	hmf_coarse|hmf_refine	false	
b22:HMF:h119:m118	b22	HMF	H64-M16-F4	119	118	1	b22:hmf_refine:H64-M16-F4:3	hmf_refine	false	
b22:HMF:h119:m64	b22	HMF	H64-M16-F4	119	64	1	b22:hmf_refine:H64-M16-F4:1	hmf_refine	false	
b22:HMF:h119:m91	b22	HMF	H64-M16-F4	119	91	1	b22:hmf_refine:H64-M16-F4:2	hmf_refine	false	
b22:HMF:h138:m77	b22	HMF	H64-M16-F4	138	77	1	b22:hmf_refine:H64-M16-F4:10	hmf_refine	false	
b22:HMF:h138:m91	b22	HMF	H64-M16-F4	138	91	1	b22:hmf_refine:H64-M16-F4:11	hmf_refine	false	
b22:HMF:h157:m68	b22	HMF	H64-M16-F4	157	68	1	b22:hmf_refine:H64-M16-F4:161	hmf_refine	false	
b22:HMF:h158:m1	b22	HMF	H64-M16-F4	158	1	1	b22:hmf_coarse:H64-M16-F4:85	hmf_coarse	false	
b22:HMF:h158:m23	b22	HMF	H64-M16-F4	158	23	1	b22:hmf_coarse:H64-M16-F4:86	hmf_coarse	false	
b22:HMF:h158:m46	b22	HMF	H64-M16-F4	158	46	1	b22:hmf_coarse:H64-M16-F4:87	hmf_coarse	false	
b22:HMF:h158:m64	b22	HMF	H64-M16-F4	158	64	1	b22:hmf_refine:H64-M16-F4:4	hmf_refine	false	
b22:HMF:h158:m68	b22	HMF	H64-M16-F4	158	68	1	b22:hmf_coarse:H64-M16-F4:88	hmf_coarse	false	
b22:HMF:h158:m77	b22	HMF	H64-M16-F4	158	77	1	b22:hmf_refine:H64-M16-F4:13	hmf_refine	false	
b22:HMF:h158:m91	b22	HMF	H64-M16-F4	158	91	2	b22:hmf_coarse:H64-M16-F4:89|b22:hmf_refine:H64-M16-F4:5	hmf_coarse|hmf_refine	false	
b22:HMF:h165:m65	b22	HMF	H64-M16-F4	165	65	1	b22:hmf_refine:H64-M16-F4:56	hmf_refine	false	
b22:HMF:h165:m70	b22	HMF	H64-M16-F4	165	70	1	b22:hmf_refine:H64-M16-F4:57	hmf_refine	false	
b22:HMF:h165:m75	b22	HMF	H64-M16-F4	165	75	1	b22:hmf_refine:H64-M16-F4:58	hmf_refine	false	
b22:HMF:h165:m80	b22	HMF	H64-M16-F4	165	80	1	b22:hmf_refine:H64-M16-F4:59	hmf_refine	false	
b22:HMF:h165:m85	b22	HMF	H64-M16-F4	165	85	1	b22:hmf_refine:H64-M16-F4:60	hmf_refine	false	
b22:HMF:h168:m70	b22	HMF	H64-M16-F4	168	70	1	b22:hmf_refine:H64-M16-F4:18	hmf_refine	false	
b22:HMF:h168:m77	b22	HMF	H64-M16-F4	168	77	1	b22:hmf_refine:H64-M16-F4:19	hmf_refine	false	
b22:HMF:h168:m84	b22	HMF	H64-M16-F4	168	84	1	b22:hmf_refine:H64-M16-F4:20	hmf_refine	false	
b22:HMF:h170:m65	b22	HMF	H64-M16-F4	170	65	1	b22:hmf_refine:H64-M16-F4:61	hmf_refine	false	
b22:HMF:h170:m70	b22	HMF	H64-M16-F4	170	70	1	b22:hmf_refine:H64-M16-F4:62	hmf_refine	false	
b22:HMF:h170:m75	b22	HMF	H64-M16-F4	170	75	1	b22:hmf_refine:H64-M16-F4:63	hmf_refine	false	
b22:HMF:h173:m73	b22	HMF	H64-M16-F4	173	73	1	b22:hmf_refine:H64-M16-F4:26	hmf_refine	false	
b22:HMF:h173:m74	b22	HMF	H64-M16-F4	173	74	1	b22:hmf_refine:H64-M16-F4:42	hmf_refine	false	
b22:HMF:h173:m75	b22	HMF	H64-M16-F4	173	75	1	b22:hmf_refine:H64-M16-F4:43	hmf_refine	false	
b22:HMF:h173:m76	b22	HMF	H64-M16-F4	173	76	1	b22:hmf_refine:H64-M16-F4:44	hmf_refine	false	
b22:HMF:h173:m77	b22	HMF	H64-M16-F4	173	77	1	b22:hmf_refine:H64-M16-F4:27	hmf_refine	false	
b22:HMF:h173:m81	b22	HMF	H64-M16-F4	173	81	1	b22:hmf_refine:H64-M16-F4:28	hmf_refine	false	
b22:HMF:h174:m74	b22	HMF	H64-M16-F4	174	74	1	b22:hmf_refine:H64-M16-F4:50	hmf_refine	false	
b22:HMF:h174:m75	b22	HMF	H64-M16-F4	174	75	1	b22:hmf_refine:H64-M16-F4:51	hmf_refine	false	
b22:HMF:h174:m76	b22	HMF	H64-M16-F4	174	76	1	b22:hmf_refine:H64-M16-F4:52	hmf_refine	false	
b22:HMF:h175:m65	b22	HMF	H64-M16-F4	175	65	1	b22:hmf_refine:H64-M16-F4:66	hmf_refine	false	
b22:HMF:h175:m70	b22	HMF	H64-M16-F4	175	70	1	b22:hmf_refine:H64-M16-F4:67	hmf_refine	false	
b22:HMF:h175:m74	b22	HMF	H64-M16-F4	175	74	1	b22:hmf_refine:H64-M16-F4:45	hmf_refine	false	
b22:HMF:h175:m75	b22	HMF	H64-M16-F4	175	75	1	b22:hmf_refine:H64-M16-F4:34	hmf_refine	false	
b22:HMF:h175:m76	b22	HMF	H64-M16-F4	175	76	1	b22:hmf_refine:H64-M16-F4:46	hmf_refine	false	
b22:HMF:h176:m74	b22	HMF	H64-M16-F4	176	74	1	b22:hmf_refine:H64-M16-F4:53	hmf_refine	false	
b22:HMF:h176:m75	b22	HMF	H64-M16-F4	176	75	1	b22:hmf_refine:H64-M16-F4:54	hmf_refine	false	
b22:HMF:h176:m76	b22	HMF	H64-M16-F4	176	76	1	b22:hmf_refine:H64-M16-F4:55	hmf_refine	false	
b22:HMF:h177:m74	b22	HMF	H64-M16-F4	177	74	1	b22:hmf_refine:H64-M16-F4:47	hmf_refine	false	
b22:HMF:h177:m75	b22	HMF	H64-M16-F4	177	75	1	b22:hmf_refine:H64-M16-F4:48	hmf_refine	false	
b22:HMF:h177:m76	b22	HMF	H64-M16-F4	177	76	1	b22:hmf_refine:H64-M16-F4:49	hmf_refine	false	
b22:HMF:h178:m70	b22	HMF	H64-M16-F4	178	70	1	b22:hmf_refine:H64-M16-F4:21	hmf_refine	false	
b22:HMF:h178:m73	b22	HMF	H64-M16-F4	178	73	1	b22:hmf_refine:H64-M16-F4:29	hmf_refine	false	
b22:HMF:h178:m75	b22	HMF	H64-M16-F4	178	75	1	b22:hmf_refine:H64-M16-F4:37	hmf_refine	false	
b22:HMF:h178:m77	b22	HMF	H64-M16-F4	178	77	1	b22:hmf_refine:H64-M16-F4:15	hmf_refine	false	
b22:HMF:h178:m79	b22	HMF	H64-M16-F4	178	79	1	b22:hmf_refine:H64-M16-F4:38	hmf_refine	false	
b22:HMF:h178:m81	b22	HMF	H64-M16-F4	178	81	1	b22:hmf_refine:H64-M16-F4:30	hmf_refine	false	
b22:HMF:h178:m84	b22	HMF	H64-M16-F4	178	84	1	b22:hmf_refine:H64-M16-F4:22	hmf_refine	false	
b22:HMF:h180:m65	b22	HMF	H64-M16-F4	180	65	1	b22:hmf_refine:H64-M16-F4:70	hmf_refine	false	
b22:HMF:h180:m70	b22	HMF	H64-M16-F4	180	70	1	b22:hmf_refine:H64-M16-F4:71	hmf_refine	false	
b22:HMF:h180:m75	b22	HMF	H64-M16-F4	180	75	1	b22:hmf_refine:H64-M16-F4:72	hmf_refine	false	
b22:HMF:h180:m80	b22	HMF	H64-M16-F4	180	80	1	b22:hmf_refine:H64-M16-F4:73	hmf_refine	false	
b22:HMF:h181:m75	b22	HMF	H64-M16-F4	181	75	1	b22:hmf_refine:H64-M16-F4:39	hmf_refine	false	
b22:HMF:h181:m77	b22	HMF	H64-M16-F4	181	77	1	b22:hmf_refine:H64-M16-F4:40	hmf_refine	false	
b22:HMF:h181:m79	b22	HMF	H64-M16-F4	181	79	1	b22:hmf_refine:H64-M16-F4:41	hmf_refine	false	
b22:HMF:h183:m73	b22	HMF	H64-M16-F4	183	73	1	b22:hmf_refine:H64-M16-F4:31	hmf_refine	false	
b22:HMF:h183:m77	b22	HMF	H64-M16-F4	183	77	1	b22:hmf_refine:H64-M16-F4:32	hmf_refine	false	
b22:HMF:h183:m81	b22	HMF	H64-M16-F4	183	81	1	b22:hmf_refine:H64-M16-F4:33	hmf_refine	false	
b22:HMF:h185:m65	b22	HMF	H64-M16-F4	185	65	1	b22:hmf_refine:H64-M16-F4:75	hmf_refine	false	
b22:HMF:h185:m70	b22	HMF	H64-M16-F4	185	70	1	b22:hmf_refine:H64-M16-F4:76	hmf_refine	false	
b22:HMF:h185:m75	b22	HMF	H64-M16-F4	185	75	1	b22:hmf_refine:H64-M16-F4:77	hmf_refine	false	
b22:HMF:h185:m80	b22	HMF	H64-M16-F4	185	80	1	b22:hmf_refine:H64-M16-F4:78	hmf_refine	false	
b22:HMF:h188:m70	b22	HMF	H64-M16-F4	188	70	1	b22:hmf_refine:H64-M16-F4:23	hmf_refine	false	
b22:HMF:h188:m77	b22	HMF	H64-M16-F4	188	77	1	b22:hmf_refine:H64-M16-F4:24	hmf_refine	false	
b22:HMF:h19:m117	b22	HMF	H64-M16-F4	19	117	1	b22:hmf_refine:H64-M16-F4:315	hmf_refine	false	
b22:HMF:h19:m131	b22	HMF	H64-M16-F4	19	131	1	b22:hmf_refine:H64-M16-F4:316	hmf_refine	false	
b22:HMF:h19:m145	b22	HMF	H64-M16-F4	19	145	1	b22:hmf_refine:H64-M16-F4:317	hmf_refine	false	
b22:HMF:h197:m1	b22	HMF	H64-M16-F4	197	1	1	b22:hmf_coarse:H64-M16-F4:106	hmf_coarse	false	
b22:HMF:h197:m22	b22	HMF	H64-M16-F4	197	22	1	b22:hmf_coarse:H64-M16-F4:107	hmf_coarse	false	
b22:HMF:h197:m44	b22	HMF	H64-M16-F4	197	44	1	b22:hmf_coarse:H64-M16-F4:108	hmf_coarse	false	
b22:HMF:h197:m64	b22	HMF	H64-M16-F4	197	64	1	b22:hmf_refine:H64-M16-F4:7	hmf_refine	false	
b22:HMF:h197:m66	b22	HMF	H64-M16-F4	197	66	1	b22:hmf_coarse:H64-M16-F4:109	hmf_coarse	false	
b22:HMF:h198:m36	b22	HMF	H64-M16-F4	198	36	1	b22:hmf_refine:H64-M16-F4:80	hmf_refine	false	
b22:HMF:h198:m63	b22	HMF	H64-M16-F4	198	63	1	b22:hmf_refine:H64-M16-F4:81	hmf_refine	false	
b22:HMF:h207:m53	b22	HMF	H64-M16-F4	207	53	1	b22:hmf_refine:H64-M16-F4:135	hmf_refine	false	
b22:HMF:h207:m56	b22	HMF	H64-M16-F4	207	56	1	b22:hmf_refine:H64-M16-F4:97	hmf_refine	false	
b22:HMF:h207:m58	b22	HMF	H64-M16-F4	207	58	1	b22:hmf_refine:H64-M16-F4:136	hmf_refine	false	
b22:HMF:h207:m63	b22	HMF	H64-M16-F4	207	63	1	b22:hmf_refine:H64-M16-F4:98	hmf_refine	false	
b22:HMF:h207:m68	b22	HMF	H64-M16-F4	207	68	1	b22:hmf_refine:H64-M16-F4:137	hmf_refine	false	
b22:HMF:h207:m70	b22	HMF	H64-M16-F4	207	70	1	b22:hmf_refine:H64-M16-F4:99	hmf_refine	false	
b22:HMF:h212:m53	b22	HMF	H64-M16-F4	212	53	1	b22:hmf_refine:H64-M16-F4:139	hmf_refine	false	
b22:HMF:h212:m58	b22	HMF	H64-M16-F4	212	58	1	b22:hmf_refine:H64-M16-F4:140	hmf_refine	false	
b22:HMF:h212:m59	b22	HMF	H64-M16-F4	212	59	1	b22:hmf_refine:H64-M16-F4:105	hmf_refine	false	
b22:HMF:h212:m63	b22	HMF	H64-M16-F4	212	63	1	b22:hmf_refine:H64-M16-F4:106	hmf_refine	false	
b22:HMF:h212:m67	b22	HMF	H64-M16-F4	212	67	1	b22:hmf_refine:H64-M16-F4:107	hmf_refine	false	
b22:HMF:h212:m68	b22	HMF	H64-M16-F4	212	68	1	b22:hmf_refine:H64-M16-F4:141	hmf_refine	false	
b22:HMF:h214:m61	b22	HMF	H64-M16-F4	214	61	1	b22:hmf_refine:H64-M16-F4:113	hmf_refine	false	
b22:HMF:h214:m63	b22	HMF	H64-M16-F4	214	63	1	b22:hmf_refine:H64-M16-F4:114	hmf_refine	false	
b22:HMF:h214:m65	b22	HMF	H64-M16-F4	214	65	1	b22:hmf_refine:H64-M16-F4:115	hmf_refine	false	
b22:HMF:h215:m62	b22	HMF	H64-M16-F4	215	62	1	b22:hmf_refine:H64-M16-F4:121	hmf_refine	false	
b22:HMF:h215:m63	b22	HMF	H64-M16-F4	215	63	1	b22:hmf_refine:H64-M16-F4:122	hmf_refine	false	
b22:HMF:h215:m64	b22	HMF	H64-M16-F4	215	64	1	b22:hmf_refine:H64-M16-F4:123	hmf_refine	false	
b22:HMF:h216:m62	b22	HMF	H64-M16-F4	216	62	1	b22:hmf_refine:H64-M16-F4:129	hmf_refine	false	
b22:HMF:h216:m63	b22	HMF	H64-M16-F4	216	63	1	b22:hmf_refine:H64-M16-F4:130	hmf_refine	false	
b22:HMF:h217:m49	b22	HMF	H64-M16-F4	217	49	1	b22:hmf_refine:H64-M16-F4:89	hmf_refine	false	
b22:HMF:h217:m53	b22	HMF	H64-M16-F4	217	53	1	b22:hmf_refine:H64-M16-F4:143	hmf_refine	false	
b22:HMF:h217:m56	b22	HMF	H64-M16-F4	217	56	1	b22:hmf_refine:H64-M16-F4:100	hmf_refine	false	
b22:HMF:h217:m58	b22	HMF	H64-M16-F4	217	58	1	b22:hmf_refine:H64-M16-F4:144	hmf_refine	false	
b22:HMF:h217:m59	b22	HMF	H64-M16-F4	217	59	1	b22:hmf_refine:H64-M16-F4:108	hmf_refine	false	
b22:HMF:h217:m61	b22	HMF	H64-M16-F4	217	61	1	b22:hmf_refine:H64-M16-F4:116	hmf_refine	false	
b22:HMF:h217:m62	b22	HMF	H64-M16-F4	217	62	1	b22:hmf_refine:H64-M16-F4:124	hmf_refine	false	
b22:HMF:h217:m63	b22	HMF	H64-M16-F4	217	63	1	b22:hmf_refine:H64-M16-F4:90	hmf_refine	false	
b22:HMF:h217:m64	b22	HMF	H64-M16-F4	217	64	1	b22:hmf_refine:H64-M16-F4:125	hmf_refine	false	
b22:HMF:h217:m65	b22	HMF	H64-M16-F4	217	65	1	b22:hmf_refine:H64-M16-F4:117	hmf_refine	false	
b22:HMF:h218:m62	b22	HMF	H64-M16-F4	218	62	1	b22:hmf_refine:H64-M16-F4:132	hmf_refine	false	
b22:HMF:h218:m63	b22	HMF	H64-M16-F4	218	63	1	b22:hmf_refine:H64-M16-F4:133	hmf_refine	false	
b22:HMF:h218:m64	b22	HMF	H64-M16-F4	218	64	1	b22:hmf_refine:H64-M16-F4:134	hmf_refine	false	
b22:HMF:h219:m62	b22	HMF	H64-M16-F4	219	62	1	b22:hmf_refine:H64-M16-F4:126	hmf_refine	false	
b22:HMF:h219:m63	b22	HMF	H64-M16-F4	219	63	1	b22:hmf_refine:H64-M16-F4:127	hmf_refine	false	
b22:HMF:h219:m64	b22	HMF	H64-M16-F4	219	64	1	b22:hmf_refine:H64-M16-F4:128	hmf_refine	false	
b22:HMF:h220:m61	b22	HMF	H64-M16-F4	220	61	1	b22:hmf_refine:H64-M16-F4:118	hmf_refine	false	
b22:HMF:h220:m63	b22	HMF	H64-M16-F4	220	63	1	b22:hmf_refine:H64-M16-F4:119	hmf_refine	false	
b22:HMF:h220:m65	b22	HMF	H64-M16-F4	220	65	1	b22:hmf_refine:H64-M16-F4:120	hmf_refine	false	
b22:HMF:h222:m53	b22	HMF	H64-M16-F4	222	53	1	b22:hmf_refine:H64-M16-F4:147	hmf_refine	false	
b22:HMF:h222:m58	b22	HMF	H64-M16-F4	222	58	1	b22:hmf_refine:H64-M16-F4:148	hmf_refine	false	
b22:HMF:h222:m59	b22	HMF	H64-M16-F4	222	59	1	b22:hmf_refine:H64-M16-F4:110	hmf_refine	false	
b22:HMF:h222:m63	b22	HMF	H64-M16-F4	222	63	1	b22:hmf_refine:H64-M16-F4:111	hmf_refine	false	
b22:HMF:h222:m67	b22	HMF	H64-M16-F4	222	67	1	b22:hmf_refine:H64-M16-F4:112	hmf_refine	false	
b22:HMF:h222:m68	b22	HMF	H64-M16-F4	222	68	1	b22:hmf_refine:H64-M16-F4:149	hmf_refine	false	
b22:HMF:h227:m53	b22	HMF	H64-M16-F4	227	53	1	b22:hmf_refine:H64-M16-F4:151	hmf_refine	false	
b22:HMF:h227:m56	b22	HMF	H64-M16-F4	227	56	1	b22:hmf_refine:H64-M16-F4:102	hmf_refine	false	
b22:HMF:h227:m58	b22	HMF	H64-M16-F4	227	58	1	b22:hmf_refine:H64-M16-F4:152	hmf_refine	false	
b22:HMF:h237:m1	b22	HMF	H64-M16-F4	237	1	1	b22:hmf_coarse:H64-M16-F4:127	hmf_coarse	false	
b22:HMF:h237:m14	b22	HMF	H64-M16-F4	237	14	1	b22:hmf_refine:H64-M16-F4:231	hmf_refine	false	
b22:HMF:h237:m21	b22	HMF	H64-M16-F4	237	21	1	b22:hmf_coarse:H64-M16-F4:128	hmf_coarse	false	
b22:HMF:h237:m36	b22	HMF	H64-M16-F4	237	36	1	b22:hmf_refine:H64-M16-F4:83	hmf_refine	false	
b22:HMF:h237:m41	b22	HMF	H64-M16-F4	237	41	1	b22:hmf_refine:H64-M16-F4:232	hmf_refine	false	
b22:HMF:h237:m42	b22	HMF	H64-M16-F4	237	42	1	b22:hmf_coarse:H64-M16-F4:129	hmf_coarse	false	
b22:HMF:h237:m49	b22	HMF	H64-M16-F4	237	49	1	b22:hmf_refine:H64-M16-F4:92	hmf_refine	false	
b22:HMF:h237:m63	b22	HMF	H64-M16-F4	237	63	2	b22:hmf_coarse:H64-M16-F4:130|b22:hmf_refine:H64-M16-F4:84	hmf_coarse|hmf_refine	false	
b22:HMF:h256:m27	b22	HMF	H64-M16-F4	256	27	1	b22:hmf_refine:H64-M16-F4:240	hmf_refine	false	
b22:HMF:h256:m41	b22	HMF	H64-M16-F4	256	41	1	b22:hmf_refine:H64-M16-F4:241	hmf_refine	false	
b22:HMF:h256:m55	b22	HMF	H64-M16-F4	256	55	1	b22:hmf_refine:H64-M16-F4:242	hmf_refine	false	
b22:HMF:h257:m49	b22	HMF	H64-M16-F4	257	49	1	b22:hmf_refine:H64-M16-F4:94	hmf_refine	false	
b22:HMF:h263:m31	b22	HMF	H64-M16-F4	263	31	1	b22:hmf_refine:H64-M16-F4:285	hmf_refine	false	
b22:HMF:h263:m36	b22	HMF	H64-M16-F4	263	36	1	b22:hmf_refine:H64-M16-F4:286	hmf_refine	false	
b22:HMF:h263:m41	b22	HMF	H64-M16-F4	263	41	1	b22:hmf_refine:H64-M16-F4:287	hmf_refine	false	
b22:HMF:h263:m46	b22	HMF	H64-M16-F4	263	46	1	b22:hmf_refine:H64-M16-F4:288	hmf_refine	false	
b22:HMF:h263:m51	b22	HMF	H64-M16-F4	263	51	1	b22:hmf_refine:H64-M16-F4:289	hmf_refine	false	
b22:HMF:h266:m34	b22	HMF	H64-M16-F4	266	34	1	b22:hmf_refine:H64-M16-F4:248	hmf_refine	false	
b22:HMF:h266:m41	b22	HMF	H64-M16-F4	266	41	1	b22:hmf_refine:H64-M16-F4:249	hmf_refine	false	
b22:HMF:h266:m48	b22	HMF	H64-M16-F4	266	48	1	b22:hmf_refine:H64-M16-F4:250	hmf_refine	false	
b22:HMF:h268:m31	b22	HMF	H64-M16-F4	268	31	1	b22:hmf_refine:H64-M16-F4:290	hmf_refine	false	
b22:HMF:h268:m36	b22	HMF	H64-M16-F4	268	36	1	b22:hmf_refine:H64-M16-F4:291	hmf_refine	false	
b22:HMF:h268:m41	b22	HMF	H64-M16-F4	268	41	1	b22:hmf_refine:H64-M16-F4:292	hmf_refine	false	
b22:HMF:h268:m46	b22	HMF	H64-M16-F4	268	46	1	b22:hmf_refine:H64-M16-F4:293	hmf_refine	false	
b22:HMF:h268:m51	b22	HMF	H64-M16-F4	268	51	1	b22:hmf_refine:H64-M16-F4:294	hmf_refine	false	
b22:HMF:h271:m37	b22	HMF	H64-M16-F4	271	37	1	b22:hmf_refine:H64-M16-F4:256	hmf_refine	false	
b22:HMF:h271:m40	b22	HMF	H64-M16-F4	271	40	1	b22:hmf_refine:H64-M16-F4:272	hmf_refine	false	
b22:HMF:h271:m41	b22	HMF	H64-M16-F4	271	41	1	b22:hmf_refine:H64-M16-F4:257	hmf_refine	false	
b22:HMF:h271:m42	b22	HMF	H64-M16-F4	271	42	1	b22:hmf_refine:H64-M16-F4:273	hmf_refine	false	
b22:HMF:h271:m45	b22	HMF	H64-M16-F4	271	45	1	b22:hmf_refine:H64-M16-F4:258	hmf_refine	false	
b22:HMF:h272:m40	b22	HMF	H64-M16-F4	272	40	1	b22:hmf_refine:H64-M16-F4:279	hmf_refine	false	
b22:HMF:h272:m41	b22	HMF	H64-M16-F4	272	41	1	b22:hmf_refine:H64-M16-F4:280	hmf_refine	false	
b22:HMF:h272:m42	b22	HMF	H64-M16-F4	272	42	1	b22:hmf_refine:H64-M16-F4:281	hmf_refine	false	
b22:HMF:h273:m31	b22	HMF	H64-M16-F4	273	31	1	b22:hmf_refine:H64-M16-F4:295	hmf_refine	false	
b22:HMF:h273:m36	b22	HMF	H64-M16-F4	273	36	1	b22:hmf_refine:H64-M16-F4:296	hmf_refine	false	
b22:HMF:h273:m39	b22	HMF	H64-M16-F4	273	39	1	b22:hmf_refine:H64-M16-F4:264	hmf_refine	false	
b22:HMF:h273:m40	b22	HMF	H64-M16-F4	273	40	1	b22:hmf_refine:H64-M16-F4:274	hmf_refine	false	
b22:HMF:h273:m41	b22	HMF	H64-M16-F4	273	41	1	b22:hmf_refine:H64-M16-F4:265	hmf_refine	false	
b22:HMF:h273:m42	b22	HMF	H64-M16-F4	273	42	1	b22:hmf_refine:H64-M16-F4:275	hmf_refine	false	
b22:HMF:h274:m40	b22	HMF	H64-M16-F4	274	40	1	b22:hmf_refine:H64-M16-F4:282	hmf_refine	false	
b22:HMF:h274:m41	b22	HMF	H64-M16-F4	274	41	1	b22:hmf_refine:H64-M16-F4:283	hmf_refine	false	
b22:HMF:h274:m42	b22	HMF	H64-M16-F4	274	42	1	b22:hmf_refine:H64-M16-F4:284	hmf_refine	false	
b22:HMF:h275:m40	b22	HMF	H64-M16-F4	275	40	1	b22:hmf_refine:H64-M16-F4:276	hmf_refine	false	
b22:HMF:h275:m41	b22	HMF	H64-M16-F4	275	41	1	b22:hmf_refine:H64-M16-F4:277	hmf_refine	false	
b22:HMF:h275:m42	b22	HMF	H64-M16-F4	275	42	1	b22:hmf_refine:H64-M16-F4:278	hmf_refine	false	
b22:HMF:h276:m1	b22	HMF	H64-M16-F4	276	1	1	b22:hmf_coarse:H64-M16-F4:148	hmf_coarse	false	
b22:HMF:h276:m14	b22	HMF	H64-M16-F4	276	14	1	b22:hmf_refine:H64-M16-F4:234	hmf_refine	false	
b22:HMF:h276:m21	b22	HMF	H64-M16-F4	276	21	1	b22:hmf_coarse:H64-M16-F4:149	hmf_coarse	false	
b22:HMF:h276:m27	b22	HMF	H64-M16-F4	276	27	1	b22:hmf_refine:H64-M16-F4:243	hmf_refine	false	
b22:HMF:h276:m34	b22	HMF	H64-M16-F4	276	34	1	b22:hmf_refine:H64-M16-F4:251	hmf_refine	false	
b22:HMF:h276:m36	b22	HMF	H64-M16-F4	276	36	1	b22:hmf_refine:H64-M16-F4:86	hmf_refine	false	
b22:HMF:h276:m37	b22	HMF	H64-M16-F4	276	37	1	b22:hmf_refine:H64-M16-F4:259	hmf_refine	false	
b22:HMF:h276:m39	b22	HMF	H64-M16-F4	276	39	1	b22:hmf_refine:H64-M16-F4:267	hmf_refine	false	
b22:HMF:h276:m41	b22	HMF	H64-M16-F4	276	41	2	b22:hmf_coarse:H64-M16-F4:150|b22:hmf_refine:H64-M16-F4:235	hmf_coarse|hmf_refine	false	
b22:HMF:h276:m43	b22	HMF	H64-M16-F4	276	43	1	b22:hmf_refine:H64-M16-F4:268	hmf_refine	false	
b22:HMF:h276:m45	b22	HMF	H64-M16-F4	276	45	1	b22:hmf_refine:H64-M16-F4:260	hmf_refine	false	
b22:HMF:h276:m48	b22	HMF	H64-M16-F4	276	48	1	b22:hmf_refine:H64-M16-F4:252	hmf_refine	false	
b22:HMF:h278:m31	b22	HMF	H64-M16-F4	278	31	1	b22:hmf_refine:H64-M16-F4:299	hmf_refine	false	
b22:HMF:h278:m36	b22	HMF	H64-M16-F4	278	36	1	b22:hmf_refine:H64-M16-F4:300	hmf_refine	false	
b22:HMF:h278:m41	b22	HMF	H64-M16-F4	278	41	1	b22:hmf_refine:H64-M16-F4:301	hmf_refine	false	
b22:HMF:h278:m46	b22	HMF	H64-M16-F4	278	46	1	b22:hmf_refine:H64-M16-F4:302	hmf_refine	false	
b22:HMF:h279:m39	b22	HMF	H64-M16-F4	279	39	1	b22:hmf_refine:H64-M16-F4:269	hmf_refine	false	
b22:HMF:h279:m41	b22	HMF	H64-M16-F4	279	41	1	b22:hmf_refine:H64-M16-F4:270	hmf_refine	false	
b22:HMF:h279:m43	b22	HMF	H64-M16-F4	279	43	1	b22:hmf_refine:H64-M16-F4:271	hmf_refine	false	
b22:HMF:h281:m37	b22	HMF	H64-M16-F4	281	37	1	b22:hmf_refine:H64-M16-F4:261	hmf_refine	false	
b22:HMF:h281:m41	b22	HMF	H64-M16-F4	281	41	1	b22:hmf_refine:H64-M16-F4:262	hmf_refine	false	
b22:HMF:h281:m45	b22	HMF	H64-M16-F4	281	45	1	b22:hmf_refine:H64-M16-F4:263	hmf_refine	false	
b22:HMF:h283:m31	b22	HMF	H64-M16-F4	283	31	1	b22:hmf_refine:H64-M16-F4:304	hmf_refine	false	
b22:HMF:h283:m36	b22	HMF	H64-M16-F4	283	36	1	b22:hmf_refine:H64-M16-F4:305	hmf_refine	false	
b22:HMF:h283:m41	b22	HMF	H64-M16-F4	283	41	1	b22:hmf_refine:H64-M16-F4:306	hmf_refine	false	
b22:HMF:h286:m34	b22	HMF	H64-M16-F4	286	34	1	b22:hmf_refine:H64-M16-F4:253	hmf_refine	false	
b22:HMF:h286:m41	b22	HMF	H64-M16-F4	286	41	1	b22:hmf_refine:H64-M16-F4:254	hmf_refine	false	
b22:HMF:h296:m27	b22	HMF	H64-M16-F4	296	27	1	b22:hmf_refine:H64-M16-F4:245	hmf_refine	false	
b22:HMF:h296:m41	b22	HMF	H64-M16-F4	296	41	1	b22:hmf_refine:H64-M16-F4:246	hmf_refine	false	
b22:HMF:h315:m14	b22	HMF	H64-M16-F4	315	14	1	b22:hmf_refine:H64-M16-F4:237	hmf_refine	false	
b22:HMF:h315:m41	b22	HMF	H64-M16-F4	315	41	1	b22:hmf_refine:H64-M16-F4:238	hmf_refine	false	
b22:HMF:h316:m1	b22	HMF	H64-M16-F4	316	1	1	b22:hmf_coarse:H64-M16-F4:169	hmf_coarse	false	
b22:HMF:h316:m20	b22	HMF	H64-M16-F4	316	20	1	b22:hmf_coarse:H64-M16-F4:170	hmf_coarse	false	
b22:HMF:h316:m41	b22	HMF	H64-M16-F4	316	41	1	b22:hmf_coarse:H64-M16-F4:171	hmf_coarse	false	
b22:HMF:h355:m1	b22	HMF	H64-M16-F4	355	1	1	b22:hmf_coarse:H64-M16-F4:190	hmf_coarse	false	
b22:HMF:h355:m20	b22	HMF	H64-M16-F4	355	20	1	b22:hmf_coarse:H64-M16-F4:191	hmf_coarse	false	
b22:HMF:h39:m1	b22	HMF	H64-M16-F4	39	1	1	b22:hmf_coarse:H64-M16-F4:22	hmf_coarse	false	
b22:HMF:h39:m104	b22	HMF	H64-M16-F4	39	104	1	b22:hmf_refine:H64-M16-F4:309	hmf_refine	false	
b22:HMF:h39:m105	b22	HMF	H64-M16-F4	39	105	1	b22:hmf_coarse:H64-M16-F4:26	hmf_coarse	false	
b22:HMF:h39:m117	b22	HMF	H64-M16-F4	39	117	1	b22:hmf_refine:H64-M16-F4:318	hmf_refine	false	
b22:HMF:h39:m131	b22	HMF	H64-M16-F4	39	131	2	b22:hmf_coarse:H64-M16-F4:27|b22:hmf_refine:H64-M16-F4:310	hmf_coarse|hmf_refine	false	
b22:HMF:h39:m145	b22	HMF	H64-M16-F4	39	145	1	b22:hmf_refine:H64-M16-F4:319	hmf_refine	false	
b22:HMF:h39:m26	b22	HMF	H64-M16-F4	39	26	1	b22:hmf_coarse:H64-M16-F4:23	hmf_coarse	false	
b22:HMF:h39:m52	b22	HMF	H64-M16-F4	39	52	1	b22:hmf_coarse:H64-M16-F4:24	hmf_coarse	false	
b22:HMF:h39:m78	b22	HMF	H64-M16-F4	39	78	1	b22:hmf_coarse:H64-M16-F4:25	hmf_coarse	false	
b22:HMF:h395:m1	b22	HMF	H64-M16-F4	395	1	1	b22:hmf_coarse:H64-M16-F4:211	hmf_coarse	false	
b22:HMF:h395:m20	b22	HMF	H64-M16-F4	395	20	1	b22:hmf_coarse:H64-M16-F4:212	hmf_coarse	false	
b22:HMF:h434:m1	b22	HMF	H64-M16-F4	434	1	1	b22:hmf_coarse:H64-M16-F4:232	hmf_coarse	false	
b22:HMF:h434:m19	b22	HMF	H64-M16-F4	434	19	1	b22:hmf_coarse:H64-M16-F4:233	hmf_coarse	false	
b22:HMF:h473:m1	b22	HMF	H64-M16-F4	473	1	1	b22:hmf_coarse:H64-M16-F4:253	hmf_coarse	false	
b22:HMF:h473:m18	b22	HMF	H64-M16-F4	473	18	1	b22:hmf_coarse:H64-M16-F4:254	hmf_coarse	false	
b22:HMF:h49:m114	b22	HMF	H64-M16-F4	49	114	1	b22:hmf_refine:H64-M16-F4:360	hmf_refine	false	
b22:HMF:h49:m119	b22	HMF	H64-M16-F4	49	119	1	b22:hmf_refine:H64-M16-F4:361	hmf_refine	false	
b22:HMF:h49:m124	b22	HMF	H64-M16-F4	49	124	1	b22:hmf_refine:H64-M16-F4:323	hmf_refine	false	
b22:HMF:h49:m129	b22	HMF	H64-M16-F4	49	129	1	b22:hmf_refine:H64-M16-F4:362	hmf_refine	false	
b22:HMF:h49:m131	b22	HMF	H64-M16-F4	49	131	1	b22:hmf_refine:H64-M16-F4:324	hmf_refine	false	
b22:HMF:h49:m134	b22	HMF	H64-M16-F4	49	134	1	b22:hmf_refine:H64-M16-F4:363	hmf_refine	false	
b22:HMF:h49:m138	b22	HMF	H64-M16-F4	49	138	1	b22:hmf_refine:H64-M16-F4:325	hmf_refine	false	
b22:HMF:h513:m1	b22	HMF	H64-M16-F4	513	1	1	b22:hmf_coarse:H64-M16-F4:274	hmf_coarse	false	
b22:HMF:h513:m17	b22	HMF	H64-M16-F4	513	17	1	b22:hmf_coarse:H64-M16-F4:275	hmf_coarse	false	
b22:HMF:h54:m114	b22	HMF	H64-M16-F4	54	114	1	b22:hmf_refine:H64-M16-F4:364	hmf_refine	false	
b22:HMF:h54:m119	b22	HMF	H64-M16-F4	54	119	1	b22:hmf_refine:H64-M16-F4:365	hmf_refine	false	
b22:HMF:h54:m120	b22	HMF	H64-M16-F4	54	120	1	b22:hmf_refine:H64-M16-F4:331	hmf_refine	false	
b22:HMF:h54:m124	b22	HMF	H64-M16-F4	54	124	1	b22:hmf_refine:H64-M16-F4:332	hmf_refine	false	
b22:HMF:h54:m128	b22	HMF	H64-M16-F4	54	128	1	b22:hmf_refine:H64-M16-F4:333	hmf_refine	false	
b22:HMF:h54:m129	b22	HMF	H64-M16-F4	54	129	1	b22:hmf_refine:H64-M16-F4:366	hmf_refine	false	
b22:HMF:h54:m134	b22	HMF	H64-M16-F4	54	134	1	b22:hmf_refine:H64-M16-F4:367	hmf_refine	false	
b22:HMF:h552:m1	b22	HMF	H64-M16-F4	552	1	1	b22:hmf_coarse:H64-M16-F4:295	hmf_coarse	false	
b22:HMF:h56:m122	b22	HMF	H64-M16-F4	56	122	1	b22:hmf_refine:H64-M16-F4:339	hmf_refine	false	
b22:HMF:h56:m124	b22	HMF	H64-M16-F4	56	124	1	b22:hmf_refine:H64-M16-F4:340	hmf_refine	false	
b22:HMF:h56:m126	b22	HMF	H64-M16-F4	56	126	1	b22:hmf_refine:H64-M16-F4:341	hmf_refine	false	
b22:HMF:h57:m123	b22	HMF	H64-M16-F4	57	123	1	b22:hmf_refine:H64-M16-F4:346	hmf_refine	false	
b22:HMF:h57:m124	b22	HMF	H64-M16-F4	57	124	1	b22:hmf_refine:H64-M16-F4:347	hmf_refine	false	
b22:HMF:h57:m125	b22	HMF	H64-M16-F4	57	125	1	b22:hmf_refine:H64-M16-F4:348	hmf_refine	false	
b22:HMF:h58:m123	b22	HMF	H64-M16-F4	58	123	1	b22:hmf_refine:H64-M16-F4:354	hmf_refine	false	
b22:HMF:h58:m124	b22	HMF	H64-M16-F4	58	124	1	b22:hmf_refine:H64-M16-F4:355	hmf_refine	false	
b22:HMF:h58:m125	b22	HMF	H64-M16-F4	58	125	1	b22:hmf_refine:H64-M16-F4:356	hmf_refine	false	
b22:HMF:h59:m108	b22	HMF	H64-M16-F4	59	108	1	b22:hmf_refine:H64-M16-F4:164	hmf_refine	false	
b22:HMF:h59:m114	b22	HMF	H64-M16-F4	59	114	1	b22:hmf_refine:H64-M16-F4:368	hmf_refine	false	
b22:HMF:h59:m117	b22	HMF	H64-M16-F4	59	117	1	b22:hmf_refine:H64-M16-F4:320	hmf_refine	false	
b22:HMF:h59:m119	b22	HMF	H64-M16-F4	59	119	1	b22:hmf_refine:H64-M16-F4:369	hmf_refine	false	
b22:HMF:h59:m120	b22	HMF	H64-M16-F4	59	120	1	b22:hmf_refine:H64-M16-F4:334	hmf_refine	false	
b22:HMF:h59:m122	b22	HMF	H64-M16-F4	59	122	1	b22:hmf_refine:H64-M16-F4:165	hmf_refine	false	
b22:HMF:h59:m123	b22	HMF	H64-M16-F4	59	123	1	b22:hmf_refine:H64-M16-F4:349	hmf_refine	false	
b22:HMF:h59:m124	b22	HMF	H64-M16-F4	59	124	1	b22:hmf_refine:H64-M16-F4:326	hmf_refine	false	
b22:HMF:h59:m125	b22	HMF	H64-M16-F4	59	125	1	b22:hmf_refine:H64-M16-F4:350	hmf_refine	false	
b22:HMF:h59:m126	b22	HMF	H64-M16-F4	59	126	1	b22:hmf_refine:H64-M16-F4:342	hmf_refine	false	
b22:HMF:h59:m128	b22	HMF	H64-M16-F4	59	128	1	b22:hmf_refine:H64-M16-F4:335	hmf_refine	false	
b22:HMF:h59:m129	b22	HMF	H64-M16-F4	59	129	1	b22:hmf_refine:H64-M16-F4:370	hmf_refine	false	
b22:HMF:h59:m131	b22	HMF	H64-M16-F4	59	131	1	b22:hmf_refine:H64-M16-F4:321	hmf_refine	false	
b22:HMF:h59:m134	b22	HMF	H64-M16-F4	59	134	1	b22:hmf_refine:H64-M16-F4:371	hmf_refine	false	
b22:HMF:h59:m136	b22	HMF	H64-M16-F4	59	136	1	b22:hmf_refine:H64-M16-F4:166	hmf_refine	false	
b22:HMF:h592:m1	b22	HMF	H64-M16-F4	592	1	1	b22:hmf_coarse:H64-M16-F4:316	hmf_coarse	false	
b22:HMF:h60:m123	b22	HMF	H64-M16-F4	60	123	1	b22:hmf_refine:H64-M16-F4:357	hmf_refine	false	
b22:HMF:h60:m124	b22	HMF	H64-M16-F4	60	124	1	b22:hmf_refine:H64-M16-F4:358	hmf_refine	false	
b22:HMF:h60:m125	b22	HMF	H64-M16-F4	60	125	1	b22:hmf_refine:H64-M16-F4:359	hmf_refine	false	
b22:HMF:h61:m123	b22	HMF	H64-M16-F4	61	123	1	b22:hmf_refine:H64-M16-F4:351	hmf_refine	false	
b22:HMF:h61:m124	b22	HMF	H64-M16-F4	61	124	1	b22:hmf_refine:H64-M16-F4:352	hmf_refine	false	
b22:HMF:h61:m125	b22	HMF	H64-M16-F4	61	125	1	b22:hmf_refine:H64-M16-F4:353	hmf_refine	false	
b22:HMF:h62:m122	b22	HMF	H64-M16-F4	62	122	1	b22:hmf_refine:H64-M16-F4:343	hmf_refine	false	
b22:HMF:h62:m124	b22	HMF	H64-M16-F4	62	124	1	b22:hmf_refine:H64-M16-F4:344	hmf_refine	false	
b22:HMF:h62:m126	b22	HMF	H64-M16-F4	62	126	1	b22:hmf_refine:H64-M16-F4:345	hmf_refine	false	
b22:HMF:h631:m1	b22	HMF	H64-M16-F4	631	1	1	b22:hmf_coarse:H64-M16-F4:337	hmf_coarse	false	
b22:HMF:h64:m114	b22	HMF	H64-M16-F4	64	114	1	b22:hmf_refine:H64-M16-F4:372	hmf_refine	false	
b22:HMF:h64:m119	b22	HMF	H64-M16-F4	64	119	1	b22:hmf_refine:H64-M16-F4:373	hmf_refine	false	
b22:HMF:h64:m120	b22	HMF	H64-M16-F4	64	120	1	b22:hmf_refine:H64-M16-F4:336	hmf_refine	false	
b22:HMF:h64:m124	b22	HMF	H64-M16-F4	64	124	1	b22:hmf_refine:H64-M16-F4:337	hmf_refine	false	
b22:HMF:h64:m128	b22	HMF	H64-M16-F4	64	128	1	b22:hmf_refine:H64-M16-F4:338	hmf_refine	false	
b22:HMF:h64:m129	b22	HMF	H64-M16-F4	64	129	1	b22:hmf_refine:H64-M16-F4:374	hmf_refine	false	
b22:HMF:h64:m134	b22	HMF	H64-M16-F4	64	134	1	b22:hmf_refine:H64-M16-F4:375	hmf_refine	false	
b22:HMF:h671:m1	b22	HMF	H64-M16-F4	671	1	1	b22:hmf_coarse:H64-M16-F4:358	hmf_coarse	false	
b22:HMF:h69:m114	b22	HMF	H64-M16-F4	69	114	1	b22:hmf_refine:H64-M16-F4:376	hmf_refine	false	
b22:HMF:h69:m119	b22	HMF	H64-M16-F4	69	119	1	b22:hmf_refine:H64-M16-F4:377	hmf_refine	false	
b22:HMF:h69:m124	b22	HMF	H64-M16-F4	69	124	1	b22:hmf_refine:H64-M16-F4:328	hmf_refine	false	
b22:HMF:h69:m129	b22	HMF	H64-M16-F4	69	129	1	b22:hmf_refine:H64-M16-F4:378	hmf_refine	false	
b22:HMF:h69:m131	b22	HMF	H64-M16-F4	69	131	1	b22:hmf_refine:H64-M16-F4:329	hmf_refine	false	
b22:HMF:h69:m134	b22	HMF	H64-M16-F4	69	134	1	b22:hmf_refine:H64-M16-F4:379	hmf_refine	false	
b22:HMF:h69:m138	b22	HMF	H64-M16-F4	69	138	1	b22:hmf_refine:H64-M16-F4:330	hmf_refine	false	
b22:HMF:h710:m1	b22	HMF	H64-M16-F4	710	1	1	b22:hmf_coarse:H64-M16-F4:379	hmf_coarse	false	
b22:HMF:h750:m1	b22	HMF	H64-M16-F4	750	1	1	b22:hmf_coarse:H64-M16-F4:400	hmf_coarse	false	
b22:HMF:h78:m104	b22	HMF	H64-M16-F4	78	104	1	b22:hmf_refine:H64-M16-F4:312	hmf_refine	false	
b22:HMF:h789:m1	b22	HMF	H64-M16-F4	789	1	1	b22:hmf_coarse:H64-M16-F4:421	hmf_coarse	false	
b22:HMF:h79:m1	b22	HMF	H64-M16-F4	79	1	1	b22:hmf_coarse:H64-M16-F4:43	hmf_coarse	false	
b22:HMF:h79:m108	b22	HMF	H64-M16-F4	79	108	1	b22:hmf_refine:H64-M16-F4:167	hmf_refine	false	
b22:HMF:h79:m121	b22	HMF	H64-M16-F4	79	121	1	b22:hmf_coarse:H64-M16-F4:48	hmf_coarse	false	
b22:HMF:h79:m122	b22	HMF	H64-M16-F4	79	122	1	b22:hmf_refine:H64-M16-F4:157	hmf_refine	false	
b22:HMF:h79:m24	b22	HMF	H64-M16-F4	79	24	1	b22:hmf_coarse:H64-M16-F4:44	hmf_coarse	false	
b22:HMF:h79:m48	b22	HMF	H64-M16-F4	79	48	1	b22:hmf_coarse:H64-M16-F4:45	hmf_coarse	false	
b22:HMF:h79:m68	b22	HMF	H64-M16-F4	79	68	1	b22:hmf_refine:H64-M16-F4:155	hmf_refine	false	
b22:HMF:h79:m73	b22	HMF	H64-M16-F4	79	73	1	b22:hmf_coarse:H64-M16-F4:46	hmf_coarse	false	
b22:HMF:h79:m95	b22	HMF	H64-M16-F4	79	95	1	b22:hmf_refine:H64-M16-F4:156	hmf_refine	false	
b22:HMF:h79:m97	b22	HMF	H64-M16-F4	79	97	1	b22:hmf_coarse:H64-M16-F4:47	hmf_coarse	false	
b22:HMF:h89:m101	b22	HMF	H64-M16-F4	89	101	1	b22:hmf_refine:H64-M16-F4:172	hmf_refine	false	
b22:HMF:h89:m106	b22	HMF	H64-M16-F4	89	106	1	b22:hmf_refine:H64-M16-F4:211	hmf_refine	false	
b22:HMF:h89:m108	b22	HMF	H64-M16-F4	89	108	1	b22:hmf_refine:H64-M16-F4:173	hmf_refine	false	
b22:HMF:h89:m111	b22	HMF	H64-M16-F4	89	111	1	b22:hmf_refine:H64-M16-F4:212	hmf_refine	false	
b22:HMF:h89:m115	b22	HMF	H64-M16-F4	89	115	1	b22:hmf_refine:H64-M16-F4:174	hmf_refine	false	
b22:HMF:h89:m116	b22	HMF	H64-M16-F4	89	116	1	b22:hmf_refine:H64-M16-F4:213	hmf_refine	false	
b22:HMF:h89:m96	b22	HMF	H64-M16-F4	89	96	1	b22:hmf_refine:H64-M16-F4:210	hmf_refine	false	
b22:HMF:h94:m101	b22	HMF	H64-M16-F4	94	101	1	b22:hmf_refine:H64-M16-F4:215	hmf_refine	false	
b22:HMF:h94:m104	b22	HMF	H64-M16-F4	94	104	1	b22:hmf_refine:H64-M16-F4:180	hmf_refine	false	
b22:HMF:h94:m106	b22	HMF	H64-M16-F4	94	106	1	b22:hmf_refine:H64-M16-F4:216	hmf_refine	false	
b22:HMF:h94:m108	b22	HMF	H64-M16-F4	94	108	1	b22:hmf_refine:H64-M16-F4:181	hmf_refine	false	
b22:HMF:h94:m111	b22	HMF	H64-M16-F4	94	111	1	b22:hmf_refine:H64-M16-F4:217	hmf_refine	false	
b22:HMF:h94:m112	b22	HMF	H64-M16-F4	94	112	1	b22:hmf_refine:H64-M16-F4:182	hmf_refine	false	
b22:HMF:h94:m116	b22	HMF	H64-M16-F4	94	116	1	b22:hmf_refine:H64-M16-F4:218	hmf_refine	false	
b22:HMF:h94:m96	b22	HMF	H64-M16-F4	94	96	1	b22:hmf_refine:H64-M16-F4:214	hmf_refine	false	
b22:HMF:h96:m102	b22	HMF	H64-M16-F4	96	102	1	b22:hmf_refine:H64-M16-F4:188	hmf_refine	false	
b22:HMF:h96:m104	b22	HMF	H64-M16-F4	96	104	1	b22:hmf_refine:H64-M16-F4:189	hmf_refine	false	
b22:HMF:h96:m106	b22	HMF	H64-M16-F4	96	106	1	b22:hmf_refine:H64-M16-F4:190	hmf_refine	false	
b22:HMF:h97:m105	b22	HMF	H64-M16-F4	97	105	1	b22:hmf_refine:H64-M16-F4:196	hmf_refine	false	
b22:HMF:h97:m106	b22	HMF	H64-M16-F4	97	106	1	b22:hmf_refine:H64-M16-F4:197	hmf_refine	false	
b22:HMF:h97:m107	b22	HMF	H64-M16-F4	97	107	1	b22:hmf_refine:H64-M16-F4:198	hmf_refine	false	
b22:HMF:h98:m105	b22	HMF	H64-M16-F4	98	105	1	b22:hmf_refine:H64-M16-F4:204	hmf_refine	false	
b22:HMF:h98:m106	b22	HMF	H64-M16-F4	98	106	1	b22:hmf_refine:H64-M16-F4:205	hmf_refine	false	
b22:HMF:h98:m107	b22	HMF	H64-M16-F4	98	107	1	b22:hmf_refine:H64-M16-F4:206	hmf_refine	false	
b22:HMF:h99:m101	b22	HMF	H64-M16-F4	99	101	1	b22:hmf_refine:H64-M16-F4:175	hmf_refine	false	
b22:HMF:h99:m102	b22	HMF	H64-M16-F4	99	102	1	b22:hmf_refine:H64-M16-F4:191	hmf_refine	false	
b22:HMF:h99:m104	b22	HMF	H64-M16-F4	99	104	1	b22:hmf_refine:H64-M16-F4:183	hmf_refine	false	
b22:HMF:h99:m105	b22	HMF	H64-M16-F4	99	105	1	b22:hmf_refine:H64-M16-F4:199	hmf_refine	false	
b22:HMF:h99:m106	b22	HMF	H64-M16-F4	99	106	1	b22:hmf_refine:H64-M16-F4:192	hmf_refine	false	
b22:HMF:h99:m107	b22	HMF	H64-M16-F4	99	107	1	b22:hmf_refine:H64-M16-F4:200	hmf_refine	false	
b22:HMF:h99:m108	b22	HMF	H64-M16-F4	99	108	1	b22:hmf_refine:H64-M16-F4:169	hmf_refine	false	
b22:HMF:h99:m111	b22	HMF	H64-M16-F4	99	111	1	b22:hmf_refine:H64-M16-F4:220	hmf_refine	false	
b22:HMF:h99:m112	b22	HMF	H64-M16-F4	99	112	1	b22:hmf_refine:H64-M16-F4:184	hmf_refine	false	
b22:HMF:h99:m115	b22	HMF	H64-M16-F4	99	115	1	b22:hmf_refine:H64-M16-F4:176	hmf_refine	false	
b22:HMF:h99:m96	b22	HMF	H64-M16-F4	99	96	1	b22:hmf_refine:H64-M16-F4:219	hmf_refine	false	
spi:HF:h1	spi	HF	H64-F4	1		1	spi:hf_coarse:H64-F4:1	hf_coarse	false	
spi:HF:h106	spi	HF	H64-F4	106		1	spi:hf_coarse:H64-F4:10	hf_coarse	false	
spi:HF:h118	spi	HF	H64-F4	118		1	spi:hf_coarse:H64-F4:11	hf_coarse	false	
spi:HF:h12	spi	HF	H64-F4	12		1	spi:hf_coarse:H64-F4:2	hf_coarse	false	
spi:HF:h129	spi	HF	H64-F4	129		1	spi:hf_coarse:H64-F4:12	hf_coarse	false	
spi:HF:h141	spi	HF	H64-F4	141		1	spi:hf_coarse:H64-F4:13	hf_coarse	false	
spi:HF:h149	spi	HF	H64-F4	149		1	spi:hf_refine:H64-F4:45	hf_refine	false	
spi:HF:h153	spi	HF	H64-F4	153		2	spi:hf_coarse:H64-F4:14|spi:hf_refine:H64-F4:34	hf_coarse|hf_refine	false	
spi:HF:h154	spi	HF	H64-F4	154		1	spi:hf_refine:H64-F4:46	hf_refine	false	
spi:HF:h156	spi	HF	H64-F4	156		1	spi:hf_refine:H64-F4:39	hf_refine	false	
spi:HF:h157	spi	HF	H64-F4	157		1	spi:hf_refine:H64-F4:41	hf_refine	false	
spi:HF:h158	spi	HF	H64-F4	158		1	spi:hf_refine:H64-F4:43	hf_refine	false	
spi:HF:h159	spi	HF	H64-F4	159		1	spi:hf_refine:H64-F4:37	hf_refine	false	
spi:HF:h160	spi	HF	H64-F4	160		1	spi:hf_refine:H64-F4:44	hf_refine	false	
spi:HF:h161	spi	HF	H64-F4	161		1	spi:hf_refine:H64-F4:42	hf_refine	false	
spi:HF:h162	spi	HF	H64-F4	162		1	spi:hf_refine:H64-F4:40	hf_refine	false	
spi:HF:h164	spi	HF	H64-F4	164		1	spi:hf_refine:H64-F4:47	hf_refine	false	
spi:HF:h165	spi	HF	H64-F4	165		2	spi:hf_coarse:H64-F4:15|spi:hf_refine:H64-F4:35	hf_coarse|hf_refine	false	
spi:HF:h169	spi	HF	H64-F4	169		1	spi:hf_refine:H64-F4:48	hf_refine	false	
spi:HF:h171	spi	HF	H64-F4	171		1	spi:hf_refine:H64-F4:38	hf_refine	false	
spi:HF:h176	spi	HF	H64-F4	176		2	spi:hf_coarse:H64-F4:16|spi:hf_refine:H64-F4:22	hf_coarse|hf_refine	false	
spi:HF:h177	spi	HF	H64-F4	177		1	spi:hf_refine:H64-F4:36	hf_refine	false	
spi:HF:h184	spi	HF	H64-F4	184		1	spi:hf_refine:H64-F4:30	hf_refine	false	
spi:HF:h188	spi	HF	H64-F4	188		2	spi:hf_coarse:H64-F4:17|spi:hf_refine:H64-F4:9	hf_coarse|hf_refine	false	
spi:HF:h189	spi	HF	H64-F4	189		1	spi:hf_refine:H64-F4:31	hf_refine	false	
spi:HF:h191	spi	HF	H64-F4	191		1	spi:hf_refine:H64-F4:24	hf_refine	false	
spi:HF:h192	spi	HF	H64-F4	192		1	spi:hf_refine:H64-F4:26	hf_refine	false	
spi:HF:h193	spi	HF	H64-F4	193		1	spi:hf_refine:H64-F4:28	hf_refine	false	
spi:HF:h194	spi	HF	H64-F4	194		1	spi:hf_refine:H64-F4:23	hf_refine	false	
spi:HF:h195	spi	HF	H64-F4	195		1	spi:hf_refine:H64-F4:29	hf_refine	false	
spi:HF:h196	spi	HF	H64-F4	196		1	spi:hf_refine:H64-F4:27	hf_refine	false	
spi:HF:h197	spi	HF	H64-F4	197		1	spi:hf_refine:H64-F4:25	hf_refine	false	
spi:HF:h199	spi	HF	H64-F4	199		1	spi:hf_refine:H64-F4:32	hf_refine	false	
spi:HF:h200	spi	HF	H64-F4	200		2	spi:hf_coarse:H64-F4:18|spi:hf_refine:H64-F4:10	hf_coarse|hf_refine	false	
spi:HF:h204	spi	HF	H64-F4	204		1	spi:hf_refine:H64-F4:33	hf_refine	false	
spi:HF:h206	spi	HF	H64-F4	206		1	spi:hf_refine:H64-F4:12	hf_refine	false	
spi:HF:h208	spi	HF	H64-F4	208		1	spi:hf_refine:H64-F4:20	hf_refine	false	
spi:HF:h211	spi	HF	H64-F4	211		1	spi:hf_refine:H64-F4:8	hf_refine	false	
spi:HF:h212	spi	HF	H64-F4	212		2	spi:hf_coarse:H64-F4:19|spi:hf_refine:H64-F4:11	hf_coarse|hf_refine	false	
spi:HF:h213	spi	HF	H64-F4	213		1	spi:hf_refine:H64-F4:21	hf_refine	false	
spi:HF:h215	spi	HF	H64-F4	215		1	spi:hf_refine:H64-F4:14	hf_refine	false	
spi:HF:h216	spi	HF	H64-F4	216		1	spi:hf_refine:H64-F4:16	hf_refine	false	
spi:HF:h217	spi	HF	H64-F4	217		1	spi:hf_refine:H64-F4:18	hf_refine	false	
spi:HF:h218	spi	HF	H64-F4	218		1	spi:hf_refine:H64-F4:13	hf_refine	false	
spi:HF:h219	spi	HF	H64-F4	219		1	spi:hf_refine:H64-F4:19	hf_refine	false	
spi:HF:h220	spi	HF	H64-F4	220		1	spi:hf_refine:H64-F4:17	hf_refine	false	
spi:HF:h221	spi	HF	H64-F4	221		1	spi:hf_refine:H64-F4:15	hf_refine	false	
spi:HF:h223	spi	HF	H64-F4	223		2	spi:hf_coarse:H64-F4:20|spi:hf_refine:H64-F4:1	hf_coarse|hf_refine	false	
spi:HF:h228	spi	HF	H64-F4	228		1	spi:hf_refine:H64-F4:7	hf_refine	false	
spi:HF:h229	spi	HF	H64-F4	229		1	spi:hf_refine:H64-F4:3	hf_refine	false	
spi:HF:h232	spi	HF	H64-F4	232		1	spi:hf_refine:H64-F4:4	hf_refine	false	
spi:HF:h233	spi	HF	H64-F4	233		1	spi:hf_refine:H64-F4:5	hf_refine	false	
spi:HF:h234	spi	HF	H64-F4	234		1	spi:hf_refine:H64-F4:6	hf_refine	false	
spi:HF:h235	spi	HF	H64-F4	235		2	spi:hf_coarse:H64-F4:21|spi:hf_refine:H64-F4:2	hf_coarse|hf_refine	false	
spi:HF:h24	spi	HF	H64-F4	24		1	spi:hf_coarse:H64-F4:3	hf_coarse	false	
spi:HF:h35	spi	HF	H64-F4	35		1	spi:hf_coarse:H64-F4:4	hf_coarse	false	
spi:HF:h47	spi	HF	H64-F4	47		1	spi:hf_coarse:H64-F4:5	hf_coarse	false	
spi:HF:h59	spi	HF	H64-F4	59		1	spi:hf_coarse:H64-F4:6	hf_coarse	false	
spi:HF:h71	spi	HF	H64-F4	71		1	spi:hf_coarse:H64-F4:7	hf_coarse	false	
spi:HF:h82	spi	HF	H64-F4	82		1	spi:hf_coarse:H64-F4:8	hf_coarse	false	
spi:HF:h94	spi	HF	H64-F4	94		1	spi:hf_coarse:H64-F4:9	hf_coarse	false	
spi:HMF:h1:m1	spi	HMF	H64-M16-F4	1	1	1	spi:hmf_coarse:H64-M16-F4:1	hmf_coarse	false	
spi:HMF:h1:m102	spi	HMF	H64-M16-F4	1	102	1	spi:hmf_coarse:H64-M16-F4:8	hmf_coarse	false	
spi:HMF:h1:m116	spi	HMF	H64-M16-F4	1	116	1	spi:hmf_coarse:H64-M16-F4:9	hmf_coarse	false	
spi:HMF:h1:m131	spi	HMF	H64-M16-F4	1	131	1	spi:hmf_coarse:H64-M16-F4:10	hmf_coarse	false	
spi:HMF:h1:m145	spi	HMF	H64-M16-F4	1	145	1	spi:hmf_coarse:H64-M16-F4:11	hmf_coarse	false	
spi:HMF:h1:m15	spi	HMF	H64-M16-F4	1	15	1	spi:hmf_coarse:H64-M16-F4:2	hmf_coarse	false	
spi:HMF:h1:m160	spi	HMF	H64-M16-F4	1	160	1	spi:hmf_coarse:H64-M16-F4:12	hmf_coarse	false	
spi:HMF:h1:m174	spi	HMF	H64-M16-F4	1	174	1	spi:hmf_coarse:H64-M16-F4:13	hmf_coarse	false	
spi:HMF:h1:m189	spi	HMF	H64-M16-F4	1	189	1	spi:hmf_coarse:H64-M16-F4:14	hmf_coarse	false	
spi:HMF:h1:m203	spi	HMF	H64-M16-F4	1	203	1	spi:hmf_coarse:H64-M16-F4:15	hmf_coarse	false	
spi:HMF:h1:m218	spi	HMF	H64-M16-F4	1	218	1	spi:hmf_coarse:H64-M16-F4:16	hmf_coarse	false	
spi:HMF:h1:m232	spi	HMF	H64-M16-F4	1	232	1	spi:hmf_coarse:H64-M16-F4:17	hmf_coarse	false	
spi:HMF:h1:m247	spi	HMF	H64-M16-F4	1	247	1	spi:hmf_coarse:H64-M16-F4:18	hmf_coarse	false	
spi:HMF:h1:m261	spi	HMF	H64-M16-F4	1	261	1	spi:hmf_coarse:H64-M16-F4:19	hmf_coarse	false	
spi:HMF:h1:m276	spi	HMF	H64-M16-F4	1	276	1	spi:hmf_coarse:H64-M16-F4:20	hmf_coarse	false	
spi:HMF:h1:m29	spi	HMF	H64-M16-F4	1	29	1	spi:hmf_coarse:H64-M16-F4:3	hmf_coarse	false	
spi:HMF:h1:m290	spi	HMF	H64-M16-F4	1	290	1	spi:hmf_coarse:H64-M16-F4:21	hmf_coarse	false	
spi:HMF:h1:m44	spi	HMF	H64-M16-F4	1	44	1	spi:hmf_coarse:H64-M16-F4:4	hmf_coarse	false	
spi:HMF:h1:m58	spi	HMF	H64-M16-F4	1	58	1	spi:hmf_coarse:H64-M16-F4:5	hmf_coarse	false	
spi:HMF:h1:m73	spi	HMF	H64-M16-F4	1	73	1	spi:hmf_coarse:H64-M16-F4:6	hmf_coarse	false	
spi:HMF:h1:m87	spi	HMF	H64-M16-F4	1	87	1	spi:hmf_coarse:H64-M16-F4:7	hmf_coarse	false	
spi:HMF:h106:m1	spi	HMF	H64-M16-F4	106	1	1	spi:hmf_coarse:H64-M16-F4:190	hmf_coarse	false	
spi:HMF:h106:m107	spi	HMF	H64-M16-F4	106	107	1	spi:hmf_coarse:H64-M16-F4:200	hmf_coarse	false	
spi:HMF:h106:m11	spi	HMF	H64-M16-F4	106	11	1	spi:hmf_coarse:H64-M16-F4:191	hmf_coarse	false	
spi:HMF:h106:m118	spi	HMF	H64-M16-F4	106	118	1	spi:hmf_coarse:H64-M16-F4:201	hmf_coarse	false	
spi:HMF:h106:m128	spi	HMF	H64-M16-F4	106	128	1	spi:hmf_coarse:H64-M16-F4:202	hmf_coarse	false	
spi:HMF:h106:m139	spi	HMF	H64-M16-F4	106	139	1	spi:hmf_coarse:H64-M16-F4:203	hmf_coarse	false	
spi:HMF:h106:m150	spi	HMF	H64-M16-F4	106	150	1	spi:hmf_coarse:H64-M16-F4:204	hmf_coarse	false	
spi:HMF:h106:m161	spi	HMF	H64-M16-F4	106	161	1	spi:hmf_coarse:H64-M16-F4:205	hmf_coarse	false	
spi:HMF:h106:m171	spi	HMF	H64-M16-F4	106	171	1	spi:hmf_coarse:H64-M16-F4:206	hmf_coarse	false	
spi:HMF:h106:m182	spi	HMF	H64-M16-F4	106	182	1	spi:hmf_coarse:H64-M16-F4:207	hmf_coarse	false	
spi:HMF:h106:m193	spi	HMF	H64-M16-F4	106	193	1	spi:hmf_coarse:H64-M16-F4:208	hmf_coarse	false	
spi:HMF:h106:m203	spi	HMF	H64-M16-F4	106	203	1	spi:hmf_coarse:H64-M16-F4:209	hmf_coarse	false	
spi:HMF:h106:m21	spi	HMF	H64-M16-F4	106	21	1	spi:hmf_coarse:H64-M16-F4:192	hmf_coarse	false	
spi:HMF:h106:m214	spi	HMF	H64-M16-F4	106	214	1	spi:hmf_coarse:H64-M16-F4:210	hmf_coarse	false	
spi:HMF:h106:m32	spi	HMF	H64-M16-F4	106	32	1	spi:hmf_coarse:H64-M16-F4:193	hmf_coarse	false	
spi:HMF:h106:m43	spi	HMF	H64-M16-F4	106	43	1	spi:hmf_coarse:H64-M16-F4:194	hmf_coarse	false	
spi:HMF:h106:m54	spi	HMF	H64-M16-F4	106	54	1	spi:hmf_coarse:H64-M16-F4:195	hmf_coarse	false	
spi:HMF:h106:m64	spi	HMF	H64-M16-F4	106	64	1	spi:hmf_coarse:H64-M16-F4:196	hmf_coarse	false	
spi:HMF:h106:m75	spi	HMF	H64-M16-F4	106	75	1	spi:hmf_coarse:H64-M16-F4:197	hmf_coarse	false	
spi:HMF:h106:m86	spi	HMF	H64-M16-F4	106	86	1	spi:hmf_coarse:H64-M16-F4:198	hmf_coarse	false	
spi:HMF:h106:m96	spi	HMF	H64-M16-F4	106	96	1	spi:hmf_coarse:H64-M16-F4:199	hmf_coarse	false	
spi:HMF:h118:m1	spi	HMF	H64-M16-F4	118	1	1	spi:hmf_coarse:H64-M16-F4:211	hmf_coarse	false	
spi:HMF:h118:m10	spi	HMF	H64-M16-F4	118	10	1	spi:hmf_coarse:H64-M16-F4:212	hmf_coarse	false	
spi:HMF:h118:m103	spi	HMF	H64-M16-F4	118	103	1	spi:hmf_coarse:H64-M16-F4:221	hmf_coarse	false	
spi:HMF:h118:m113	spi	HMF	H64-M16-F4	118	113	1	spi:hmf_coarse:H64-M16-F4:222	hmf_coarse	false	
spi:HMF:h118:m123	spi	HMF	H64-M16-F4	118	123	1	spi:hmf_coarse:H64-M16-F4:223	hmf_coarse	false	
spi:HMF:h118:m133	spi	HMF	H64-M16-F4	118	133	1	spi:hmf_coarse:H64-M16-F4:224	hmf_coarse	false	
spi:HMF:h118:m144	spi	HMF	H64-M16-F4	118	144	1	spi:hmf_coarse:H64-M16-F4:225	hmf_coarse	false	
spi:HMF:h118:m154	spi	HMF	H64-M16-F4	118	154	1	spi:hmf_coarse:H64-M16-F4:226	hmf_coarse	false	
spi:HMF:h118:m164	spi	HMF	H64-M16-F4	118	164	1	spi:hmf_coarse:H64-M16-F4:227	hmf_coarse	false	
spi:HMF:h118:m174	spi	HMF	H64-M16-F4	118	174	1	spi:hmf_coarse:H64-M16-F4:228	hmf_coarse	false	
spi:HMF:h118:m185	spi	HMF	H64-M16-F4	118	185	1	spi:hmf_coarse:H64-M16-F4:229	hmf_coarse	false	
spi:HMF:h118:m195	spi	HMF	H64-M16-F4	118	195	1	spi:hmf_coarse:H64-M16-F4:230	hmf_coarse	false	
spi:HMF:h118:m205	spi	HMF	H64-M16-F4	118	205	1	spi:hmf_coarse:H64-M16-F4:231	hmf_coarse	false	
spi:HMF:h118:m21	spi	HMF	H64-M16-F4	118	21	1	spi:hmf_coarse:H64-M16-F4:213	hmf_coarse	false	
spi:HMF:h118:m31	spi	HMF	H64-M16-F4	118	31	1	spi:hmf_coarse:H64-M16-F4:214	hmf_coarse	false	
spi:HMF:h118:m41	spi	HMF	H64-M16-F4	118	41	1	spi:hmf_coarse:H64-M16-F4:215	hmf_coarse	false	
spi:HMF:h118:m51	spi	HMF	H64-M16-F4	118	51	1	spi:hmf_coarse:H64-M16-F4:216	hmf_coarse	false	
spi:HMF:h118:m62	spi	HMF	H64-M16-F4	118	62	1	spi:hmf_coarse:H64-M16-F4:217	hmf_coarse	false	
spi:HMF:h118:m72	spi	HMF	H64-M16-F4	118	72	1	spi:hmf_coarse:H64-M16-F4:218	hmf_coarse	false	
spi:HMF:h118:m82	spi	HMF	H64-M16-F4	118	82	1	spi:hmf_coarse:H64-M16-F4:219	hmf_coarse	false	
spi:HMF:h118:m92	spi	HMF	H64-M16-F4	118	92	1	spi:hmf_coarse:H64-M16-F4:220	hmf_coarse	false	
spi:HMF:h12:m1	spi	HMF	H64-M16-F4	12	1	1	spi:hmf_coarse:H64-M16-F4:22	hmf_coarse	false	
spi:HMF:h12:m111	spi	HMF	H64-M16-F4	12	111	1	spi:hmf_coarse:H64-M16-F4:30	hmf_coarse	false	
spi:HMF:h12:m125	spi	HMF	H64-M16-F4	12	125	1	spi:hmf_coarse:H64-M16-F4:31	hmf_coarse	false	
spi:HMF:h12:m139	spi	HMF	H64-M16-F4	12	139	1	spi:hmf_coarse:H64-M16-F4:32	hmf_coarse	false	
spi:HMF:h12:m14	spi	HMF	H64-M16-F4	12	14	1	spi:hmf_coarse:H64-M16-F4:23	hmf_coarse	false	
spi:HMF:h12:m153	spi	HMF	H64-M16-F4	12	153	1	spi:hmf_coarse:H64-M16-F4:33	hmf_coarse	false	
spi:HMF:h12:m167	spi	HMF	H64-M16-F4	12	167	1	spi:hmf_coarse:H64-M16-F4:34	hmf_coarse	false	
spi:HMF:h12:m181	spi	HMF	H64-M16-F4	12	181	1	spi:hmf_coarse:H64-M16-F4:35	hmf_coarse	false	
spi:HMF:h12:m195	spi	HMF	H64-M16-F4	12	195	1	spi:hmf_coarse:H64-M16-F4:36	hmf_coarse	false	
spi:HMF:h12:m209	spi	HMF	H64-M16-F4	12	209	1	spi:hmf_coarse:H64-M16-F4:37	hmf_coarse	false	
spi:HMF:h12:m222	spi	HMF	H64-M16-F4	12	222	1	spi:hmf_coarse:H64-M16-F4:38	hmf_coarse	false	
spi:HMF:h12:m236	spi	HMF	H64-M16-F4	12	236	1	spi:hmf_coarse:H64-M16-F4:39	hmf_coarse	false	
spi:HMF:h12:m250	spi	HMF	H64-M16-F4	12	250	1	spi:hmf_coarse:H64-M16-F4:40	hmf_coarse	false	
spi:HMF:h12:m264	spi	HMF	H64-M16-F4	12	264	1	spi:hmf_coarse:H64-M16-F4:41	hmf_coarse	false	
spi:HMF:h12:m278	spi	HMF	H64-M16-F4	12	278	1	spi:hmf_coarse:H64-M16-F4:42	hmf_coarse	false	
spi:HMF:h12:m28	spi	HMF	H64-M16-F4	12	28	1	spi:hmf_coarse:H64-M16-F4:24	hmf_coarse	false	
spi:HMF:h12:m42	spi	HMF	H64-M16-F4	12	42	1	spi:hmf_coarse:H64-M16-F4:25	hmf_coarse	false	
spi:HMF:h12:m56	spi	HMF	H64-M16-F4	12	56	1	spi:hmf_coarse:H64-M16-F4:26	hmf_coarse	false	
spi:HMF:h12:m70	spi	HMF	H64-M16-F4	12	70	1	spi:hmf_coarse:H64-M16-F4:27	hmf_coarse	false	
spi:HMF:h12:m83	spi	HMF	H64-M16-F4	12	83	1	spi:hmf_coarse:H64-M16-F4:28	hmf_coarse	false	
spi:HMF:h12:m97	spi	HMF	H64-M16-F4	12	97	1	spi:hmf_coarse:H64-M16-F4:29	hmf_coarse	false	
spi:HMF:h129:m1	spi	HMF	H64-M16-F4	129	1	1	spi:hmf_coarse:H64-M16-F4:232	hmf_coarse	false	
spi:HMF:h129:m10	spi	HMF	H64-M16-F4	129	10	1	spi:hmf_coarse:H64-M16-F4:233	hmf_coarse	false	
spi:HMF:h129:m109	spi	HMF	H64-M16-F4	129	109	1	spi:hmf_coarse:H64-M16-F4:243	hmf_coarse	false	
spi:HMF:h129:m119	spi	HMF	H64-M16-F4	129	119	1	spi:hmf_coarse:H64-M16-F4:244	hmf_coarse	false	
spi:HMF:h129:m129	spi	HMF	H64-M16-F4	129	129	1	spi:hmf_coarse:H64-M16-F4:245	hmf_coarse	false	
spi:HMF:h129:m139	spi	HMF	H64-M16-F4	129	139	1	spi:hmf_coarse:H64-M16-F4:246	hmf_coarse	false	
spi:HMF:h129:m149	spi	HMF	H64-M16-F4	129	149	1	spi:hmf_coarse:H64-M16-F4:247	hmf_coarse	false	
spi:HMF:h129:m158	spi	HMF	H64-M16-F4	129	158	1	spi:hmf_coarse:H64-M16-F4:248	hmf_coarse	false	
spi:HMF:h129:m168	spi	HMF	H64-M16-F4	129	168	1	spi:hmf_coarse:H64-M16-F4:249	hmf_coarse	false	
spi:HMF:h129:m178	spi	HMF	H64-M16-F4	129	178	1	spi:hmf_coarse:H64-M16-F4:250	hmf_coarse	false	
spi:HMF:h129:m188	spi	HMF	H64-M16-F4	129	188	1	spi:hmf_coarse:H64-M16-F4:251	hmf_coarse	false	
spi:HMF:h129:m198	spi	HMF	H64-M16-F4	129	198	1	spi:hmf_coarse:H64-M16-F4:252	hmf_coarse	false	
spi:HMF:h129:m20	spi	HMF	H64-M16-F4	129	20	1	spi:hmf_coarse:H64-M16-F4:234	hmf_coarse	false	
spi:HMF:h129:m30	spi	HMF	H64-M16-F4	129	30	1	spi:hmf_coarse:H64-M16-F4:235	hmf_coarse	false	
spi:HMF:h129:m40	spi	HMF	H64-M16-F4	129	40	1	spi:hmf_coarse:H64-M16-F4:236	hmf_coarse	false	
spi:HMF:h129:m50	spi	HMF	H64-M16-F4	129	50	1	spi:hmf_coarse:H64-M16-F4:237	hmf_coarse	false	
spi:HMF:h129:m59	spi	HMF	H64-M16-F4	129	59	1	spi:hmf_coarse:H64-M16-F4:238	hmf_coarse	false	
spi:HMF:h129:m69	spi	HMF	H64-M16-F4	129	69	1	spi:hmf_coarse:H64-M16-F4:239	hmf_coarse	false	
spi:HMF:h129:m79	spi	HMF	H64-M16-F4	129	79	1	spi:hmf_coarse:H64-M16-F4:240	hmf_coarse	false	
spi:HMF:h129:m89	spi	HMF	H64-M16-F4	129	89	1	spi:hmf_coarse:H64-M16-F4:241	hmf_coarse	false	
spi:HMF:h129:m99	spi	HMF	H64-M16-F4	129	99	1	spi:hmf_coarse:H64-M16-F4:242	hmf_coarse	false	
spi:HMF:h141:m1	spi	HMF	H64-M16-F4	141	1	1	spi:hmf_coarse:H64-M16-F4:253	hmf_coarse	false	
spi:HMF:h141:m10	spi	HMF	H64-M16-F4	141	10	1	spi:hmf_coarse:H64-M16-F4:254	hmf_coarse	false	
spi:HMF:h141:m105	spi	HMF	H64-M16-F4	141	105	1	spi:hmf_coarse:H64-M16-F4:264	hmf_coarse	false	
spi:HMF:h141:m115	spi	HMF	H64-M16-F4	141	115	1	spi:hmf_coarse:H64-M16-F4:265	hmf_coarse	false	
spi:HMF:h141:m124	spi	HMF	H64-M16-F4	141	124	1	spi:hmf_coarse:H64-M16-F4:266	hmf_coarse	false	
spi:HMF:h141:m134	spi	HMF	H64-M16-F4	141	134	1	spi:hmf_coarse:H64-M16-F4:267	hmf_coarse	false	
spi:HMF:h141:m142	spi	HMF	H64-M16-F4	141	142	1	spi:hmf_coarse:H64-M16-F4:268	hmf_coarse	false	
spi:HMF:h141:m152	spi	HMF	H64-M16-F4	141	152	1	spi:hmf_coarse:H64-M16-F4:269	hmf_coarse	false	
spi:HMF:h141:m162	spi	HMF	H64-M16-F4	141	162	1	spi:hmf_coarse:H64-M16-F4:270	hmf_coarse	false	
spi:HMF:h141:m172	spi	HMF	H64-M16-F4	141	172	1	spi:hmf_coarse:H64-M16-F4:271	hmf_coarse	false	
spi:HMF:h141:m181	spi	HMF	H64-M16-F4	141	181	1	spi:hmf_coarse:H64-M16-F4:272	hmf_coarse	false	
spi:HMF:h141:m19	spi	HMF	H64-M16-F4	141	19	1	spi:hmf_coarse:H64-M16-F4:255	hmf_coarse	false	
spi:HMF:h141:m191	spi	HMF	H64-M16-F4	141	191	1	spi:hmf_coarse:H64-M16-F4:273	hmf_coarse	false	
spi:HMF:h141:m29	spi	HMF	H64-M16-F4	141	29	1	spi:hmf_coarse:H64-M16-F4:256	hmf_coarse	false	
spi:HMF:h141:m38	spi	HMF	H64-M16-F4	141	38	1	spi:hmf_coarse:H64-M16-F4:257	hmf_coarse	false	
spi:HMF:h141:m48	spi	HMF	H64-M16-F4	141	48	1	spi:hmf_coarse:H64-M16-F4:258	hmf_coarse	false	
spi:HMF:h141:m57	spi	HMF	H64-M16-F4	141	57	1	spi:hmf_coarse:H64-M16-F4:259	hmf_coarse	false	
spi:HMF:h141:m67	spi	HMF	H64-M16-F4	141	67	1	spi:hmf_coarse:H64-M16-F4:260	hmf_coarse	false	
spi:HMF:h141:m76	spi	HMF	H64-M16-F4	141	76	1	spi:hmf_coarse:H64-M16-F4:261	hmf_coarse	false	
spi:HMF:h141:m86	spi	HMF	H64-M16-F4	141	86	1	spi:hmf_coarse:H64-M16-F4:262	hmf_coarse	false	
spi:HMF:h141:m96	spi	HMF	H64-M16-F4	141	96	1	spi:hmf_coarse:H64-M16-F4:263	hmf_coarse	false	
spi:HMF:h153:m1	spi	HMF	H64-M16-F4	153	1	1	spi:hmf_coarse:H64-M16-F4:274	hmf_coarse	false	
spi:HMF:h153:m105	spi	HMF	H64-M16-F4	153	105	1	spi:hmf_coarse:H64-M16-F4:286	hmf_coarse	false	
spi:HMF:h153:m113	spi	HMF	H64-M16-F4	153	113	1	spi:hmf_coarse:H64-M16-F4:287	hmf_coarse	false	
spi:HMF:h153:m122	spi	HMF	H64-M16-F4	153	122	1	spi:hmf_coarse:H64-M16-F4:288	hmf_coarse	false	
spi:HMF:h153:m131	spi	HMF	H64-M16-F4	153	131	1	spi:hmf_coarse:H64-M16-F4:289	hmf_coarse	false	
spi:HMF:h153:m143	spi	HMF	H64-M16-F4	153	143	1	spi:hmf_coarse:H64-M16-F4:290	hmf_coarse	false	
spi:HMF:h153:m152	spi	HMF	H64-M16-F4	153	152	1	spi:hmf_coarse:H64-M16-F4:291	hmf_coarse	false	
spi:HMF:h153:m161	spi	HMF	H64-M16-F4	153	161	1	spi:hmf_coarse:H64-M16-F4:292	hmf_coarse	false	
spi:HMF:h153:m170	spi	HMF	H64-M16-F4	153	170	1	spi:hmf_coarse:H64-M16-F4:293	hmf_coarse	false	
spi:HMF:h153:m179	spi	HMF	H64-M16-F4	153	179	1	spi:hmf_coarse:H64-M16-F4:294	hmf_coarse	false	
spi:HMF:h153:m18	spi	HMF	H64-M16-F4	153	18	1	spi:hmf_coarse:H64-M16-F4:276	hmf_coarse	false	
spi:HMF:h153:m27	spi	HMF	H64-M16-F4	153	27	1	spi:hmf_coarse:H64-M16-F4:277	hmf_coarse	false	
spi:HMF:h153:m36	spi	HMF	H64-M16-F4	153	36	1	spi:hmf_coarse:H64-M16-F4:278	hmf_coarse	false	
spi:HMF:h153:m45	spi	HMF	H64-M16-F4	153	45	1	spi:hmf_coarse:H64-M16-F4:279	hmf_coarse	false	
spi:HMF:h153:m54	spi	HMF	H64-M16-F4	153	54	1	spi:hmf_coarse:H64-M16-F4:280	hmf_coarse	false	
spi:HMF:h153:m63	spi	HMF	H64-M16-F4	153	63	1	spi:hmf_coarse:H64-M16-F4:281	hmf_coarse	false	
spi:HMF:h153:m72	spi	HMF	H64-M16-F4	153	72	1	spi:hmf_coarse:H64-M16-F4:282	hmf_coarse	false	
spi:HMF:h153:m81	spi	HMF	H64-M16-F4	153	81	1	spi:hmf_coarse:H64-M16-F4:283	hmf_coarse	false	
spi:HMF:h153:m89	spi	HMF	H64-M16-F4	153	89	1	spi:hmf_coarse:H64-M16-F4:284	hmf_coarse	false	
spi:HMF:h153:m9	spi	HMF	H64-M16-F4	153	9	1	spi:hmf_coarse:H64-M16-F4:275	hmf_coarse	false	
spi:HMF:h153:m96	spi	HMF	H64-M16-F4	153	96	1	spi:hmf_coarse:H64-M16-F4:285	hmf_coarse	false	
spi:HMF:h164:m1	spi	HMF	H64-M16-F4	164	1	1	spi:hmf_refine:H64-M16-F4:207	hmf_refine	false	
spi:HMF:h164:m16	spi	HMF	H64-M16-F4	164	16	1	spi:hmf_refine:H64-M16-F4:208	hmf_refine	false	
spi:HMF:h165:m1	spi	HMF	H64-M16-F4	165	1	1	spi:hmf_coarse:H64-M16-F4:295	hmf_coarse	false	
spi:HMF:h165:m103	spi	HMF	H64-M16-F4	165	103	1	spi:hmf_coarse:H64-M16-F4:307	hmf_coarse	false	
spi:HMF:h165:m111	spi	HMF	H64-M16-F4	165	111	1	spi:hmf_coarse:H64-M16-F4:308	hmf_coarse	false	
spi:HMF:h165:m118	spi	HMF	H64-M16-F4	165	118	1	spi:hmf_coarse:H64-M16-F4:309	hmf_coarse	false	
spi:HMF:h165:m127	spi	HMF	H64-M16-F4	165	127	1	spi:hmf_coarse:H64-M16-F4:310	hmf_coarse	false	
spi:HMF:h165:m138	spi	HMF	H64-M16-F4	165	138	1	spi:hmf_coarse:H64-M16-F4:311	hmf_coarse	false	
spi:HMF:h165:m147	spi	HMF	H64-M16-F4	165	147	1	spi:hmf_coarse:H64-M16-F4:312	hmf_coarse	false	
spi:HMF:h165:m156	spi	HMF	H64-M16-F4	165	156	1	spi:hmf_coarse:H64-M16-F4:313	hmf_coarse	false	
spi:HMF:h165:m164	spi	HMF	H64-M16-F4	165	164	1	spi:hmf_coarse:H64-M16-F4:314	hmf_coarse	false	
spi:HMF:h165:m17	spi	HMF	H64-M16-F4	165	17	1	spi:hmf_coarse:H64-M16-F4:297	hmf_coarse	false	
spi:HMF:h165:m173	spi	HMF	H64-M16-F4	165	173	1	spi:hmf_coarse:H64-M16-F4:315	hmf_coarse	false	
spi:HMF:h165:m26	spi	HMF	H64-M16-F4	165	26	1	spi:hmf_coarse:H64-M16-F4:298	hmf_coarse	false	
spi:HMF:h165:m35	spi	HMF	H64-M16-F4	165	35	1	spi:hmf_coarse:H64-M16-F4:299	hmf_coarse	false	
spi:HMF:h165:m43	spi	HMF	H64-M16-F4	165	43	1	spi:hmf_coarse:H64-M16-F4:300	hmf_coarse	false	
spi:HMF:h165:m52	spi	HMF	H64-M16-F4	165	52	1	spi:hmf_coarse:H64-M16-F4:301	hmf_coarse	false	
spi:HMF:h165:m61	spi	HMF	H64-M16-F4	165	61	1	spi:hmf_coarse:H64-M16-F4:302	hmf_coarse	false	
spi:HMF:h165:m69	spi	HMF	H64-M16-F4	165	69	1	spi:hmf_coarse:H64-M16-F4:303	hmf_coarse	false	
spi:HMF:h165:m78	spi	HMF	H64-M16-F4	165	78	1	spi:hmf_coarse:H64-M16-F4:304	hmf_coarse	false	
spi:HMF:h165:m87	spi	HMF	H64-M16-F4	165	87	1	spi:hmf_coarse:H64-M16-F4:305	hmf_coarse	false	
spi:HMF:h165:m9	spi	HMF	H64-M16-F4	165	9	1	spi:hmf_coarse:H64-M16-F4:296	hmf_coarse	false	
spi:HMF:h165:m95	spi	HMF	H64-M16-F4	165	95	1	spi:hmf_coarse:H64-M16-F4:306	hmf_coarse	false	
spi:HMF:h166:m1	spi	HMF	H64-M16-F4	166	1	1	spi:hmf_refine:H64-M16-F4:233	hmf_refine	false	
spi:HMF:h166:m11	spi	HMF	H64-M16-F4	166	11	1	spi:hmf_refine:H64-M16-F4:235	hmf_refine	false	
spi:HMF:h166:m6	spi	HMF	H64-M16-F4	166	6	1	spi:hmf_refine:H64-M16-F4:234	hmf_refine	false	
spi:HMF:h170:m1	spi	HMF	H64-M16-F4	170	1	1	spi:hmf_refine:H64-M16-F4:213	hmf_refine	false	
spi:HMF:h170:m9	spi	HMF	H64-M16-F4	170	9	1	spi:hmf_refine:H64-M16-F4:214	hmf_refine	false	
spi:HMF:h171:m1	spi	HMF	H64-M16-F4	171	1	1	spi:hmf_refine:H64-M16-F4:236	hmf_refine	false	
spi:HMF:h171:m11	spi	HMF	H64-M16-F4	171	11	1	spi:hmf_refine:H64-M16-F4:238	hmf_refine	false	
spi:HMF:h171:m6	spi	HMF	H64-M16-F4	171	6	1	spi:hmf_refine:H64-M16-F4:237	hmf_refine	false	
spi:HMF:h173:m1	spi	HMF	H64-M16-F4	173	1	1	spi:hmf_refine:H64-M16-F4:218	hmf_refine	false	
spi:HMF:h173:m5	spi	HMF	H64-M16-F4	173	5	1	spi:hmf_refine:H64-M16-F4:219	hmf_refine	false	
spi:HMF:h174:m1	spi	HMF	H64-M16-F4	174	1	1	spi:hmf_refine:H64-M16-F4:223	hmf_refine	false	
spi:HMF:h174:m3	spi	HMF	H64-M16-F4	174	3	1	spi:hmf_refine:H64-M16-F4:224	hmf_refine	false	
spi:HMF:h175:m1	spi	HMF	H64-M16-F4	175	1	1	spi:hmf_refine:H64-M16-F4:228	hmf_refine	false	
spi:HMF:h175:m2	spi	HMF	H64-M16-F4	175	2	1	spi:hmf_refine:H64-M16-F4:229	hmf_refine	false	
spi:HMF:h176:m1	spi	HMF	H64-M16-F4	176	1	2	spi:hmf_coarse:H64-M16-F4:316|spi:hmf_refine:H64-M16-F4:209	hmf_coarse|hmf_refine	false	
spi:HMF:h176:m105	spi	HMF	H64-M16-F4	176	105	1	spi:hmf_coarse:H64-M16-F4:329	hmf_coarse	false	
spi:HMF:h176:m11	spi	HMF	H64-M16-F4	176	11	1	spi:hmf_refine:H64-M16-F4:240	hmf_refine	false	
spi:HMF:h176:m113	spi	HMF	H64-M16-F4	176	113	1	spi:hmf_coarse:H64-M16-F4:330	hmf_coarse	false	
spi:HMF:h176:m120	spi	HMF	H64-M16-F4	176	120	1	spi:hmf_coarse:H64-M16-F4:331	hmf_coarse	false	
spi:HMF:h176:m132	spi	HMF	H64-M16-F4	176	132	1	spi:hmf_coarse:H64-M16-F4:332	hmf_coarse	false	
spi:HMF:h176:m140	spi	HMF	H64-M16-F4	176	140	1	spi:hmf_coarse:H64-M16-F4:333	hmf_coarse	false	
spi:HMF:h176:m149	spi	HMF	H64-M16-F4	176	149	1	spi:hmf_coarse:H64-M16-F4:334	hmf_coarse	false	
spi:HMF:h176:m157	spi	HMF	H64-M16-F4	176	157	1	spi:hmf_coarse:H64-M16-F4:335	hmf_coarse	false	
spi:HMF:h176:m16	spi	HMF	H64-M16-F4	176	16	1	spi:hmf_refine:H64-M16-F4:210	hmf_refine	false	
spi:HMF:h176:m165	spi	HMF	H64-M16-F4	176	165	1	spi:hmf_coarse:H64-M16-F4:336	hmf_coarse	false	
spi:HMF:h176:m17	spi	HMF	H64-M16-F4	176	17	1	spi:hmf_coarse:H64-M16-F4:318	hmf_coarse	false	
spi:HMF:h176:m2	spi	HMF	H64-M16-F4	176	2	1	spi:hmf_refine:H64-M16-F4:230	hmf_refine	false	
spi:HMF:h176:m25	spi	HMF	H64-M16-F4	176	25	1	spi:hmf_coarse:H64-M16-F4:319	hmf_coarse	false	
spi:HMF:h176:m3	spi	HMF	H64-M16-F4	176	3	1	spi:hmf_refine:H64-M16-F4:225	hmf_refine	false	
spi:HMF:h176:m33	spi	HMF	H64-M16-F4	176	33	1	spi:hmf_coarse:H64-M16-F4:320	hmf_coarse	false	
spi:HMF:h176:m41	spi	HMF	H64-M16-F4	176	41	1	spi:hmf_coarse:H64-M16-F4:321	hmf_coarse	false	
spi:HMF:h176:m5	spi	HMF	H64-M16-F4	176	5	1	spi:hmf_refine:H64-M16-F4:220	hmf_refine	false	
spi:HMF:h176:m50	spi	HMF	H64-M16-F4	176	50	1	spi:hmf_coarse:H64-M16-F4:322	hmf_coarse	false	
spi:HMF:h176:m58	spi	HMF	H64-M16-F4	176	58	1	spi:hmf_coarse:H64-M16-F4:323	hmf_coarse	false	
spi:HMF:h176:m6	spi	HMF	H64-M16-F4	176	6	1	spi:hmf_refine:H64-M16-F4:239	hmf_refine	false	
spi:HMF:h176:m66	spi	HMF	H64-M16-F4	176	66	1	spi:hmf_coarse:H64-M16-F4:324	hmf_coarse	false	
spi:HMF:h176:m74	spi	HMF	H64-M16-F4	176	74	1	spi:hmf_coarse:H64-M16-F4:325	hmf_coarse	false	
spi:HMF:h176:m8	spi	HMF	H64-M16-F4	176	8	1	spi:hmf_coarse:H64-M16-F4:317	hmf_coarse	false	
spi:HMF:h176:m83	spi	HMF	H64-M16-F4	176	83	1	spi:hmf_coarse:H64-M16-F4:326	hmf_coarse	false	
spi:HMF:h176:m9	spi	HMF	H64-M16-F4	176	9	1	spi:hmf_refine:H64-M16-F4:215	hmf_refine	false	
spi:HMF:h176:m90	spi	HMF	H64-M16-F4	176	90	1	spi:hmf_coarse:H64-M16-F4:327	hmf_coarse	false	
spi:HMF:h176:m98	spi	HMF	H64-M16-F4	176	98	1	spi:hmf_coarse:H64-M16-F4:328	hmf_coarse	false	
spi:HMF:h177:m1	spi	HMF	H64-M16-F4	177	1	1	spi:hmf_refine:H64-M16-F4:231	hmf_refine	false	
spi:HMF:h177:m2	spi	HMF	H64-M16-F4	177	2	1	spi:hmf_refine:H64-M16-F4:232	hmf_refine	false	
spi:HMF:h178:m1	spi	HMF	H64-M16-F4	178	1	1	spi:hmf_refine:H64-M16-F4:226	hmf_refine	false	
spi:HMF:h178:m3	spi	HMF	H64-M16-F4	178	3	1	spi:hmf_refine:H64-M16-F4:227	hmf_refine	false	
spi:HMF:h179:m1	spi	HMF	H64-M16-F4	179	1	1	spi:hmf_refine:H64-M16-F4:221	hmf_refine	false	
spi:HMF:h179:m5	spi	HMF	H64-M16-F4	179	5	1	spi:hmf_refine:H64-M16-F4:222	hmf_refine	false	
spi:HMF:h181:m1	spi	HMF	H64-M16-F4	181	1	1	spi:hmf_refine:H64-M16-F4:241	hmf_refine	false	
spi:HMF:h181:m11	spi	HMF	H64-M16-F4	181	11	1	spi:hmf_refine:H64-M16-F4:243	hmf_refine	false	
spi:HMF:h181:m6	spi	HMF	H64-M16-F4	181	6	1	spi:hmf_refine:H64-M16-F4:242	hmf_refine	false	
spi:HMF:h182:m1	spi	HMF	H64-M16-F4	182	1	1	spi:hmf_refine:H64-M16-F4:216	hmf_refine	false	
spi:HMF:h182:m9	spi	HMF	H64-M16-F4	182	9	1	spi:hmf_refine:H64-M16-F4:217	hmf_refine	false	
spi:HMF:h186:m1	spi	HMF	H64-M16-F4	186	1	1	spi:hmf_refine:H64-M16-F4:244	hmf_refine	false	
spi:HMF:h186:m11	spi	HMF	H64-M16-F4	186	11	1	spi:hmf_refine:H64-M16-F4:246	hmf_refine	false	
spi:HMF:h186:m6	spi	HMF	H64-M16-F4	186	6	1	spi:hmf_refine:H64-M16-F4:245	hmf_refine	false	
spi:HMF:h188:m1	spi	HMF	H64-M16-F4	188	1	2	spi:hmf_coarse:H64-M16-F4:337|spi:hmf_refine:H64-M16-F4:211	hmf_coarse|hmf_refine	false	
spi:HMF:h188:m104	spi	HMF	H64-M16-F4	188	104	1	spi:hmf_coarse:H64-M16-F4:351	hmf_coarse	false	
spi:HMF:h188:m113	spi	HMF	H64-M16-F4	188	113	1	spi:hmf_coarse:H64-M16-F4:352	hmf_coarse	false	
spi:HMF:h188:m116	spi	HMF	H64-M16-F4	188	116	1	spi:hmf_coarse:H64-M16-F4:353	hmf_coarse	false	
spi:HMF:h188:m130	spi	HMF	H64-M16-F4	188	130	1	spi:hmf_coarse:H64-M16-F4:354	hmf_coarse	false	
spi:HMF:h188:m138	spi	HMF	H64-M16-F4	188	138	1	spi:hmf_coarse:H64-M16-F4:355	hmf_coarse	false	
spi:HMF:h188:m145	spi	HMF	H64-M16-F4	188	145	1	spi:hmf_coarse:H64-M16-F4:356	hmf_coarse	false	
spi:HMF:h188:m15	spi	HMF	H64-M16-F4	188	15	2	spi:hmf_coarse:H64-M16-F4:339|spi:hmf_refine:H64-M16-F4:147	hmf_coarse|hmf_refine	false	
spi:HMF:h188:m153	spi	HMF	H64-M16-F4	188	153	1	spi:hmf_coarse:H64-M16-F4:357	hmf_coarse	false	
spi:HMF:h188:m16	spi	HMF	H64-M16-F4	188	16	1	spi:hmf_refine:H64-M16-F4:212	hmf_refine	false	
spi:HMF:h188:m23	spi	HMF	H64-M16-F4	188	23	1	spi:hmf_coarse:H64-M16-F4:340	hmf_coarse	false	
spi:HMF:h188:m30	spi	HMF	H64-M16-F4	188	30	1	spi:hmf_refine:H64-M16-F4:148	hmf_refine	false	
spi:HMF:h188:m31	spi	HMF	H64-M16-F4	188	31	1	spi:hmf_coarse:H64-M16-F4:341	hmf_coarse	false	
spi:HMF:h188:m38	spi	HMF	H64-M16-F4	188	38	1	spi:hmf_coarse:H64-M16-F4:342	hmf_coarse	false	
spi:HMF:h188:m46	spi	HMF	H64-M16-F4	188	46	1	spi:hmf_coarse:H64-M16-F4:343	hmf_coarse	false	
spi:HMF:h188:m54	spi	HMF	H64-M16-F4	188	54	1	spi:hmf_coarse:H64-M16-F4:344	hmf_coarse	false	
spi:HMF:h188:m61	spi	HMF	H64-M16-F4	188	61	1	spi:hmf_coarse:H64-M16-F4:345	hmf_coarse	false	
spi:HMF:h188:m68	spi	HMF	H64-M16-F4	188	68	1	spi:hmf_coarse:H64-M16-F4:346	hmf_coarse	false	
spi:HMF:h188:m76	spi	HMF	H64-M16-F4	188	76	1	spi:hmf_coarse:H64-M16-F4:347	hmf_coarse	false	
spi:HMF:h188:m8	spi	HMF	H64-M16-F4	188	8	1	spi:hmf_coarse:H64-M16-F4:338	hmf_coarse	false	
spi:HMF:h188:m83	spi	HMF	H64-M16-F4	188	83	1	spi:hmf_coarse:H64-M16-F4:348	hmf_coarse	false	
spi:HMF:h188:m91	spi	HMF	H64-M16-F4	188	91	1	spi:hmf_coarse:H64-M16-F4:349	hmf_coarse	false	
spi:HMF:h188:m98	spi	HMF	H64-M16-F4	188	98	1	spi:hmf_coarse:H64-M16-F4:350	hmf_coarse	false	
spi:HMF:h190:m12	spi	HMF	H64-M16-F4	190	12	1	spi:hmf_refine:H64-M16-F4:185	hmf_refine	false	
spi:HMF:h190:m17	spi	HMF	H64-M16-F4	190	17	1	spi:hmf_refine:H64-M16-F4:186	hmf_refine	false	
spi:HMF:h190:m22	spi	HMF	H64-M16-F4	190	22	1	spi:hmf_refine:H64-M16-F4:187	hmf_refine	false	
spi:HMF:h190:m27	spi	HMF	H64-M16-F4	190	27	1	spi:hmf_refine:H64-M16-F4:188	hmf_refine	false	
spi:HMF:h190:m7	spi	HMF	H64-M16-F4	190	7	1	spi:hmf_refine:H64-M16-F4:184	hmf_refine	false	
spi:HMF:h194:m15	spi	HMF	H64-M16-F4	194	15	1	spi:hmf_refine:H64-M16-F4:153	hmf_refine	false	
spi:HMF:h194:m23	spi	HMF	H64-M16-F4	194	23	1	spi:hmf_refine:H64-M16-F4:154	hmf_refine	false	
spi:HMF:h194:m7	spi	HMF	H64-M16-F4	194	7	1	spi:hmf_refine:H64-M16-F4:152	hmf_refine	false	
spi:HMF:h195:m12	spi	HMF	H64-M16-F4	195	12	1	spi:hmf_refine:H64-M16-F4:190	hmf_refine	false	
spi:HMF:h195:m17	spi	HMF	H64-M16-F4	195	17	1	spi:hmf_refine:H64-M16-F4:191	hmf_refine	false	
spi:HMF:h195:m22	spi	HMF	H64-M16-F4	195	22	1	spi:hmf_refine:H64-M16-F4:192	hmf_refine	false	
spi:HMF:h195:m27	spi	HMF	H64-M16-F4	195	27	1	spi:hmf_refine:H64-M16-F4:193	hmf_refine	false	
spi:HMF:h195:m7	spi	HMF	H64-M16-F4	195	7	1	spi:hmf_refine:H64-M16-F4:189	hmf_refine	false	
spi:HMF:h197:m11	spi	HMF	H64-M16-F4	197	11	1	spi:hmf_refine:H64-M16-F4:160	hmf_refine	false	
spi:HMF:h197:m15	spi	HMF	H64-M16-F4	197	15	1	spi:hmf_refine:H64-M16-F4:161	hmf_refine	false	
spi:HMF:h197:m19	spi	HMF	H64-M16-F4	197	19	1	spi:hmf_refine:H64-M16-F4:162	hmf_refine	false	
spi:HMF:h198:m13	spi	HMF	H64-M16-F4	198	13	1	spi:hmf_refine:H64-M16-F4:168	hmf_refine	false	
spi:HMF:h198:m15	spi	HMF	H64-M16-F4	198	15	1	spi:hmf_refine:H64-M16-F4:169	hmf_refine	false	
spi:HMF:h198:m17	spi	HMF	H64-M16-F4	198	17	1	spi:hmf_refine:H64-M16-F4:170	hmf_refine	false	
spi:HMF:h199:m16	spi	HMF	H64-M16-F4	199	16	1	spi:hmf_refine:H64-M16-F4:176	hmf_refine	false	
spi:HMF:h199:m17	spi	HMF	H64-M16-F4	199	17	1	spi:hmf_refine:H64-M16-F4:177	hmf_refine	false	
spi:HMF:h199:m18	spi	HMF	H64-M16-F4	199	18	1	spi:hmf_refine:H64-M16-F4:178	hmf_refine	false	
spi:HMF:h200:m1	spi	HMF	H64-M16-F4	200	1	1	spi:hmf_coarse:H64-M16-F4:358	hmf_coarse	false	
spi:HMF:h200:m101	spi	HMF	H64-M16-F4	200	101	1	spi:hmf_coarse:H64-M16-F4:372	hmf_coarse	false	
spi:HMF:h200:m109	spi	HMF	H64-M16-F4	200	109	1	spi:hmf_coarse:H64-M16-F4:373	hmf_coarse	false	
spi:HMF:h200:m11	spi	HMF	H64-M16-F4	200	11	1	spi:hmf_refine:H64-M16-F4:163	hmf_refine	false	
spi:HMF:h200:m115	spi	HMF	H64-M16-F4	200	115	1	spi:hmf_coarse:H64-M16-F4:374	hmf_coarse	false	
spi:HMF:h200:m12	spi	HMF	H64-M16-F4	200	12	1	spi:hmf_refine:H64-M16-F4:194	hmf_refine	false	
spi:HMF:h200:m127	spi	HMF	H64-M16-F4	200	127	1	spi:hmf_coarse:H64-M16-F4:375	hmf_coarse	false	
spi:HMF:h200:m13	spi	HMF	H64-M16-F4	200	13	1	spi:hmf_refine:H64-M16-F4:171	hmf_refine	false	
spi:HMF:h200:m134	spi	HMF	H64-M16-F4	200	134	1	spi:hmf_coarse:H64-M16-F4:376	hmf_coarse	false	
spi:HMF:h200:m142	spi	HMF	H64-M16-F4	200	142	1	spi:hmf_coarse:H64-M16-F4:377	hmf_coarse	false	
spi:HMF:h200:m149	spi	HMF	H64-M16-F4	200	149	1	spi:hmf_coarse:H64-M16-F4:378	hmf_coarse	false	
spi:HMF:h200:m15	spi	HMF	H64-M16-F4	200	15	2	spi:hmf_coarse:H64-M16-F4:360|spi:hmf_refine:H64-M16-F4:149	hmf_coarse|hmf_refine	false	
spi:HMF:h200:m16	spi	HMF	H64-M16-F4	200	16	1	spi:hmf_refine:H64-M16-F4:179	hmf_refine	false	
spi:HMF:h200:m17	spi	HMF	H64-M16-F4	200	17	1	spi:hmf_refine:H64-M16-F4:172	hmf_refine	false	
spi:HMF:h200:m18	spi	HMF	H64-M16-F4	200	18	1	spi:hmf_refine:H64-M16-F4:180	hmf_refine	false	
spi:HMF:h200:m19	spi	HMF	H64-M16-F4	200	19	1	spi:hmf_refine:H64-M16-F4:164	hmf_refine	false	
spi:HMF:h200:m22	spi	HMF	H64-M16-F4	200	22	2	spi:hmf_coarse:H64-M16-F4:361|spi:hmf_refine:H64-M16-F4:195	hmf_coarse|hmf_refine	false	
spi:HMF:h200:m23	spi	HMF	H64-M16-F4	200	23	1	spi:hmf_refine:H64-M16-F4:156	hmf_refine	false	
spi:HMF:h200:m27	spi	HMF	H64-M16-F4	200	27	1	spi:hmf_refine:H64-M16-F4:196	hmf_refine	false	
spi:HMF:h200:m30	spi	HMF	H64-M16-F4	200	30	2	spi:hmf_coarse:H64-M16-F4:362|spi:hmf_refine:H64-M16-F4:150	hmf_coarse|hmf_refine	false	
spi:HMF:h200:m37	spi	HMF	H64-M16-F4	200	37	1	spi:hmf_coarse:H64-M16-F4:363	hmf_coarse	false	
spi:HMF:h200:m45	spi	HMF	H64-M16-F4	200	45	1	spi:hmf_coarse:H64-M16-F4:364	hmf_coarse	false	
spi:HMF:h200:m52	spi	HMF	H64-M16-F4	200	52	1	spi:hmf_coarse:H64-M16-F4:365	hmf_coarse	false	
spi:HMF:h200:m60	spi	HMF	H64-M16-F4	200	60	1	spi:hmf_coarse:H64-M16-F4:366	hmf_coarse	false	
spi:HMF:h200:m67	spi	HMF	H64-M16-F4	200	67	1	spi:hmf_coarse:H64-M16-F4:367	hmf_coarse	false	
spi:HMF:h200:m7	spi	HMF	H64-M16-F4	200	7	2	spi:hmf_coarse:H64-M16-F4:359|spi:hmf_refine:H64-M16-F4:155	hmf_coarse|hmf_refine	false	
spi:HMF:h200:m73	spi	HMF	H64-M16-F4	200	73	1	spi:hmf_coarse:H64-M16-F4:368	hmf_coarse	false	
spi:HMF:h200:m81	spi	HMF	H64-M16-F4	200	81	1	spi:hmf_coarse:H64-M16-F4:369	hmf_coarse	false	
spi:HMF:h200:m88	spi	HMF	H64-M16-F4	200	88	1	spi:hmf_coarse:H64-M16-F4:370	hmf_coarse	false	
spi:HMF:h200:m95	spi	HMF	H64-M16-F4	200	95	1	spi:hmf_coarse:H64-M16-F4:371	hmf_coarse	false	
spi:HMF:h201:m16	spi	HMF	H64-M16-F4	201	16	1	spi:hmf_refine:H64-M16-F4:181	hmf_refine	false	
spi:HMF:h201:m17	spi	HMF	H64-M16-F4	201	17	1	spi:hmf_refine:H64-M16-F4:182	hmf_refine	false	
spi:HMF:h201:m18	spi	HMF	H64-M16-F4	201	18	1	spi:hmf_refine:H64-M16-F4:183	hmf_refine	false	
spi:HMF:h202:m13	spi	HMF	H64-M16-F4	202	13	1	spi:hmf_refine:H64-M16-F4:173	hmf_refine	false	
spi:HMF:h202:m15	spi	HMF	H64-M16-F4	202	15	1	spi:hmf_refine:H64-M16-F4:174	hmf_refine	false	
spi:HMF:h202:m17	spi	HMF	H64-M16-F4	202	17	1	spi:hmf_refine:H64-M16-F4:175	hmf_refine	false	
spi:HMF:h203:m11	spi	HMF	H64-M16-F4	203	11	1	spi:hmf_refine:H64-M16-F4:165	hmf_refine	false	
spi:HMF:h203:m15	spi	HMF	H64-M16-F4	203	15	1	spi:hmf_refine:H64-M16-F4:166	hmf_refine	false	
spi:HMF:h203:m19	spi	HMF	H64-M16-F4	203	19	1	spi:hmf_refine:H64-M16-F4:167	hmf_refine	false	
spi:HMF:h205:m12	spi	HMF	H64-M16-F4	205	12	1	spi:hmf_refine:H64-M16-F4:198	hmf_refine	false	
spi:HMF:h205:m17	spi	HMF	H64-M16-F4	205	17	1	spi:hmf_refine:H64-M16-F4:199	hmf_refine	false	
spi:HMF:h205:m22	spi	HMF	H64-M16-F4	205	22	1	spi:hmf_refine:H64-M16-F4:200	hmf_refine	false	
spi:HMF:h205:m27	spi	HMF	H64-M16-F4	205	27	1	spi:hmf_refine:H64-M16-F4:201	hmf_refine	false	
spi:HMF:h205:m7	spi	HMF	H64-M16-F4	205	7	1	spi:hmf_refine:H64-M16-F4:197	hmf_refine	false	
spi:HMF:h206:m15	spi	HMF	H64-M16-F4	206	15	1	spi:hmf_refine:H64-M16-F4:158	hmf_refine	false	
spi:HMF:h206:m23	spi	HMF	H64-M16-F4	206	23	1	spi:hmf_refine:H64-M16-F4:159	hmf_refine	false	
spi:HMF:h206:m7	spi	HMF	H64-M16-F4	206	7	1	spi:hmf_refine:H64-M16-F4:157	hmf_refine	false	
spi:HMF:h207:m10	spi	HMF	H64-M16-F4	207	10	1	spi:hmf_refine:H64-M16-F4:100	hmf_refine	false	
spi:HMF:h207:m15	spi	HMF	H64-M16-F4	207	15	1	spi:hmf_refine:H64-M16-F4:101	hmf_refine	false	
spi:HMF:h207:m20	spi	HMF	H64-M16-F4	207	20	1	spi:hmf_refine:H64-M16-F4:102	hmf_refine	false	
spi:HMF:h207:m25	spi	HMF	H64-M16-F4	207	25	1	spi:hmf_refine:H64-M16-F4:103	hmf_refine	false	
spi:HMF:h207:m5	spi	HMF	H64-M16-F4	207	5	1	spi:hmf_refine:H64-M16-F4:99	hmf_refine	false	
spi:HMF:h210:m12	spi	HMF	H64-M16-F4	210	12	1	spi:hmf_refine:H64-M16-F4:203	hmf_refine	false	
spi:HMF:h210:m17	spi	HMF	H64-M16-F4	210	17	1	spi:hmf_refine:H64-M16-F4:204	hmf_refine	false	
spi:HMF:h210:m22	spi	HMF	H64-M16-F4	210	22	1	spi:hmf_refine:H64-M16-F4:205	hmf_refine	false	
spi:HMF:h210:m27	spi	HMF	H64-M16-F4	210	27	1	spi:hmf_refine:H64-M16-F4:206	hmf_refine	false	
spi:HMF:h210:m7	spi	HMF	H64-M16-F4	210	7	1	spi:hmf_refine:H64-M16-F4:202	hmf_refine	false	
spi:HMF:h211:m12	spi	HMF	H64-M16-F4	211	12	1	spi:hmf_refine:H64-M16-F4:1	hmf_refine	false	
spi:HMF:h211:m22	spi	HMF	H64-M16-F4	211	22	1	spi:hmf_refine:H64-M16-F4:67	hmf_refine	false	
spi:HMF:h211:m27	spi	HMF	H64-M16-F4	211	27	1	spi:hmf_refine:H64-M16-F4:2	hmf_refine	false	
spi:HMF:h211:m42	spi	HMF	H64-M16-F4	211	42	1	spi:hmf_refine:H64-M16-F4:3	hmf_refine	false	
spi:HMF:h211:m7	spi	HMF	H64-M16-F4	211	7	1	spi:hmf_refine:H64-M16-F4:66	hmf_refine	false	
spi:HMF:h212:m1	spi	HMF	H64-M16-F4	212	1	1	spi:hmf_coarse:H64-M16-F4:379	hmf_coarse	false	
spi:HMF:h212:m10	spi	HMF	H64-M16-F4	212	10	1	spi:hmf_refine:H64-M16-F4:105	hmf_refine	false	
spi:HMF:h212:m103	spi	HMF	H64-M16-F4	212	103	1	spi:hmf_coarse:H64-M16-F4:395	hmf_coarse	false	
spi:HMF:h212:m117	spi	HMF	H64-M16-F4	212	117	1	spi:hmf_coarse:H64-M16-F4:396	hmf_coarse	false	
spi:HMF:h212:m124	spi	HMF	H64-M16-F4	212	124	1	spi:hmf_coarse:H64-M16-F4:397	hmf_coarse	false	
spi:HMF:h212:m130	spi	HMF	H64-M16-F4	212	130	1	spi:hmf_coarse:H64-M16-F4:398	hmf_coarse	false	
spi:HMF:h212:m138	spi	HMF	H64-M16-F4	212	138	1	spi:hmf_coarse:H64-M16-F4:399	hmf_coarse	false	
spi:HMF:h212:m14	spi	HMF	H64-M16-F4	212	14	1	spi:hmf_coarse:H64-M16-F4:381	hmf_coarse	false	
spi:HMF:h212:m15	spi	HMF	H64-M16-F4	212	15	1	spi:hmf_refine:H64-M16-F4:106	hmf_refine	false	
spi:HMF:h212:m20	spi	HMF	H64-M16-F4	212	20	1	spi:hmf_refine:H64-M16-F4:107	hmf_refine	false	
spi:HMF:h212:m21	spi	HMF	H64-M16-F4	212	21	1	spi:hmf_coarse:H64-M16-F4:382	hmf_coarse	false	
spi:HMF:h212:m25	spi	HMF	H64-M16-F4	212	25	1	spi:hmf_refine:H64-M16-F4:108	hmf_refine	false	
spi:HMF:h212:m28	spi	HMF	H64-M16-F4	212	28	1	spi:hmf_coarse:H64-M16-F4:383	hmf_coarse	false	
spi:HMF:h212:m30	spi	HMF	H64-M16-F4	212	30	1	spi:hmf_refine:H64-M16-F4:151	hmf_refine	false	
spi:HMF:h212:m35	spi	HMF	H64-M16-F4	212	35	1	spi:hmf_coarse:H64-M16-F4:384	hmf_coarse	false	
spi:HMF:h212:m41	spi	HMF	H64-M16-F4	212	41	1	spi:hmf_coarse:H64-M16-F4:385	hmf_coarse	false	
spi:HMF:h212:m48	spi	HMF	H64-M16-F4	212	48	1	spi:hmf_coarse:H64-M16-F4:386	hmf_coarse	false	
spi:HMF:h212:m5	spi	HMF	H64-M16-F4	212	5	1	spi:hmf_refine:H64-M16-F4:104	hmf_refine	false	
spi:HMF:h212:m54	spi	HMF	H64-M16-F4	212	54	1	spi:hmf_coarse:H64-M16-F4:387	hmf_coarse	false	
spi:HMF:h212:m62	spi	HMF	H64-M16-F4	212	62	1	spi:hmf_coarse:H64-M16-F4:388	hmf_coarse	false	
spi:HMF:h212:m69	spi	HMF	H64-M16-F4	212	69	1	spi:hmf_coarse:H64-M16-F4:389	hmf_coarse	false	
spi:HMF:h212:m7	spi	HMF	H64-M16-F4	212	7	1	spi:hmf_coarse:H64-M16-F4:380	hmf_coarse	false	
spi:HMF:h212:m75	spi	HMF	H64-M16-F4	212	75	1	spi:hmf_coarse:H64-M16-F4:390	hmf_coarse	false	
spi:HMF:h212:m81	spi	HMF	H64-M16-F4	212	81	1	spi:hmf_coarse:H64-M16-F4:391	hmf_coarse	false	
spi:HMF:h212:m87	spi	HMF	H64-M16-F4	212	87	1	spi:hmf_coarse:H64-M16-F4:392	hmf_coarse	false	
spi:HMF:h212:m91	spi	HMF	H64-M16-F4	212	91	1	spi:hmf_coarse:H64-M16-F4:393	hmf_coarse	false	
spi:HMF:h212:m98	spi	HMF	H64-M16-F4	212	98	1	spi:hmf_coarse:H64-M16-F4:394	hmf_coarse	false	
spi:HMF:h213:m17	spi	HMF	H64-M16-F4	213	17	1	spi:hmf_refine:H64-M16-F4:42	hmf_refine	false	
spi:HMF:h213:m22	spi	HMF	H64-M16-F4	213	22	1	spi:hmf_refine:H64-M16-F4:43	hmf_refine	false	
spi:HMF:h213:m27	spi	HMF	H64-M16-F4	213	27	1	spi:hmf_refine:H64-M16-F4:44	hmf_refine	false	
spi:HMF:h213:m32	spi	HMF	H64-M16-F4	213	32	1	spi:hmf_refine:H64-M16-F4:45	hmf_refine	false	
spi:HMF:h213:m37	spi	HMF	H64-M16-F4	213	37	1	spi:hmf_refine:H64-M16-F4:46	hmf_refine	false	
spi:HMF:h214:m11	spi	HMF	H64-M16-F4	214	11	1	spi:hmf_refine:H64-M16-F4:76	hmf_refine	false	
spi:HMF:h214:m15	spi	HMF	H64-M16-F4	214	15	1	spi:hmf_refine:H64-M16-F4:77	hmf_refine	false	
spi:HMF:h214:m19	spi	HMF	H64-M16-F4	214	19	1	spi:hmf_refine:H64-M16-F4:78	hmf_refine	false	
spi:HMF:h215:m13	spi	HMF	H64-M16-F4	215	13	1	spi:hmf_refine:H64-M16-F4:83	hmf_refine	false	
spi:HMF:h215:m15	spi	HMF	H64-M16-F4	215	15	1	spi:hmf_refine:H64-M16-F4:84	hmf_refine	false	
spi:HMF:h215:m17	spi	HMF	H64-M16-F4	215	17	1	spi:hmf_refine:H64-M16-F4:85	hmf_refine	false	
spi:HMF:h216:m14	spi	HMF	H64-M16-F4	216	14	1	spi:hmf_refine:H64-M16-F4:91	hmf_refine	false	
spi:HMF:h216:m15	spi	HMF	H64-M16-F4	216	15	1	spi:hmf_refine:H64-M16-F4:92	hmf_refine	false	
spi:HMF:h216:m16	spi	HMF	H64-M16-F4	216	16	1	spi:hmf_refine:H64-M16-F4:93	hmf_refine	false	
spi:HMF:h217:m10	spi	HMF	H64-M16-F4	217	10	1	spi:hmf_refine:H64-M16-F4:110	hmf_refine	false	
spi:HMF:h217:m11	spi	HMF	H64-M16-F4	217	11	1	spi:hmf_refine:H64-M16-F4:79	hmf_refine	false	
spi:HMF:h217:m13	spi	HMF	H64-M16-F4	217	13	1	spi:hmf_refine:H64-M16-F4:86	hmf_refine	false	
spi:HMF:h217:m14	spi	HMF	H64-M16-F4	217	14	1	spi:hmf_refine:H64-M16-F4:94	hmf_refine	false	
spi:HMF:h217:m15	spi	HMF	H64-M16-F4	217	15	1	spi:hmf_refine:H64-M16-F4:72	hmf_refine	false	
spi:HMF:h217:m16	spi	HMF	H64-M16-F4	217	16	1	spi:hmf_refine:H64-M16-F4:95	hmf_refine	false	
spi:HMF:h217:m17	spi	HMF	H64-M16-F4	217	17	1	spi:hmf_refine:H64-M16-F4:87	hmf_refine	false	
spi:HMF:h217:m19	spi	HMF	H64-M16-F4	217	19	1	spi:hmf_refine:H64-M16-F4:10	hmf_refine	false	
spi:HMF:h217:m20	spi	HMF	H64-M16-F4	217	20	1	spi:hmf_refine:H64-M16-F4:111	hmf_refine	false	
spi:HMF:h217:m25	spi	HMF	H64-M16-F4	217	25	1	spi:hmf_refine:H64-M16-F4:112	hmf_refine	false	
spi:HMF:h217:m27	spi	HMF	H64-M16-F4	217	27	1	spi:hmf_refine:H64-M16-F4:11	hmf_refine	false	
spi:HMF:h217:m35	spi	HMF	H64-M16-F4	217	35	1	spi:hmf_refine:H64-M16-F4:12	hmf_refine	false	
spi:HMF:h217:m5	spi	HMF	H64-M16-F4	217	5	1	spi:hmf_refine:H64-M16-F4:109	hmf_refine	false	
spi:HMF:h217:m7	spi	HMF	H64-M16-F4	217	7	1	spi:hmf_refine:H64-M16-F4:71	hmf_refine	false	
spi:HMF:h218:m14	spi	HMF	H64-M16-F4	218	14	1	spi:hmf_refine:H64-M16-F4:96	hmf_refine	false	
spi:HMF:h218:m15	spi	HMF	H64-M16-F4	218	15	1	spi:hmf_refine:H64-M16-F4:97	hmf_refine	false	
spi:HMF:h218:m16	spi	HMF	H64-M16-F4	218	16	1	spi:hmf_refine:H64-M16-F4:98	hmf_refine	false	
spi:HMF:h218:m17	spi	HMF	H64-M16-F4	218	17	1	spi:hmf_refine:H64-M16-F4:47	hmf_refine	false	
spi:HMF:h218:m22	spi	HMF	H64-M16-F4	218	22	1	spi:hmf_refine:H64-M16-F4:48	hmf_refine	false	
spi:HMF:h218:m27	spi	HMF	H64-M16-F4	218	27	1	spi:hmf_refine:H64-M16-F4:49	hmf_refine	false	
spi:HMF:h218:m32	spi	HMF	H64-M16-F4	218	32	1	spi:hmf_refine:H64-M16-F4:50	hmf_refine	false	
spi:HMF:h218:m37	spi	HMF	H64-M16-F4	218	37	1	spi:hmf_refine:H64-M16-F4:51	hmf_refine	false	
spi:HMF:h219:m13	spi	HMF	H64-M16-F4	219	13	1	spi:hmf_refine:H64-M16-F4:88	hmf_refine	false	
spi:HMF:h219:m15	spi	HMF	H64-M16-F4	219	15	1	spi:hmf_refine:H64-M16-F4:89	hmf_refine	false	
spi:HMF:h219:m17	spi	HMF	H64-M16-F4	219	17	1	spi:hmf_refine:H64-M16-F4:90	hmf_refine	false	
spi:HMF:h220:m11	spi	HMF	H64-M16-F4	220	11	1	spi:hmf_refine:H64-M16-F4:80	hmf_refine	false	
spi:HMF:h220:m15	spi	HMF	H64-M16-F4	220	15	1	spi:hmf_refine:H64-M16-F4:81	hmf_refine	false	
spi:HMF:h220:m19	spi	HMF	H64-M16-F4	220	19	1	spi:hmf_refine:H64-M16-F4:82	hmf_refine	false	
spi:HMF:h220:m23	spi	HMF	H64-M16-F4	220	23	1	spi:hmf_refine:H64-M16-F4:18	hmf_refine	false	
spi:HMF:h220:m27	spi	HMF	H64-M16-F4	220	27	1	spi:hmf_refine:H64-M16-F4:19	hmf_refine	false	
spi:HMF:h220:m31	spi	HMF	H64-M16-F4	220	31	1	spi:hmf_refine:H64-M16-F4:20	hmf_refine	false	
spi:HMF:h221:m25	spi	HMF	H64-M16-F4	221	25	1	spi:hmf_refine:H64-M16-F4:26	hmf_refine	false	
spi:HMF:h221:m27	spi	HMF	H64-M16-F4	221	27	1	spi:hmf_refine:H64-M16-F4:27	hmf_refine	false	
spi:HMF:h221:m29	spi	HMF	H64-M16-F4	221	29	1	spi:hmf_refine:H64-M16-F4:28	hmf_refine	false	
spi:HMF:h222:m10	spi	HMF	H64-M16-F4	222	10	1	spi:hmf_refine:H64-M16-F4:114	hmf_refine	false	
spi:HMF:h222:m15	spi	HMF	H64-M16-F4	222	15	1	spi:hmf_refine:H64-M16-F4:115	hmf_refine	false	
spi:HMF:h222:m20	spi	HMF	H64-M16-F4	222	20	1	spi:hmf_refine:H64-M16-F4:116	hmf_refine	false	
spi:HMF:h222:m25	spi	HMF	H64-M16-F4	222	25	1	spi:hmf_refine:H64-M16-F4:117	hmf_refine	false	
spi:HMF:h222:m26	spi	HMF	H64-M16-F4	222	26	1	spi:hmf_refine:H64-M16-F4:34	hmf_refine	false	
spi:HMF:h222:m27	spi	HMF	H64-M16-F4	222	27	1	spi:hmf_refine:H64-M16-F4:35	hmf_refine	false	
spi:HMF:h222:m28	spi	HMF	H64-M16-F4	222	28	1	spi:hmf_refine:H64-M16-F4:36	hmf_refine	false	
spi:HMF:h222:m5	spi	HMF	H64-M16-F4	222	5	1	spi:hmf_refine:H64-M16-F4:113	hmf_refine	false	
spi:HMF:h223:m1	spi	HMF	H64-M16-F4	223	1	2	spi:hmf_coarse:H64-M16-F4:400|spi:hmf_refine:H64-M16-F4:123	hmf_coarse|hmf_refine	false	
spi:HMF:h223:m103	spi	HMF	H64-M16-F4	223	103	1	spi:hmf_coarse:H64-M16-F4:417	hmf_coarse	false	
spi:HMF:h223:m12	spi	HMF	H64-M16-F4	223	12	1	spi:hmf_refine:H64-M16-F4:4	hmf_refine	false	
spi:HMF:h223:m120	spi	HMF	H64-M16-F4	223	120	1	spi:hmf_coarse:H64-M16-F4:418	hmf_coarse	false	
spi:HMF:h223:m126	spi	HMF	H64-M16-F4	223	126	1	spi:hmf_coarse:H64-M16-F4:419	hmf_coarse	false	
spi:HMF:h223:m13	spi	HMF	H64-M16-F4	223	13	1	spi:hmf_coarse:H64-M16-F4:402	hmf_coarse	false	
spi:HMF:h223:m133	spi	HMF	H64-M16-F4	223	133	1	spi:hmf_coarse:H64-M16-F4:420	hmf_coarse	false	
spi:HMF:h223:m15	spi	HMF	H64-M16-F4	223	15	1	spi:hmf_refine:H64-M16-F4:73	hmf_refine	false	
spi:HMF:h223:m16	spi	HMF	H64-M16-F4	223	16	1	spi:hmf_refine:H64-M16-F4:124	hmf_refine	false	
spi:HMF:h223:m17	spi	HMF	H64-M16-F4	223	17	1	spi:hmf_refine:H64-M16-F4:52	hmf_refine	false	
spi:HMF:h223:m19	spi	HMF	H64-M16-F4	223	19	1	spi:hmf_refine:H64-M16-F4:13	hmf_refine	false	
spi:HMF:h223:m20	spi	HMF	H64-M16-F4	223	20	1	spi:hmf_coarse:H64-M16-F4:403	hmf_coarse	false	
spi:HMF:h223:m22	spi	HMF	H64-M16-F4	223	22	1	spi:hmf_refine:H64-M16-F4:53	hmf_refine	false	
spi:HMF:h223:m23	spi	HMF	H64-M16-F4	223	23	1	spi:hmf_refine:H64-M16-F4:21	hmf_refine	false	
spi:HMF:h223:m25	spi	HMF	H64-M16-F4	223	25	1	spi:hmf_refine:H64-M16-F4:29	hmf_refine	false	
spi:HMF:h223:m26	spi	HMF	H64-M16-F4	223	26	1	spi:hmf_refine:H64-M16-F4:37	hmf_refine	false	
spi:HMF:h223:m27	spi	HMF	H64-M16-F4	223	27	2	spi:hmf_coarse:H64-M16-F4:404|spi:hmf_refine:H64-M16-F4:5	hmf_coarse|hmf_refine	false	
spi:HMF:h223:m28	spi	HMF	H64-M16-F4	223	28	1	spi:hmf_refine:H64-M16-F4:38	hmf_refine	false	
spi:HMF:h223:m29	spi	HMF	H64-M16-F4	223	29	1	spi:hmf_refine:H64-M16-F4:30	hmf_refine	false	
spi:HMF:h223:m31	spi	HMF	H64-M16-F4	223	31	1	spi:hmf_refine:H64-M16-F4:22	hmf_refine	false	
spi:HMF:h223:m32	spi	HMF	H64-M16-F4	223	32	1	spi:hmf_refine:H64-M16-F4:54	hmf_refine	false	
spi:HMF:h223:m33	spi	HMF	H64-M16-F4	223	33	1	spi:hmf_coarse:H64-M16-F4:405	hmf_coarse	false	
spi:HMF:h223:m35	spi	HMF	H64-M16-F4	223	35	1	spi:hmf_refine:H64-M16-F4:14	hmf_refine	false	
spi:HMF:h223:m37	spi	HMF	H64-M16-F4	223	37	1	spi:hmf_refine:H64-M16-F4:55	hmf_refine	false	
spi:HMF:h223:m40	spi	HMF	H64-M16-F4	223	40	1	spi:hmf_coarse:H64-M16-F4:406	hmf_coarse	false	
spi:HMF:h223:m42	spi	HMF	H64-M16-F4	223	42	1	spi:hmf_refine:H64-M16-F4:6	hmf_refine	false	
spi:HMF:h223:m47	spi	HMF	H64-M16-F4	223	47	1	spi:hmf_coarse:H64-M16-F4:407	hmf_coarse	false	
spi:HMF:h223:m53	spi	HMF	H64-M16-F4	223	53	1	spi:hmf_coarse:H64-M16-F4:408	hmf_coarse	false	
spi:HMF:h223:m59	spi	HMF	H64-M16-F4	223	59	1	spi:hmf_coarse:H64-M16-F4:409	hmf_coarse	false	
spi:HMF:h223:m67	spi	HMF	H64-M16-F4	223	67	1	spi:hmf_coarse:H64-M16-F4:410	hmf_coarse	false	
spi:HMF:h223:m7	spi	HMF	H64-M16-F4	223	7	2	spi:hmf_coarse:H64-M16-F4:401|spi:hmf_refine:H64-M16-F4:68	hmf_coarse|hmf_refine	false	
spi:HMF:h223:m72	spi	HMF	H64-M16-F4	223	72	1	spi:hmf_coarse:H64-M16-F4:411	hmf_coarse	false	
spi:HMF:h223:m78	spi	HMF	H64-M16-F4	223	78	1	spi:hmf_coarse:H64-M16-F4:412	hmf_coarse	false	
spi:HMF:h223:m82	spi	HMF	H64-M16-F4	223	82	1	spi:hmf_coarse:H64-M16-F4:413	hmf_coarse	false	
spi:HMF:h223:m89	spi	HMF	H64-M16-F4	223	89	1	spi:hmf_coarse:H64-M16-F4:414	hmf_coarse	false	
spi:HMF:h223:m94	spi	HMF	H64-M16-F4	223	94	1	spi:hmf_coarse:H64-M16-F4:415	hmf_coarse	false	
spi:HMF:h223:m97	spi	HMF	H64-M16-F4	223	97	1	spi:hmf_coarse:H64-M16-F4:416	hmf_coarse	false	
spi:HMF:h224:m26	spi	HMF	H64-M16-F4	224	26	1	spi:hmf_refine:H64-M16-F4:39	hmf_refine	false	
spi:HMF:h224:m27	spi	HMF	H64-M16-F4	224	27	1	spi:hmf_refine:H64-M16-F4:40	hmf_refine	false	
spi:HMF:h224:m28	spi	HMF	H64-M16-F4	224	28	1	spi:hmf_refine:H64-M16-F4:41	hmf_refine	false	
spi:HMF:h225:m1	spi	HMF	H64-M16-F4	225	1	1	spi:hmf_refine:H64-M16-F4:139	hmf_refine	false	
spi:HMF:h225:m11	spi	HMF	H64-M16-F4	225	11	1	spi:hmf_refine:H64-M16-F4:141	hmf_refine	false	
spi:HMF:h225:m25	spi	HMF	H64-M16-F4	225	25	1	spi:hmf_refine:H64-M16-F4:31	hmf_refine	false	
spi:HMF:h225:m27	spi	HMF	H64-M16-F4	225	27	1	spi:hmf_refine:H64-M16-F4:32	hmf_refine	false	
spi:HMF:h225:m29	spi	HMF	H64-M16-F4	225	29	1	spi:hmf_refine:H64-M16-F4:33	hmf_refine	false	
spi:HMF:h225:m6	spi	HMF	H64-M16-F4	225	6	1	spi:hmf_refine:H64-M16-F4:140	hmf_refine	false	
spi:HMF:h226:m23	spi	HMF	H64-M16-F4	226	23	1	spi:hmf_refine:H64-M16-F4:23	hmf_refine	false	
spi:HMF:h226:m27	spi	HMF	H64-M16-F4	226	27	1	spi:hmf_refine:H64-M16-F4:24	hmf_refine	false	
spi:HMF:h226:m31	spi	HMF	H64-M16-F4	226	31	1	spi:hmf_refine:H64-M16-F4:25	hmf_refine	false	
spi:HMF:h227:m10	spi	HMF	H64-M16-F4	227	10	1	spi:hmf_refine:H64-M16-F4:119	hmf_refine	false	
spi:HMF:h227:m15	spi	HMF	H64-M16-F4	227	15	1	spi:hmf_refine:H64-M16-F4:120	hmf_refine	false	
spi:HMF:h227:m20	spi	HMF	H64-M16-F4	227	20	1	spi:hmf_refine:H64-M16-F4:121	hmf_refine	false	
spi:HMF:h227:m25	spi	HMF	H64-M16-F4	227	25	1	spi:hmf_refine:H64-M16-F4:122	hmf_refine	false	
spi:HMF:h227:m5	spi	HMF	H64-M16-F4	227	5	1	spi:hmf_refine:H64-M16-F4:118	hmf_refine	false	
spi:HMF:h228:m17	spi	HMF	H64-M16-F4	228	17	1	spi:hmf_refine:H64-M16-F4:56	hmf_refine	false	
spi:HMF:h228:m22	spi	HMF	H64-M16-F4	228	22	1	spi:hmf_refine:H64-M16-F4:57	hmf_refine	false	
spi:HMF:h228:m27	spi	HMF	H64-M16-F4	228	27	1	spi:hmf_refine:H64-M16-F4:58	hmf_refine	false	
spi:HMF:h228:m32	spi	HMF	H64-M16-F4	228	32	1	spi:hmf_refine:H64-M16-F4:59	hmf_refine	false	
spi:HMF:h228:m37	spi	HMF	H64-M16-F4	228	37	1	spi:hmf_refine:H64-M16-F4:60	hmf_refine	false	
spi:HMF:h229:m1	spi	HMF	H64-M16-F4	229	1	1	spi:hmf_refine:H64-M16-F4:127	hmf_refine	false	
spi:HMF:h229:m15	spi	HMF	H64-M16-F4	229	15	1	spi:hmf_refine:H64-M16-F4:75	hmf_refine	false	
spi:HMF:h229:m19	spi	HMF	H64-M16-F4	229	19	1	spi:hmf_refine:H64-M16-F4:15	hmf_refine	false	
spi:HMF:h229:m27	spi	HMF	H64-M16-F4	229	27	1	spi:hmf_refine:H64-M16-F4:16	hmf_refine	false	
spi:HMF:h229:m35	spi	HMF	H64-M16-F4	229	35	1	spi:hmf_refine:H64-M16-F4:17	hmf_refine	false	
spi:HMF:h229:m7	spi	HMF	H64-M16-F4	229	7	1	spi:hmf_refine:H64-M16-F4:74	hmf_refine	false	
spi:HMF:h229:m9	spi	HMF	H64-M16-F4	229	9	1	spi:hmf_refine:H64-M16-F4:128	hmf_refine	false	
spi:HMF:h230:m1	spi	HMF	H64-M16-F4	230	1	1	spi:hmf_refine:H64-M16-F4:142	hmf_refine	false	
spi:HMF:h230:m11	spi	HMF	H64-M16-F4	230	11	1	spi:hmf_refine:H64-M16-F4:144	hmf_refine	false	
spi:HMF:h230:m6	spi	HMF	H64-M16-F4	230	6	1	spi:hmf_refine:H64-M16-F4:143	hmf_refine	false	
spi:HMF:h232:m1	spi	HMF	H64-M16-F4	232	1	1	spi:hmf_refine:H64-M16-F4:130	hmf_refine	false	
spi:HMF:h232:m5	spi	HMF	H64-M16-F4	232	5	1	spi:hmf_refine:H64-M16-F4:131	hmf_refine	false	
spi:HMF:h233:m1	spi	HMF	H64-M16-F4	233	1	1	spi:hmf_refine:H64-M16-F4:133	hmf_refine	false	
spi:HMF:h233:m17	spi	HMF	H64-M16-F4	233	17	1	spi:hmf_refine:H64-M16-F4:61	hmf_refine	false	
spi:HMF:h233:m22	spi	HMF	H64-M16-F4	233	22	1	spi:hmf_refine:H64-M16-F4:62	hmf_refine	false	
spi:HMF:h233:m27	spi	HMF	H64-M16-F4	233	27	1	spi:hmf_refine:H64-M16-F4:63	hmf_refine	false	
spi:HMF:h233:m3	spi	HMF	H64-M16-F4	233	3	1	spi:hmf_refine:H64-M16-F4:134	hmf_refine	false	
spi:HMF:h233:m32	spi	HMF	H64-M16-F4	233	32	1	spi:hmf_refine:H64-M16-F4:64	hmf_refine	false	
spi:HMF:h233:m37	spi	HMF	H64-M16-F4	233	37	1	spi:hmf_refine:H64-M16-F4:65	hmf_refine	false	
spi:HMF:h234:m1	spi	HMF	H64-M16-F4	234	1	1	spi:hmf_refine:H64-M16-F4:136	hmf_refine	false	
spi:HMF:h234:m2	spi	HMF	H64-M16-F4	234	2	1	spi:hmf_refine:H64-M16-F4:137	hmf_refine	false	
spi:HMF:h235:m1	spi	HMF	H64-M16-F4	235	1	2	spi:hmf_coarse:H64-M16-F4:421|spi:hmf_refine:H64-M16-F4:125	hmf_coarse|hmf_refine	false	
spi:HMF:h235:m105	spi	HMF	H64-M16-F4	235	105	1	spi:hmf_coarse:H64-M16-F4:438	hmf_coarse	false	
spi:HMF:h235:m11	spi	HMF	H64-M16-F4	235	11	1	spi:hmf_refine:H64-M16-F4:146	hmf_refine	false	
spi:HMF:h235:m117	spi	HMF	H64-M16-F4	235	117	1	spi:hmf_coarse:H64-M16-F4:439	hmf_coarse	false	
spi:HMF:h235:m12	spi	HMF	H64-M16-F4	235	12	1	spi:hmf_refine:H64-M16-F4:7	hmf_refine	false	
spi:HMF:h235:m124	spi	HMF	H64-M16-F4	235	124	1	spi:hmf_coarse:H64-M16-F4:440	hmf_coarse	false	
spi:HMF:h235:m13	spi	HMF	H64-M16-F4	235	13	1	spi:hmf_coarse:H64-M16-F4:423	hmf_coarse	false	
spi:HMF:h235:m130	spi	HMF	H64-M16-F4	235	130	1	spi:hmf_coarse:H64-M16-F4:441	hmf_coarse	false	
spi:HMF:h235:m16	spi	HMF	H64-M16-F4	235	16	1	spi:hmf_refine:H64-M16-F4:126	hmf_refine	false	
spi:HMF:h235:m2	spi	HMF	H64-M16-F4	235	2	1	spi:hmf_refine:H64-M16-F4:138	hmf_refine	false	
spi:HMF:h235:m20	spi	HMF	H64-M16-F4	235	20	1	spi:hmf_coarse:H64-M16-F4:424	hmf_coarse	false	
spi:HMF:h235:m22	spi	HMF	H64-M16-F4	235	22	1	spi:hmf_refine:H64-M16-F4:70	hmf_refine	false	
spi:HMF:h235:m26	spi	HMF	H64-M16-F4	235	26	1	spi:hmf_coarse:H64-M16-F4:425	hmf_coarse	false	
spi:HMF:h235:m27	spi	HMF	H64-M16-F4	235	27	1	spi:hmf_refine:H64-M16-F4:8	hmf_refine	false	
spi:HMF:h235:m3	spi	HMF	H64-M16-F4	235	3	1	spi:hmf_refine:H64-M16-F4:135	hmf_refine	false	
spi:HMF:h235:m33	spi	HMF	H64-M16-F4	235	33	1	spi:hmf_coarse:H64-M16-F4:426	hmf_coarse	false	
spi:HMF:h235:m39	spi	HMF	H64-M16-F4	235	39	1	spi:hmf_coarse:H64-M16-F4:427	hmf_coarse	false	
spi:HMF:h235:m42	spi	HMF	H64-M16-F4	235	42	1	spi:hmf_refine:H64-M16-F4:9	hmf_refine	false	
spi:HMF:h235:m46	spi	HMF	H64-M16-F4	235	46	1	spi:hmf_coarse:H64-M16-F4:428	hmf_coarse	false	
spi:HMF:h235:m5	spi	HMF	H64-M16-F4	235	5	1	spi:hmf_refine:H64-M16-F4:132	hmf_refine	false	
spi:HMF:h235:m52	spi	HMF	H64-M16-F4	235	52	1	spi:hmf_coarse:H64-M16-F4:429	hmf_coarse	false	
spi:HMF:h235:m59	spi	HMF	H64-M16-F4	235	59	1	spi:hmf_coarse:H64-M16-F4:430	hmf_coarse	false	
spi:HMF:h235:m6	spi	HMF	H64-M16-F4	235	6	1	spi:hmf_refine:H64-M16-F4:145	hmf_refine	false	
spi:HMF:h235:m65	spi	HMF	H64-M16-F4	235	65	1	spi:hmf_coarse:H64-M16-F4:431	hmf_coarse	false	
spi:HMF:h235:m7	spi	HMF	H64-M16-F4	235	7	2	spi:hmf_coarse:H64-M16-F4:422|spi:hmf_refine:H64-M16-F4:69	hmf_coarse|hmf_refine	false	
spi:HMF:h235:m71	spi	HMF	H64-M16-F4	235	71	1	spi:hmf_coarse:H64-M16-F4:432	hmf_coarse	false	
spi:HMF:h235:m77	spi	HMF	H64-M16-F4	235	77	1	spi:hmf_coarse:H64-M16-F4:433	hmf_coarse	false	
spi:HMF:h235:m84	spi	HMF	H64-M16-F4	235	84	1	spi:hmf_coarse:H64-M16-F4:434	hmf_coarse	false	
spi:HMF:h235:m88	spi	HMF	H64-M16-F4	235	88	1	spi:hmf_coarse:H64-M16-F4:435	hmf_coarse	false	
spi:HMF:h235:m9	spi	HMF	H64-M16-F4	235	9	1	spi:hmf_refine:H64-M16-F4:129	hmf_refine	false	
spi:HMF:h235:m94	spi	HMF	H64-M16-F4	235	94	1	spi:hmf_coarse:H64-M16-F4:436	hmf_coarse	false	
spi:HMF:h235:m98	spi	HMF	H64-M16-F4	235	98	1	spi:hmf_coarse:H64-M16-F4:437	hmf_coarse	false	
spi:HMF:h24:m1	spi	HMF	H64-M16-F4	24	1	1	spi:hmf_coarse:H64-M16-F4:43	hmf_coarse	false	
spi:HMF:h24:m106	spi	HMF	H64-M16-F4	24	106	1	spi:hmf_coarse:H64-M16-F4:51	hmf_coarse	false	
spi:HMF:h24:m119	spi	HMF	H64-M16-F4	24	119	1	spi:hmf_coarse:H64-M16-F4:52	hmf_coarse	false	
spi:HMF:h24:m13	spi	HMF	H64-M16-F4	24	13	1	spi:hmf_coarse:H64-M16-F4:44	hmf_coarse	false	
spi:HMF:h24:m133	spi	HMF	H64-M16-F4	24	133	1	spi:hmf_coarse:H64-M16-F4:53	hmf_coarse	false	
spi:HMF:h24:m146	spi	HMF	H64-M16-F4	24	146	1	spi:hmf_coarse:H64-M16-F4:54	hmf_coarse	false	
spi:HMF:h24:m159	spi	HMF	H64-M16-F4	24	159	1	spi:hmf_coarse:H64-M16-F4:55	hmf_coarse	false	
spi:HMF:h24:m172	spi	HMF	H64-M16-F4	24	172	1	spi:hmf_coarse:H64-M16-F4:56	hmf_coarse	false	
spi:HMF:h24:m186	spi	HMF	H64-M16-F4	24	186	1	spi:hmf_coarse:H64-M16-F4:57	hmf_coarse	false	
spi:HMF:h24:m199	spi	HMF	H64-M16-F4	24	199	1	spi:hmf_coarse:H64-M16-F4:58	hmf_coarse	false	
spi:HMF:h24:m211	spi	HMF	H64-M16-F4	24	211	1	spi:hmf_coarse:H64-M16-F4:59	hmf_coarse	false	
spi:HMF:h24:m224	spi	HMF	H64-M16-F4	24	224	1	spi:hmf_coarse:H64-M16-F4:60	hmf_coarse	false	
spi:HMF:h24:m238	spi	HMF	H64-M16-F4	24	238	1	spi:hmf_coarse:H64-M16-F4:61	hmf_coarse	false	
spi:HMF:h24:m252	spi	HMF	H64-M16-F4	24	252	1	spi:hmf_coarse:H64-M16-F4:62	hmf_coarse	false	
spi:HMF:h24:m265	spi	HMF	H64-M16-F4	24	265	1	spi:hmf_coarse:H64-M16-F4:63	hmf_coarse	false	
spi:HMF:h24:m27	spi	HMF	H64-M16-F4	24	27	1	spi:hmf_coarse:H64-M16-F4:45	hmf_coarse	false	
spi:HMF:h24:m40	spi	HMF	H64-M16-F4	24	40	1	spi:hmf_coarse:H64-M16-F4:46	hmf_coarse	false	
spi:HMF:h24:m53	spi	HMF	H64-M16-F4	24	53	1	spi:hmf_coarse:H64-M16-F4:47	hmf_coarse	false	
spi:HMF:h24:m66	spi	HMF	H64-M16-F4	24	66	1	spi:hmf_coarse:H64-M16-F4:48	hmf_coarse	false	
spi:HMF:h24:m80	spi	HMF	H64-M16-F4	24	80	1	spi:hmf_coarse:H64-M16-F4:49	hmf_coarse	false	
spi:HMF:h24:m93	spi	HMF	H64-M16-F4	24	93	1	spi:hmf_coarse:H64-M16-F4:50	hmf_coarse	false	
spi:HMF:h35:m1	spi	HMF	H64-M16-F4	35	1	1	spi:hmf_coarse:H64-M16-F4:64	hmf_coarse	false	
spi:HMF:h35:m106	spi	HMF	H64-M16-F4	35	106	1	spi:hmf_coarse:H64-M16-F4:72	hmf_coarse	false	
spi:HMF:h35:m119	spi	HMF	H64-M16-F4	35	119	1	spi:hmf_coarse:H64-M16-F4:73	hmf_coarse	false	
spi:HMF:h35:m13	spi	HMF	H64-M16-F4	35	13	1	spi:hmf_coarse:H64-M16-F4:65	hmf_coarse	false	
spi:HMF:h35:m132	spi	HMF	H64-M16-F4	35	132	1	spi:hmf_coarse:H64-M16-F4:74	hmf_coarse	false	
spi:HMF:h35:m145	spi	HMF	H64-M16-F4	35	145	1	spi:hmf_coarse:H64-M16-F4:75	hmf_coarse	false	
spi:HMF:h35:m158	spi	HMF	H64-M16-F4	35	158	1	spi:hmf_coarse:H64-M16-F4:76	hmf_coarse	false	
spi:HMF:h35:m172	spi	HMF	H64-M16-F4	35	172	1	spi:hmf_coarse:H64-M16-F4:77	hmf_coarse	false	
spi:HMF:h35:m185	spi	HMF	H64-M16-F4	35	185	1	spi:hmf_coarse:H64-M16-F4:78	hmf_coarse	false	
spi:HMF:h35:m198	spi	HMF	H64-M16-F4	35	198	1	spi:hmf_coarse:H64-M16-F4:79	hmf_coarse	false	
spi:HMF:h35:m211	spi	HMF	H64-M16-F4	35	211	1	spi:hmf_coarse:H64-M16-F4:80	hmf_coarse	false	
spi:HMF:h35:m224	spi	HMF	H64-M16-F4	35	224	1	spi:hmf_coarse:H64-M16-F4:81	hmf_coarse	false	
spi:HMF:h35:m238	spi	HMF	H64-M16-F4	35	238	1	spi:hmf_coarse:H64-M16-F4:82	hmf_coarse	false	
spi:HMF:h35:m251	spi	HMF	H64-M16-F4	35	251	1	spi:hmf_coarse:H64-M16-F4:83	hmf_coarse	false	
spi:HMF:h35:m26	spi	HMF	H64-M16-F4	35	26	1	spi:hmf_coarse:H64-M16-F4:66	hmf_coarse	false	
spi:HMF:h35:m264	spi	HMF	H64-M16-F4	35	264	1	spi:hmf_coarse:H64-M16-F4:84	hmf_coarse	false	
spi:HMF:h35:m40	spi	HMF	H64-M16-F4	35	40	1	spi:hmf_coarse:H64-M16-F4:67	hmf_coarse	false	
spi:HMF:h35:m53	spi	HMF	H64-M16-F4	35	53	1	spi:hmf_coarse:H64-M16-F4:68	hmf_coarse	false	
spi:HMF:h35:m66	spi	HMF	H64-M16-F4	35	66	1	spi:hmf_coarse:H64-M16-F4:69	hmf_coarse	false	
spi:HMF:h35:m79	spi	HMF	H64-M16-F4	35	79	1	spi:hmf_coarse:H64-M16-F4:70	hmf_coarse	false	
spi:HMF:h35:m92	spi	HMF	H64-M16-F4	35	92	1	spi:hmf_coarse:H64-M16-F4:71	hmf_coarse	false	
spi:HMF:h47:m1	spi	HMF	H64-M16-F4	47	1	1	spi:hmf_coarse:H64-M16-F4:85	hmf_coarse	false	
spi:HMF:h47:m102	spi	HMF	H64-M16-F4	47	102	1	spi:hmf_coarse:H64-M16-F4:93	hmf_coarse	false	
spi:HMF:h47:m115	spi	HMF	H64-M16-F4	47	115	1	spi:hmf_coarse:H64-M16-F4:94	hmf_coarse	false	
spi:HMF:h47:m128	spi	HMF	H64-M16-F4	47	128	1	spi:hmf_coarse:H64-M16-F4:95	hmf_coarse	false	
spi:HMF:h47:m13	spi	HMF	H64-M16-F4	47	13	1	spi:hmf_coarse:H64-M16-F4:86	hmf_coarse	false	
spi:HMF:h47:m141	spi	HMF	H64-M16-F4	47	141	1	spi:hmf_coarse:H64-M16-F4:96	hmf_coarse	false	
spi:HMF:h47:m154	spi	HMF	H64-M16-F4	47	154	1	spi:hmf_coarse:H64-M16-F4:97	hmf_coarse	false	
spi:HMF:h47:m166	spi	HMF	H64-M16-F4	47	166	1	spi:hmf_coarse:H64-M16-F4:98	hmf_coarse	false	
spi:HMF:h47:m179	spi	HMF	H64-M16-F4	47	179	1	spi:hmf_coarse:H64-M16-F4:99	hmf_coarse	false	
spi:HMF:h47:m192	spi	HMF	H64-M16-F4	47	192	1	spi:hmf_coarse:H64-M16-F4:100	hmf_coarse	false	
spi:HMF:h47:m205	spi	HMF	H64-M16-F4	47	205	1	spi:hmf_coarse:H64-M16-F4:101	hmf_coarse	false	
spi:HMF:h47:m218	spi	HMF	H64-M16-F4	47	218	1	spi:hmf_coarse:H64-M16-F4:102	hmf_coarse	false	
spi:HMF:h47:m230	spi	HMF	H64-M16-F4	47	230	1	spi:hmf_coarse:H64-M16-F4:103	hmf_coarse	false	
spi:HMF:h47:m243	spi	HMF	H64-M16-F4	47	243	1	spi:hmf_coarse:H64-M16-F4:104	hmf_coarse	false	
spi:HMF:h47:m256	spi	HMF	H64-M16-F4	47	256	1	spi:hmf_coarse:H64-M16-F4:105	hmf_coarse	false	
spi:HMF:h47:m26	spi	HMF	H64-M16-F4	47	26	1	spi:hmf_coarse:H64-M16-F4:87	hmf_coarse	false	
spi:HMF:h47:m38	spi	HMF	H64-M16-F4	47	38	1	spi:hmf_coarse:H64-M16-F4:88	hmf_coarse	false	
spi:HMF:h47:m51	spi	HMF	H64-M16-F4	47	51	1	spi:hmf_coarse:H64-M16-F4:89	hmf_coarse	false	
spi:HMF:h47:m64	spi	HMF	H64-M16-F4	47	64	1	spi:hmf_coarse:H64-M16-F4:90	hmf_coarse	false	
spi:HMF:h47:m77	spi	HMF	H64-M16-F4	47	77	1	spi:hmf_coarse:H64-M16-F4:91	hmf_coarse	false	
spi:HMF:h47:m90	spi	HMF	H64-M16-F4	47	90	1	spi:hmf_coarse:H64-M16-F4:92	hmf_coarse	false	
spi:HMF:h59:m1	spi	HMF	H64-M16-F4	59	1	1	spi:hmf_coarse:H64-M16-F4:106	hmf_coarse	false	
spi:HMF:h59:m109	spi	HMF	H64-M16-F4	59	109	1	spi:hmf_coarse:H64-M16-F4:115	hmf_coarse	false	
spi:HMF:h59:m12	spi	HMF	H64-M16-F4	59	12	1	spi:hmf_coarse:H64-M16-F4:107	hmf_coarse	false	
spi:HMF:h59:m122	spi	HMF	H64-M16-F4	59	122	1	spi:hmf_coarse:H64-M16-F4:116	hmf_coarse	false	
spi:HMF:h59:m134	spi	HMF	H64-M16-F4	59	134	1	spi:hmf_coarse:H64-M16-F4:117	hmf_coarse	false	
spi:HMF:h59:m146	spi	HMF	H64-M16-F4	59	146	1	spi:hmf_coarse:H64-M16-F4:118	hmf_coarse	false	
spi:HMF:h59:m158	spi	HMF	H64-M16-F4	59	158	1	spi:hmf_coarse:H64-M16-F4:119	hmf_coarse	false	
spi:HMF:h59:m170	spi	HMF	H64-M16-F4	59	170	1	spi:hmf_coarse:H64-M16-F4:120	hmf_coarse	false	
spi:HMF:h59:m182	spi	HMF	H64-M16-F4	59	182	1	spi:hmf_coarse:H64-M16-F4:121	hmf_coarse	false	
spi:HMF:h59:m194	spi	HMF	H64-M16-F4	59	194	1	spi:hmf_coarse:H64-M16-F4:122	hmf_coarse	false	
spi:HMF:h59:m207	spi	HMF	H64-M16-F4	59	207	1	spi:hmf_coarse:H64-M16-F4:123	hmf_coarse	false	
spi:HMF:h59:m219	spi	HMF	H64-M16-F4	59	219	1	spi:hmf_coarse:H64-M16-F4:124	hmf_coarse	false	
spi:HMF:h59:m231	spi	HMF	H64-M16-F4	59	231	1	spi:hmf_coarse:H64-M16-F4:125	hmf_coarse	false	
spi:HMF:h59:m24	spi	HMF	H64-M16-F4	59	24	1	spi:hmf_coarse:H64-M16-F4:108	hmf_coarse	false	
spi:HMF:h59:m243	spi	HMF	H64-M16-F4	59	243	1	spi:hmf_coarse:H64-M16-F4:126	hmf_coarse	false	
spi:HMF:h59:m36	spi	HMF	H64-M16-F4	59	36	1	spi:hmf_coarse:H64-M16-F4:109	hmf_coarse	false	
spi:HMF:h59:m49	spi	HMF	H64-M16-F4	59	49	1	spi:hmf_coarse:H64-M16-F4:110	hmf_coarse	false	
spi:HMF:h59:m61	spi	HMF	H64-M16-F4	59	61	1	spi:hmf_coarse:H64-M16-F4:111	hmf_coarse	false	
spi:HMF:h59:m73	spi	HMF	H64-M16-F4	59	73	1	spi:hmf_coarse:H64-M16-F4:112	hmf_coarse	false	
spi:HMF:h59:m85	spi	HMF	H64-M16-F4	59	85	1	spi:hmf_coarse:H64-M16-F4:113	hmf_coarse	false	
spi:HMF:h59:m97	spi	HMF	H64-M16-F4	59	97	1	spi:hmf_coarse:H64-M16-F4:114	hmf_coarse	false	
spi:HMF:h71:m1	spi	HMF	H64-M16-F4	71	1	1	spi:hmf_coarse:H64-M16-F4:127	hmf_coarse	false	
spi:HMF:h71:m108	spi	HMF	H64-M16-F4	71	108	1	spi:hmf_coarse:H64-M16-F4:136	hmf_coarse	false	
spi:HMF:h71:m12	spi	HMF	H64-M16-F4	71	12	1	spi:hmf_coarse:H64-M16-F4:128	hmf_coarse	false	
spi:HMF:h71:m120	spi	HMF	H64-M16-F4	71	120	1	spi:hmf_coarse:H64-M16-F4:137	hmf_coarse	false	
spi:HMF:h71:m131	spi	HMF	H64-M16-F4	71	131	1	spi:hmf_coarse:H64-M16-F4:138	hmf_coarse	false	
spi:HMF:h71:m143	spi	HMF	H64-M16-F4	71	143	1	spi:hmf_coarse:H64-M16-F4:139	hmf_coarse	false	
spi:HMF:h71:m155	spi	HMF	H64-M16-F4	71	155	1	spi:hmf_coarse:H64-M16-F4:140	hmf_coarse	false	
spi:HMF:h71:m167	spi	HMF	H64-M16-F4	71	167	1	spi:hmf_coarse:H64-M16-F4:141	hmf_coarse	false	
spi:HMF:h71:m179	spi	HMF	H64-M16-F4	71	179	1	spi:hmf_coarse:H64-M16-F4:142	hmf_coarse	false	
spi:HMF:h71:m191	spi	HMF	H64-M16-F4	71	191	1	spi:hmf_coarse:H64-M16-F4:143	hmf_coarse	false	
spi:HMF:h71:m203	spi	HMF	H64-M16-F4	71	203	1	spi:hmf_coarse:H64-M16-F4:144	hmf_coarse	false	
spi:HMF:h71:m215	spi	HMF	H64-M16-F4	71	215	1	spi:hmf_coarse:H64-M16-F4:145	hmf_coarse	false	
spi:HMF:h71:m227	spi	HMF	H64-M16-F4	71	227	1	spi:hmf_coarse:H64-M16-F4:146	hmf_coarse	false	
spi:HMF:h71:m239	spi	HMF	H64-M16-F4	71	239	1	spi:hmf_coarse:H64-M16-F4:147	hmf_coarse	false	
spi:HMF:h71:m24	spi	HMF	H64-M16-F4	71	24	1	spi:hmf_coarse:H64-M16-F4:129	hmf_coarse	false	
spi:HMF:h71:m36	spi	HMF	H64-M16-F4	71	36	1	spi:hmf_coarse:H64-M16-F4:130	hmf_coarse	false	
spi:HMF:h71:m48	spi	HMF	H64-M16-F4	71	48	1	spi:hmf_coarse:H64-M16-F4:131	hmf_coarse	false	
spi:HMF:h71:m60	spi	HMF	H64-M16-F4	71	60	1	spi:hmf_coarse:H64-M16-F4:132	hmf_coarse	false	
spi:HMF:h71:m72	spi	HMF	H64-M16-F4	71	72	1	spi:hmf_coarse:H64-M16-F4:133	hmf_coarse	false	
spi:HMF:h71:m84	spi	HMF	H64-M16-F4	71	84	1	spi:hmf_coarse:H64-M16-F4:134	hmf_coarse	false	
spi:HMF:h71:m96	spi	HMF	H64-M16-F4	71	96	1	spi:hmf_coarse:H64-M16-F4:135	hmf_coarse	false	
spi:HMF:h82:m1	spi	HMF	H64-M16-F4	82	1	1	spi:hmf_coarse:H64-M16-F4:148	hmf_coarse	false	
spi:HMF:h82:m104	spi	HMF	H64-M16-F4	82	104	1	spi:hmf_coarse:H64-M16-F4:157	hmf_coarse	false	
spi:HMF:h82:m116	spi	HMF	H64-M16-F4	82	116	1	spi:hmf_coarse:H64-M16-F4:158	hmf_coarse	false	
spi:HMF:h82:m12	spi	HMF	H64-M16-F4	82	12	1	spi:hmf_coarse:H64-M16-F4:149	hmf_coarse	false	
spi:HMF:h82:m128	spi	HMF	H64-M16-F4	82	128	1	spi:hmf_coarse:H64-M16-F4:159	hmf_coarse	false	
spi:HMF:h82:m139	spi	HMF	H64-M16-F4	82	139	1	spi:hmf_coarse:H64-M16-F4:160	hmf_coarse	false	
spi:HMF:h82:m151	spi	HMF	H64-M16-F4	82	151	1	spi:hmf_coarse:H64-M16-F4:161	hmf_coarse	false	
spi:HMF:h82:m162	spi	HMF	H64-M16-F4	82	162	1	spi:hmf_coarse:H64-M16-F4:162	hmf_coarse	false	
spi:HMF:h82:m174	spi	HMF	H64-M16-F4	82	174	1	spi:hmf_coarse:H64-M16-F4:163	hmf_coarse	false	
spi:HMF:h82:m186	spi	HMF	H64-M16-F4	82	186	1	spi:hmf_coarse:H64-M16-F4:164	hmf_coarse	false	
spi:HMF:h82:m197	spi	HMF	H64-M16-F4	82	197	1	spi:hmf_coarse:H64-M16-F4:165	hmf_coarse	false	
spi:HMF:h82:m209	spi	HMF	H64-M16-F4	82	209	1	spi:hmf_coarse:H64-M16-F4:166	hmf_coarse	false	
spi:HMF:h82:m220	spi	HMF	H64-M16-F4	82	220	1	spi:hmf_coarse:H64-M16-F4:167	hmf_coarse	false	
spi:HMF:h82:m23	spi	HMF	H64-M16-F4	82	23	1	spi:hmf_coarse:H64-M16-F4:150	hmf_coarse	false	
spi:HMF:h82:m232	spi	HMF	H64-M16-F4	82	232	1	spi:hmf_coarse:H64-M16-F4:168	hmf_coarse	false	
spi:HMF:h82:m35	spi	HMF	H64-M16-F4	82	35	1	spi:hmf_coarse:H64-M16-F4:151	hmf_coarse	false	
spi:HMF:h82:m46	spi	HMF	H64-M16-F4	82	46	1	spi:hmf_coarse:H64-M16-F4:152	hmf_coarse	false	
spi:HMF:h82:m58	spi	HMF	H64-M16-F4	82	58	1	spi:hmf_coarse:H64-M16-F4:153	hmf_coarse	false	
spi:HMF:h82:m70	spi	HMF	H64-M16-F4	82	70	1	spi:hmf_coarse:H64-M16-F4:154	hmf_coarse	false	
spi:HMF:h82:m81	spi	HMF	H64-M16-F4	82	81	1	spi:hmf_coarse:H64-M16-F4:155	hmf_coarse	false	
spi:HMF:h82:m93	spi	HMF	H64-M16-F4	82	93	1	spi:hmf_coarse:H64-M16-F4:156	hmf_coarse	false	
spi:HMF:h94:m1	spi	HMF	H64-M16-F4	94	1	1	spi:hmf_coarse:H64-M16-F4:169	hmf_coarse	false	
spi:HMF:h94:m100	spi	HMF	H64-M16-F4	94	100	1	spi:hmf_coarse:H64-M16-F4:178	hmf_coarse	false	
spi:HMF:h94:m11	spi	HMF	H64-M16-F4	94	11	1	spi:hmf_coarse:H64-M16-F4:170	hmf_coarse	false	
spi:HMF:h94:m112	spi	HMF	H64-M16-F4	94	112	1	spi:hmf_coarse:H64-M16-F4:179	hmf_coarse	false	
spi:HMF:h94:m123	spi	HMF	H64-M16-F4	94	123	1	spi:hmf_coarse:H64-M16-F4:180	hmf_coarse	false	
spi:HMF:h94:m134	spi	HMF	H64-M16-F4	94	134	1	spi:hmf_coarse:H64-M16-F4:181	hmf_coarse	false	
spi:HMF:h94:m145	spi	HMF	H64-M16-F4	94	145	1	spi:hmf_coarse:H64-M16-F4:182	hmf_coarse	false	
spi:HMF:h94:m156	spi	HMF	H64-M16-F4	94	156	1	spi:hmf_coarse:H64-M16-F4:183	hmf_coarse	false	
spi:HMF:h94:m167	spi	HMF	H64-M16-F4	94	167	1	spi:hmf_coarse:H64-M16-F4:184	hmf_coarse	false	
spi:HMF:h94:m178	spi	HMF	H64-M16-F4	94	178	1	spi:hmf_coarse:H64-M16-F4:185	hmf_coarse	false	
spi:HMF:h94:m190	spi	HMF	H64-M16-F4	94	190	1	spi:hmf_coarse:H64-M16-F4:186	hmf_coarse	false	
spi:HMF:h94:m201	spi	HMF	H64-M16-F4	94	201	1	spi:hmf_coarse:H64-M16-F4:187	hmf_coarse	false	
spi:HMF:h94:m212	spi	HMF	H64-M16-F4	94	212	1	spi:hmf_coarse:H64-M16-F4:188	hmf_coarse	false	
spi:HMF:h94:m22	spi	HMF	H64-M16-F4	94	22	1	spi:hmf_coarse:H64-M16-F4:171	hmf_coarse	false	
spi:HMF:h94:m223	spi	HMF	H64-M16-F4	94	223	1	spi:hmf_coarse:H64-M16-F4:189	hmf_coarse	false	
spi:HMF:h94:m33	spi	HMF	H64-M16-F4	94	33	1	spi:hmf_coarse:H64-M16-F4:172	hmf_coarse	false	
spi:HMF:h94:m45	spi	HMF	H64-M16-F4	94	45	1	spi:hmf_coarse:H64-M16-F4:173	hmf_coarse	false	
spi:HMF:h94:m56	spi	HMF	H64-M16-F4	94	56	1	spi:hmf_coarse:H64-M16-F4:174	hmf_coarse	false	
spi:HMF:h94:m67	spi	HMF	H64-M16-F4	94	67	1	spi:hmf_coarse:H64-M16-F4:175	hmf_coarse	false	
spi:HMF:h94:m78	spi	HMF	H64-M16-F4	94	78	1	spi:hmf_coarse:H64-M16-F4:176	hmf_coarse	false	
spi:HMF:h94:m89	spi	HMF	H64-M16-F4	94	89	1	spi:hmf_coarse:H64-M16-F4:177	hmf_coarse	false	
tv80:HF:h1	tv80	HF	H64-F4	1		1	tv80:hf_coarse:H64-F4:1	hf_coarse	false	
tv80:HF:h109	tv80	HF	H64-F4	109		1	tv80:hf_coarse:H64-F4:5	hf_coarse	false	
tv80:HF:h137	tv80	HF	H64-F4	137		1	tv80:hf_coarse:H64-F4:6	hf_coarse	false	
tv80:HF:h164	tv80	HF	H64-F4	164		1	tv80:hf_coarse:H64-F4:7	hf_coarse	false	
tv80:HF:h191	tv80	HF	H64-F4	191		1	tv80:hf_coarse:H64-F4:8	hf_coarse	false	
tv80:HF:h219	tv80	HF	H64-F4	219		2	tv80:hf_coarse:H64-F4:9|tv80:hf_refine:H64-F4:49	hf_coarse|hf_refine	false	
tv80:HF:h246	tv80	HF	H64-F4	246		2	tv80:hf_coarse:H64-F4:10|tv80:hf_refine:H64-F4:50	hf_coarse|hf_refine	false	
tv80:HF:h247	tv80	HF	H64-F4	247		1	tv80:hf_refine:H64-F4:1	hf_refine	false	
tv80:HF:h259	tv80	HF	H64-F4	259		1	tv80:hf_refine:H64-F4:51	hf_refine	false	
tv80:HF:h260	tv80	HF	H64-F4	260		1	tv80:hf_refine:H64-F4:4	hf_refine	false	
tv80:HF:h266	tv80	HF	H64-F4	266		1	tv80:hf_refine:H64-F4:53	hf_refine	false	
tv80:HF:h267	tv80	HF	H64-F4	267		1	tv80:hf_refine:H64-F4:6	hf_refine	false	
tv80:HF:h268	tv80	HF	H64-F4	268		1	tv80:hf_refine:H64-F4:14	hf_refine	false	
tv80:HF:h27	tv80	HF	H64-F4	27		1	tv80:hf_coarse:H64-F4:2	hf_coarse	false	
tv80:HF:h270	tv80	HF	H64-F4	270		1	tv80:hf_refine:H64-F4:8	hf_refine	false	
tv80:HF:h273	tv80	HF	H64-F4	273		1	tv80:hf_refine:H64-F4:15	hf_refine	false	
tv80:HF:h274	tv80	HF	H64-F4	274		2	tv80:hf_coarse:H64-F4:11|tv80:hf_refine:H64-F4:2	hf_coarse|hf_refine	false	
tv80:HF:h276	tv80	HF	H64-F4	276		1	tv80:hf_refine:H64-F4:10	hf_refine	false	
tv80:HF:h277	tv80	HF	H64-F4	277		1	tv80:hf_refine:H64-F4:12	hf_refine	false	
tv80:HF:h278	tv80	HF	H64-F4	278		1	tv80:hf_refine:H64-F4:9	hf_refine	false	
tv80:HF:h279	tv80	HF	H64-F4	279		1	tv80:hf_refine:H64-F4:13	hf_refine	false	
tv80:HF:h280	tv80	HF	H64-F4	280		1	tv80:hf_refine:H64-F4:11	hf_refine	false	
tv80:HF:h281	tv80	HF	H64-F4	281		1	tv80:hf_refine:H64-F4:7	hf_refine	false	
tv80:HF:h282	tv80	HF	H64-F4	282		1	tv80:hf_refine:H64-F4:55	hf_refine	false	
tv80:HF:h283	tv80	HF	H64-F4	283		1	tv80:hf_refine:H64-F4:16	hf_refine	false	
tv80:HF:h284	tv80	HF	H64-F4	284		1	tv80:hf_refine:H64-F4:54	hf_refine	false	
tv80:HF:h287	tv80	HF	H64-F4	287		1	tv80:hf_refine:H64-F4:52	hf_refine	false	
tv80:HF:h288	tv80	HF	H64-F4	288		1	tv80:hf_refine:H64-F4:5	hf_refine	false	
tv80:HF:h301	tv80	HF	H64-F4	301		2	tv80:hf_coarse:H64-F4:12|tv80:hf_refine:H64-F4:3	hf_coarse|hf_refine	false	
tv80:HF:h307	tv80	HF	H64-F4	307		1	tv80:hf_refine:H64-F4:21	hf_refine	false	
tv80:HF:h314	tv80	HF	H64-F4	314		1	tv80:hf_refine:H64-F4:19	hf_refine	false	
tv80:HF:h315	tv80	HF	H64-F4	315		1	tv80:hf_refine:H64-F4:29	hf_refine	false	
tv80:HF:h317	tv80	HF	H64-F4	317		1	tv80:hf_refine:H64-F4:23	hf_refine	false	
tv80:HF:h320	tv80	HF	H64-F4	320		1	tv80:hf_refine:H64-F4:30	hf_refine	false	
tv80:HF:h321	tv80	HF	H64-F4	321		1	tv80:hf_refine:H64-F4:22	hf_refine	false	
tv80:HF:h322	tv80	HF	H64-F4	322		1	tv80:hf_refine:H64-F4:37	hf_refine	false	
tv80:HF:h323	tv80	HF	H64-F4	323		1	tv80:hf_refine:H64-F4:25	hf_refine	false	
tv80:HF:h324	tv80	HF	H64-F4	324		1	tv80:hf_refine:H64-F4:27	hf_refine	false	
tv80:HF:h325	tv80	HF	H64-F4	325		1	tv80:hf_refine:H64-F4:24	hf_refine	false	
tv80:HF:h326	tv80	HF	H64-F4	326		1	tv80:hf_refine:H64-F4:28	hf_refine	false	
tv80:HF:h327	tv80	HF	H64-F4	327		1	tv80:hf_refine:H64-F4:26	hf_refine	false	
tv80:HF:h328	tv80	HF	H64-F4	328		2	tv80:hf_coarse:H64-F4:13|tv80:hf_refine:H64-F4:17	hf_coarse|hf_refine	false	
tv80:HF:h329	tv80	HF	H64-F4	329		1	tv80:hf_refine:H64-F4:33	hf_refine	false	
tv80:HF:h330	tv80	HF	H64-F4	330		1	tv80:hf_refine:H64-F4:31	hf_refine	false	
tv80:HF:h331	tv80	HF	H64-F4	331		1	tv80:hf_refine:H64-F4:43	hf_refine	false	
tv80:HF:h333	tv80	HF	H64-F4	333		1	tv80:hf_refine:H64-F4:39	hf_refine	false	
tv80:HF:h334	tv80	HF	H64-F4	334		1	tv80:hf_refine:H64-F4:46	hf_refine	false	
tv80:HF:h335	tv80	HF	H64-F4	335		1	tv80:hf_refine:H64-F4:32	hf_refine	false	
tv80:HF:h336	tv80	HF	H64-F4	336		1	tv80:hf_refine:H64-F4:38	hf_refine	false	
tv80:HF:h337	tv80	HF	H64-F4	337		1	tv80:hf_refine:H64-F4:45	hf_refine	false	
tv80:HF:h339	tv80	HF	H64-F4	339		1	tv80:hf_refine:H64-F4:44	hf_refine	false	
tv80:HF:h340	tv80	HF	H64-F4	340		1	tv80:hf_refine:H64-F4:47	hf_refine	false	
tv80:HF:h342	tv80	HF	H64-F4	342		1	tv80:hf_refine:H64-F4:20	hf_refine	false	
tv80:HF:h343	tv80	HF	H64-F4	343		1	tv80:hf_refine:H64-F4:36	hf_refine	false	
tv80:HF:h345	tv80	HF	H64-F4	345		1	tv80:hf_refine:H64-F4:48	hf_refine	false	
tv80:HF:h349	tv80	HF	H64-F4	349		1	tv80:hf_refine:H64-F4:42	hf_refine	false	
tv80:HF:h355	tv80	HF	H64-F4	355		1	tv80:hf_refine:H64-F4:18	hf_refine	false	
tv80:HF:h356	tv80	HF	H64-F4	356		2	tv80:hf_coarse:H64-F4:14|tv80:hf_refine:H64-F4:34	hf_coarse|hf_refine	false	
tv80:HF:h370	tv80	HF	H64-F4	370		1	tv80:hf_refine:H64-F4:41	hf_refine	false	
tv80:HF:h383	tv80	HF	H64-F4	383		2	tv80:hf_coarse:H64-F4:15|tv80:hf_refine:H64-F4:35	hf_coarse|hf_refine	false	
tv80:HF:h410	tv80	HF	H64-F4	410		2	tv80:hf_coarse:H64-F4:16|tv80:hf_refine:H64-F4:40	hf_coarse|hf_refine	false	
tv80:HF:h438	tv80	HF	H64-F4	438		1	tv80:hf_coarse:H64-F4:17	hf_coarse	false	
tv80:HF:h465	tv80	HF	H64-F4	465		1	tv80:hf_coarse:H64-F4:18	hf_coarse	false	
tv80:HF:h492	tv80	HF	H64-F4	492		1	tv80:hf_coarse:H64-F4:19	hf_coarse	false	
tv80:HF:h520	tv80	HF	H64-F4	520		1	tv80:hf_coarse:H64-F4:20	hf_coarse	false	
tv80:HF:h547	tv80	HF	H64-F4	547		1	tv80:hf_coarse:H64-F4:21	hf_coarse	false	
tv80:HF:h55	tv80	HF	H64-F4	55		1	tv80:hf_coarse:H64-F4:3	hf_coarse	false	
tv80:HF:h82	tv80	HF	H64-F4	82		1	tv80:hf_coarse:H64-F4:4	hf_coarse	false	
tv80:HMF:h1:m1	tv80	HMF	H64-M16-F4	1	1	1	tv80:hmf_coarse:H64-M16-F4:1	hmf_coarse	false	
tv80:HMF:h1:m103	tv80	HMF	H64-M16-F4	1	103	1	tv80:hmf_coarse:H64-M16-F4:5	hmf_coarse	false	
tv80:HMF:h1:m129	tv80	HMF	H64-M16-F4	1	129	1	tv80:hmf_coarse:H64-M16-F4:6	hmf_coarse	false	
tv80:HMF:h1:m155	tv80	HMF	H64-M16-F4	1	155	1	tv80:hmf_coarse:H64-M16-F4:7	hmf_coarse	false	
tv80:HMF:h1:m181	tv80	HMF	H64-M16-F4	1	181	1	tv80:hmf_coarse:H64-M16-F4:8	hmf_coarse	false	
tv80:HMF:h1:m206	tv80	HMF	H64-M16-F4	1	206	1	tv80:hmf_coarse:H64-M16-F4:9	hmf_coarse	false	
tv80:HMF:h1:m232	tv80	HMF	H64-M16-F4	1	232	1	tv80:hmf_coarse:H64-M16-F4:10	hmf_coarse	false	
tv80:HMF:h1:m26	tv80	HMF	H64-M16-F4	1	26	1	tv80:hmf_coarse:H64-M16-F4:2	hmf_coarse	false	
tv80:HMF:h1:m52	tv80	HMF	H64-M16-F4	1	52	1	tv80:hmf_coarse:H64-M16-F4:3	hmf_coarse	false	
tv80:HMF:h1:m77	tv80	HMF	H64-M16-F4	1	77	1	tv80:hmf_coarse:H64-M16-F4:4	hmf_coarse	false	
tv80:HMF:h109:m1	tv80	HMF	H64-M16-F4	109	1	1	tv80:hmf_coarse:H64-M16-F4:85	hmf_coarse	false	
tv80:HMF:h109:m109	tv80	HMF	H64-M16-F4	109	109	1	tv80:hmf_coarse:H64-M16-F4:90	hmf_coarse	false	
tv80:HMF:h109:m131	tv80	HMF	H64-M16-F4	109	131	1	tv80:hmf_coarse:H64-M16-F4:91	hmf_coarse	false	
tv80:HMF:h109:m22	tv80	HMF	H64-M16-F4	109	22	1	tv80:hmf_coarse:H64-M16-F4:86	hmf_coarse	false	
tv80:HMF:h109:m44	tv80	HMF	H64-M16-F4	109	44	1	tv80:hmf_coarse:H64-M16-F4:87	hmf_coarse	false	
tv80:HMF:h109:m66	tv80	HMF	H64-M16-F4	109	66	1	tv80:hmf_coarse:H64-M16-F4:88	hmf_coarse	false	
tv80:HMF:h109:m87	tv80	HMF	H64-M16-F4	109	87	1	tv80:hmf_coarse:H64-M16-F4:89	hmf_coarse	false	
tv80:HMF:h137:m1	tv80	HMF	H64-M16-F4	137	1	1	tv80:hmf_coarse:H64-M16-F4:106	hmf_coarse	false	
tv80:HMF:h137:m106	tv80	HMF	H64-M16-F4	137	106	1	tv80:hmf_coarse:H64-M16-F4:111	hmf_coarse	false	
tv80:HMF:h137:m107	tv80	HMF	H64-M16-F4	137	107	1	tv80:hmf_refine:H64-M16-F4:74	hmf_refine	false	
tv80:HMF:h137:m21	tv80	HMF	H64-M16-F4	137	21	1	tv80:hmf_coarse:H64-M16-F4:107	hmf_coarse	false	
tv80:HMF:h137:m42	tv80	HMF	H64-M16-F4	137	42	1	tv80:hmf_coarse:H64-M16-F4:108	hmf_coarse	false	
tv80:HMF:h137:m55	tv80	HMF	H64-M16-F4	137	55	1	tv80:hmf_refine:H64-M16-F4:72	hmf_refine	false	
tv80:HMF:h137:m63	tv80	HMF	H64-M16-F4	137	63	1	tv80:hmf_coarse:H64-M16-F4:109	hmf_coarse	false	
tv80:HMF:h137:m81	tv80	HMF	H64-M16-F4	137	81	1	tv80:hmf_refine:H64-M16-F4:73	hmf_refine	false	
tv80:HMF:h137:m85	tv80	HMF	H64-M16-F4	137	85	1	tv80:hmf_coarse:H64-M16-F4:110	hmf_coarse	false	
tv80:HMF:h139:m100	tv80	HMF	H64-M16-F4	139	100	1	tv80:hmf_refine:H64-M16-F4:124	hmf_refine	false	
tv80:HMF:h139:m85	tv80	HMF	H64-M16-F4	139	85	1	tv80:hmf_refine:H64-M16-F4:121	hmf_refine	false	
tv80:HMF:h139:m90	tv80	HMF	H64-M16-F4	139	90	1	tv80:hmf_refine:H64-M16-F4:122	hmf_refine	false	
tv80:HMF:h139:m95	tv80	HMF	H64-M16-F4	139	95	1	tv80:hmf_refine:H64-M16-F4:123	hmf_refine	false	
tv80:HMF:h143:m101	tv80	HMF	H64-M16-F4	143	101	1	tv80:hmf_refine:H64-M16-F4:91	hmf_refine	false	
tv80:HMF:h143:m87	tv80	HMF	H64-M16-F4	143	87	1	tv80:hmf_refine:H64-M16-F4:89	hmf_refine	false	
tv80:HMF:h143:m94	tv80	HMF	H64-M16-F4	143	94	1	tv80:hmf_refine:H64-M16-F4:90	hmf_refine	false	
tv80:HMF:h144:m100	tv80	HMF	H64-M16-F4	144	100	1	tv80:hmf_refine:H64-M16-F4:129	hmf_refine	false	
tv80:HMF:h144:m105	tv80	HMF	H64-M16-F4	144	105	1	tv80:hmf_refine:H64-M16-F4:130	hmf_refine	false	
tv80:HMF:h144:m85	tv80	HMF	H64-M16-F4	144	85	1	tv80:hmf_refine:H64-M16-F4:126	hmf_refine	false	
tv80:HMF:h144:m90	tv80	HMF	H64-M16-F4	144	90	1	tv80:hmf_refine:H64-M16-F4:127	hmf_refine	false	
tv80:HMF:h144:m95	tv80	HMF	H64-M16-F4	144	95	1	tv80:hmf_refine:H64-M16-F4:128	hmf_refine	false	
tv80:HMF:h146:m90	tv80	HMF	H64-M16-F4	146	90	1	tv80:hmf_refine:H64-M16-F4:97	hmf_refine	false	
tv80:HMF:h146:m94	tv80	HMF	H64-M16-F4	146	94	1	tv80:hmf_refine:H64-M16-F4:98	hmf_refine	false	
tv80:HMF:h146:m98	tv80	HMF	H64-M16-F4	146	98	1	tv80:hmf_refine:H64-M16-F4:99	hmf_refine	false	
tv80:HMF:h148:m92	tv80	HMF	H64-M16-F4	148	92	1	tv80:hmf_refine:H64-M16-F4:105	hmf_refine	false	
tv80:HMF:h148:m94	tv80	HMF	H64-M16-F4	148	94	1	tv80:hmf_refine:H64-M16-F4:106	hmf_refine	false	
tv80:HMF:h148:m96	tv80	HMF	H64-M16-F4	148	96	1	tv80:hmf_refine:H64-M16-F4:107	hmf_refine	false	
tv80:HMF:h149:m85	tv80	HMF	H64-M16-F4	149	85	1	tv80:hmf_refine:H64-M16-F4:131	hmf_refine	false	
tv80:HMF:h149:m90	tv80	HMF	H64-M16-F4	149	90	1	tv80:hmf_refine:H64-M16-F4:132	hmf_refine	false	
tv80:HMF:h149:m93	tv80	HMF	H64-M16-F4	149	93	1	tv80:hmf_refine:H64-M16-F4:113	hmf_refine	false	
tv80:HMF:h149:m94	tv80	HMF	H64-M16-F4	149	94	1	tv80:hmf_refine:H64-M16-F4:114	hmf_refine	false	
tv80:HMF:h149:m95	tv80	HMF	H64-M16-F4	149	95	1	tv80:hmf_refine:H64-M16-F4:115	hmf_refine	false	
tv80:HMF:h150:m68	tv80	HMF	H64-M16-F4	150	68	1	tv80:hmf_refine:H64-M16-F4:81	hmf_refine	false	
tv80:HMF:h150:m81	tv80	HMF	H64-M16-F4	150	81	1	tv80:hmf_refine:H64-M16-F4:82	hmf_refine	false	
tv80:HMF:h150:m87	tv80	HMF	H64-M16-F4	150	87	1	tv80:hmf_refine:H64-M16-F4:92	hmf_refine	false	
tv80:HMF:h150:m90	tv80	HMF	H64-M16-F4	150	90	1	tv80:hmf_refine:H64-M16-F4:100	hmf_refine	false	
tv80:HMF:h150:m92	tv80	HMF	H64-M16-F4	150	92	1	tv80:hmf_refine:H64-M16-F4:108	hmf_refine	false	
tv80:HMF:h150:m93	tv80	HMF	H64-M16-F4	150	93	1	tv80:hmf_refine:H64-M16-F4:116	hmf_refine	false	
tv80:HMF:h150:m94	tv80	HMF	H64-M16-F4	150	94	1	tv80:hmf_refine:H64-M16-F4:83	hmf_refine	false	
tv80:HMF:h150:m95	tv80	HMF	H64-M16-F4	150	95	1	tv80:hmf_refine:H64-M16-F4:117	hmf_refine	false	
tv80:HMF:h150:m96	tv80	HMF	H64-M16-F4	150	96	1	tv80:hmf_refine:H64-M16-F4:109	hmf_refine	false	
tv80:HMF:h150:m98	tv80	HMF	H64-M16-F4	150	98	1	tv80:hmf_refine:H64-M16-F4:101	hmf_refine	false	
tv80:HMF:h151:m93	tv80	HMF	H64-M16-F4	151	93	1	tv80:hmf_refine:H64-M16-F4:118	hmf_refine	false	
tv80:HMF:h151:m94	tv80	HMF	H64-M16-F4	151	94	1	tv80:hmf_refine:H64-M16-F4:119	hmf_refine	false	
tv80:HMF:h151:m95	tv80	HMF	H64-M16-F4	151	95	1	tv80:hmf_refine:H64-M16-F4:120	hmf_refine	false	
tv80:HMF:h152:m92	tv80	HMF	H64-M16-F4	152	92	1	tv80:hmf_refine:H64-M16-F4:110	hmf_refine	false	
tv80:HMF:h152:m94	tv80	HMF	H64-M16-F4	152	94	1	tv80:hmf_refine:H64-M16-F4:111	hmf_refine	false	
tv80:HMF:h152:m96	tv80	HMF	H64-M16-F4	152	96	1	tv80:hmf_refine:H64-M16-F4:112	hmf_refine	false	
tv80:HMF:h154:m85	tv80	HMF	H64-M16-F4	154	85	1	tv80:hmf_refine:H64-M16-F4:135	hmf_refine	false	
tv80:HMF:h154:m90	tv80	HMF	H64-M16-F4	154	90	1	tv80:hmf_refine:H64-M16-F4:102	hmf_refine	false	
tv80:HMF:h154:m94	tv80	HMF	H64-M16-F4	154	94	1	tv80:hmf_refine:H64-M16-F4:103	hmf_refine	false	
tv80:HMF:h154:m95	tv80	HMF	H64-M16-F4	154	95	1	tv80:hmf_refine:H64-M16-F4:136	hmf_refine	false	
tv80:HMF:h154:m98	tv80	HMF	H64-M16-F4	154	98	1	tv80:hmf_refine:H64-M16-F4:104	hmf_refine	false	
tv80:HMF:h157:m87	tv80	HMF	H64-M16-F4	157	87	1	tv80:hmf_refine:H64-M16-F4:94	hmf_refine	false	
tv80:HMF:h157:m94	tv80	HMF	H64-M16-F4	157	94	1	tv80:hmf_refine:H64-M16-F4:95	hmf_refine	false	
tv80:HMF:h159:m85	tv80	HMF	H64-M16-F4	159	85	1	tv80:hmf_refine:H64-M16-F4:139	hmf_refine	false	
tv80:HMF:h159:m90	tv80	HMF	H64-M16-F4	159	90	1	tv80:hmf_refine:H64-M16-F4:140	hmf_refine	false	
tv80:HMF:h164:m1	tv80	HMF	H64-M16-F4	164	1	1	tv80:hmf_coarse:H64-M16-F4:127	hmf_coarse	false	
tv80:HMF:h164:m20	tv80	HMF	H64-M16-F4	164	20	1	tv80:hmf_coarse:H64-M16-F4:128	hmf_coarse	false	
tv80:HMF:h164:m32	tv80	HMF	H64-M16-F4	164	32	1	tv80:hmf_refine:H64-M16-F4:144	hmf_refine	false	
tv80:HMF:h164:m41	tv80	HMF	H64-M16-F4	164	41	1	tv80:hmf_coarse:H64-M16-F4:129	hmf_coarse	false	
tv80:HMF:h164:m55	tv80	HMF	H64-M16-F4	164	55	1	tv80:hmf_refine:H64-M16-F4:75	hmf_refine	false	
tv80:HMF:h164:m58	tv80	HMF	H64-M16-F4	164	58	1	tv80:hmf_refine:H64-M16-F4:145	hmf_refine	false	
tv80:HMF:h164:m61	tv80	HMF	H64-M16-F4	164	61	1	tv80:hmf_coarse:H64-M16-F4:130	hmf_coarse	false	
tv80:HMF:h164:m68	tv80	HMF	H64-M16-F4	164	68	1	tv80:hmf_refine:H64-M16-F4:84	hmf_refine	false	
tv80:HMF:h164:m81	tv80	HMF	H64-M16-F4	164	81	2	tv80:hmf_coarse:H64-M16-F4:131|tv80:hmf_refine:H64-M16-F4:76	hmf_coarse|hmf_refine	false	
tv80:HMF:h164:m84	tv80	HMF	H64-M16-F4	164	84	1	tv80:hmf_refine:H64-M16-F4:146	hmf_refine	false	
tv80:HMF:h178:m68	tv80	HMF	H64-M16-F4	178	68	1	tv80:hmf_refine:H64-M16-F4:86	hmf_refine	false	
tv80:HMF:h178:m81	tv80	HMF	H64-M16-F4	178	81	1	tv80:hmf_refine:H64-M16-F4:87	hmf_refine	false	
tv80:HMF:h191:m1	tv80	HMF	H64-M16-F4	191	1	1	tv80:hmf_coarse:H64-M16-F4:148	hmf_coarse	false	
tv80:HMF:h191:m19	tv80	HMF	H64-M16-F4	191	19	1	tv80:hmf_coarse:H64-M16-F4:149	hmf_coarse	false	
tv80:HMF:h191:m32	tv80	HMF	H64-M16-F4	191	32	1	tv80:hmf_refine:H64-M16-F4:147	hmf_refine	false	
tv80:HMF:h191:m39	tv80	HMF	H64-M16-F4	191	39	1	tv80:hmf_coarse:H64-M16-F4:150	hmf_coarse	false	
tv80:HMF:h191:m55	tv80	HMF	H64-M16-F4	191	55	1	tv80:hmf_refine:H64-M16-F4:78	hmf_refine	false	
tv80:HMF:h191:m58	tv80	HMF	H64-M16-F4	191	58	2	tv80:hmf_coarse:H64-M16-F4:151|tv80:hmf_refine:H64-M16-F4:148	hmf_coarse|hmf_refine	false	
tv80:HMF:h192:m10	tv80	HMF	H64-M16-F4	192	10	1	tv80:hmf_refine:H64-M16-F4:285	hmf_refine	false	
tv80:HMF:h192:m36	tv80	HMF	H64-M16-F4	192	36	1	tv80:hmf_refine:H64-M16-F4:286	hmf_refine	false	
tv80:HMF:h192:m62	tv80	HMF	H64-M16-F4	192	62	1	tv80:hmf_refine:H64-M16-F4:287	hmf_refine	false	
tv80:HMF:h194:m43	tv80	HMF	H64-M16-F4	194	43	1	tv80:hmf_refine:H64-M16-F4:193	hmf_refine	false	
tv80:HMF:h194:m48	tv80	HMF	H64-M16-F4	194	48	1	tv80:hmf_refine:H64-M16-F4:194	hmf_refine	false	
tv80:HMF:h194:m53	tv80	HMF	H64-M16-F4	194	53	1	tv80:hmf_refine:H64-M16-F4:195	hmf_refine	false	
tv80:HMF:h194:m58	tv80	HMF	H64-M16-F4	194	58	1	tv80:hmf_refine:H64-M16-F4:196	hmf_refine	false	
tv80:HMF:h194:m63	tv80	HMF	H64-M16-F4	194	63	1	tv80:hmf_refine:H64-M16-F4:197	hmf_refine	false	
tv80:HMF:h197:m38	tv80	HMF	H64-M16-F4	197	38	1	tv80:hmf_refine:H64-M16-F4:161	hmf_refine	false	
tv80:HMF:h197:m45	tv80	HMF	H64-M16-F4	197	45	1	tv80:hmf_refine:H64-M16-F4:162	hmf_refine	false	
tv80:HMF:h197:m52	tv80	HMF	H64-M16-F4	197	52	1	tv80:hmf_refine:H64-M16-F4:163	hmf_refine	false	
tv80:HMF:h199:m43	tv80	HMF	H64-M16-F4	199	43	1	tv80:hmf_refine:H64-M16-F4:198	hmf_refine	false	
tv80:HMF:h199:m48	tv80	HMF	H64-M16-F4	199	48	1	tv80:hmf_refine:H64-M16-F4:199	hmf_refine	false	
tv80:HMF:h199:m53	tv80	HMF	H64-M16-F4	199	53	1	tv80:hmf_refine:H64-M16-F4:200	hmf_refine	false	
tv80:HMF:h199:m58	tv80	HMF	H64-M16-F4	199	58	1	tv80:hmf_refine:H64-M16-F4:201	hmf_refine	false	
tv80:HMF:h199:m63	tv80	HMF	H64-M16-F4	199	63	1	tv80:hmf_refine:H64-M16-F4:202	hmf_refine	false	
tv80:HMF:h200:m48	tv80	HMF	H64-M16-F4	200	48	1	tv80:hmf_refine:H64-M16-F4:169	hmf_refine	false	
tv80:HMF:h200:m52	tv80	HMF	H64-M16-F4	200	52	1	tv80:hmf_refine:H64-M16-F4:170	hmf_refine	false	
tv80:HMF:h200:m56	tv80	HMF	H64-M16-F4	200	56	1	tv80:hmf_refine:H64-M16-F4:171	hmf_refine	false	
tv80:HMF:h202:m50	tv80	HMF	H64-M16-F4	202	50	1	tv80:hmf_refine:H64-M16-F4:177	hmf_refine	false	
tv80:HMF:h202:m52	tv80	HMF	H64-M16-F4	202	52	1	tv80:hmf_refine:H64-M16-F4:178	hmf_refine	false	
tv80:HMF:h202:m54	tv80	HMF	H64-M16-F4	202	54	1	tv80:hmf_refine:H64-M16-F4:179	hmf_refine	false	
tv80:HMF:h203:m51	tv80	HMF	H64-M16-F4	203	51	1	tv80:hmf_refine:H64-M16-F4:185	hmf_refine	false	
tv80:HMF:h203:m52	tv80	HMF	H64-M16-F4	203	52	1	tv80:hmf_refine:H64-M16-F4:186	hmf_refine	false	
tv80:HMF:h203:m53	tv80	HMF	H64-M16-F4	203	53	1	tv80:hmf_refine:H64-M16-F4:187	hmf_refine	false	
tv80:HMF:h204:m19	tv80	HMF	H64-M16-F4	204	19	1	tv80:hmf_refine:H64-M16-F4:153	hmf_refine	false	
tv80:HMF:h204:m32	tv80	HMF	H64-M16-F4	204	32	1	tv80:hmf_refine:H64-M16-F4:154	hmf_refine	false	
tv80:HMF:h204:m38	tv80	HMF	H64-M16-F4	204	38	1	tv80:hmf_refine:H64-M16-F4:164	hmf_refine	false	
tv80:HMF:h204:m43	tv80	HMF	H64-M16-F4	204	43	1	tv80:hmf_refine:H64-M16-F4:203	hmf_refine	false	
tv80:HMF:h204:m45	tv80	HMF	H64-M16-F4	204	45	1	tv80:hmf_refine:H64-M16-F4:155	hmf_refine	false	
tv80:HMF:h204:m48	tv80	HMF	H64-M16-F4	204	48	1	tv80:hmf_refine:H64-M16-F4:172	hmf_refine	false	
tv80:HMF:h204:m50	tv80	HMF	H64-M16-F4	204	50	1	tv80:hmf_refine:H64-M16-F4:180	hmf_refine	false	
tv80:HMF:h204:m51	tv80	HMF	H64-M16-F4	204	51	1	tv80:hmf_refine:H64-M16-F4:188	hmf_refine	false	
tv80:HMF:h204:m52	tv80	HMF	H64-M16-F4	204	52	1	tv80:hmf_refine:H64-M16-F4:165	hmf_refine	false	
tv80:HMF:h204:m53	tv80	HMF	H64-M16-F4	204	53	1	tv80:hmf_refine:H64-M16-F4:189	hmf_refine	false	
tv80:HMF:h204:m54	tv80	HMF	H64-M16-F4	204	54	1	tv80:hmf_refine:H64-M16-F4:181	hmf_refine	false	
tv80:HMF:h204:m56	tv80	HMF	H64-M16-F4	204	56	1	tv80:hmf_refine:H64-M16-F4:173	hmf_refine	false	
tv80:HMF:h204:m58	tv80	HMF	H64-M16-F4	204	58	1	tv80:hmf_refine:H64-M16-F4:204	hmf_refine	false	
tv80:HMF:h204:m63	tv80	HMF	H64-M16-F4	204	63	1	tv80:hmf_refine:H64-M16-F4:205	hmf_refine	false	
tv80:HMF:h205:m51	tv80	HMF	H64-M16-F4	205	51	1	tv80:hmf_refine:H64-M16-F4:190	hmf_refine	false	
tv80:HMF:h205:m52	tv80	HMF	H64-M16-F4	205	52	1	tv80:hmf_refine:H64-M16-F4:191	hmf_refine	false	
tv80:HMF:h205:m53	tv80	HMF	H64-M16-F4	205	53	1	tv80:hmf_refine:H64-M16-F4:192	hmf_refine	false	
tv80:HMF:h206:m50	tv80	HMF	H64-M16-F4	206	50	1	tv80:hmf_refine:H64-M16-F4:182	hmf_refine	false	
tv80:HMF:h206:m52	tv80	HMF	H64-M16-F4	206	52	1	tv80:hmf_refine:H64-M16-F4:183	hmf_refine	false	
tv80:HMF:h206:m54	tv80	HMF	H64-M16-F4	206	54	1	tv80:hmf_refine:H64-M16-F4:184	hmf_refine	false	
tv80:HMF:h208:m48	tv80	HMF	H64-M16-F4	208	48	1	tv80:hmf_refine:H64-M16-F4:174	hmf_refine	false	
tv80:HMF:h208:m52	tv80	HMF	H64-M16-F4	208	52	1	tv80:hmf_refine:H64-M16-F4:175	hmf_refine	false	
tv80:HMF:h208:m56	tv80	HMF	H64-M16-F4	208	56	1	tv80:hmf_refine:H64-M16-F4:176	hmf_refine	false	
tv80:HMF:h209:m43	tv80	HMF	H64-M16-F4	209	43	1	tv80:hmf_refine:H64-M16-F4:206	hmf_refine	false	
tv80:HMF:h209:m48	tv80	HMF	H64-M16-F4	209	48	1	tv80:hmf_refine:H64-M16-F4:207	hmf_refine	false	
tv80:HMF:h209:m53	tv80	HMF	H64-M16-F4	209	53	1	tv80:hmf_refine:H64-M16-F4:208	hmf_refine	false	
tv80:HMF:h209:m58	tv80	HMF	H64-M16-F4	209	58	1	tv80:hmf_refine:H64-M16-F4:209	hmf_refine	false	
tv80:HMF:h209:m63	tv80	HMF	H64-M16-F4	209	63	1	tv80:hmf_refine:H64-M16-F4:210	hmf_refine	false	
tv80:HMF:h211:m38	tv80	HMF	H64-M16-F4	211	38	1	tv80:hmf_refine:H64-M16-F4:166	hmf_refine	false	
tv80:HMF:h211:m45	tv80	HMF	H64-M16-F4	211	45	1	tv80:hmf_refine:H64-M16-F4:167	hmf_refine	false	
tv80:HMF:h211:m52	tv80	HMF	H64-M16-F4	211	52	1	tv80:hmf_refine:H64-M16-F4:168	hmf_refine	false	
tv80:HMF:h214:m43	tv80	HMF	H64-M16-F4	214	43	1	tv80:hmf_refine:H64-M16-F4:211	hmf_refine	false	
tv80:HMF:h214:m48	tv80	HMF	H64-M16-F4	214	48	1	tv80:hmf_refine:H64-M16-F4:212	hmf_refine	false	
tv80:HMF:h214:m53	tv80	HMF	H64-M16-F4	214	53	1	tv80:hmf_refine:H64-M16-F4:213	hmf_refine	false	
tv80:HMF:h218:m19	tv80	HMF	H64-M16-F4	218	19	1	tv80:hmf_refine:H64-M16-F4:156	hmf_refine	false	
tv80:HMF:h218:m32	tv80	HMF	H64-M16-F4	218	32	1	tv80:hmf_refine:H64-M16-F4:150	hmf_refine	false	
tv80:HMF:h218:m45	tv80	HMF	H64-M16-F4	218	45	1	tv80:hmf_refine:H64-M16-F4:157	hmf_refine	false	
tv80:HMF:h218:m58	tv80	HMF	H64-M16-F4	218	58	1	tv80:hmf_refine:H64-M16-F4:151	hmf_refine	false	
tv80:HMF:h219:m1	tv80	HMF	H64-M16-F4	219	1	1	tv80:hmf_coarse:H64-M16-F4:169	hmf_coarse	false	
tv80:HMF:h219:m10	tv80	HMF	H64-M16-F4	219	10	1	tv80:hmf_refine:H64-M16-F4:288	hmf_refine	false	
tv80:HMF:h219:m18	tv80	HMF	H64-M16-F4	219	18	1	tv80:hmf_coarse:H64-M16-F4:170	hmf_coarse	false	
tv80:HMF:h219:m35	tv80	HMF	H64-M16-F4	219	35	1	tv80:hmf_refine:H64-M16-F4:2	hmf_refine	false	
tv80:HMF:h219:m36	tv80	HMF	H64-M16-F4	219	36	2	tv80:hmf_coarse:H64-M16-F4:171|tv80:hmf_refine:H64-M16-F4:289	hmf_coarse|hmf_refine	false	
tv80:HMF:h219:m54	tv80	HMF	H64-M16-F4	219	54	1	tv80:hmf_coarse:H64-M16-F4:172	hmf_coarse	false	
tv80:HMF:h219:m61	tv80	HMF	H64-M16-F4	219	61	1	tv80:hmf_refine:H64-M16-F4:3	hmf_refine	false	
tv80:HMF:h219:m62	tv80	HMF	H64-M16-F4	219	62	1	tv80:hmf_refine:H64-M16-F4:290	hmf_refine	false	
tv80:HMF:h219:m9	tv80	HMF	H64-M16-F4	219	9	1	tv80:hmf_refine:H64-M16-F4:1	hmf_refine	false	
tv80:HMF:h232:m19	tv80	HMF	H64-M16-F4	232	19	1	tv80:hmf_refine:H64-M16-F4:158	hmf_refine	false	
tv80:HMF:h232:m22	tv80	HMF	H64-M16-F4	232	22	1	tv80:hmf_refine:H64-M16-F4:10	hmf_refine	false	
tv80:HMF:h232:m23	tv80	HMF	H64-M16-F4	232	23	1	tv80:hmf_refine:H64-M16-F4:294	hmf_refine	false	
tv80:HMF:h232:m32	tv80	HMF	H64-M16-F4	232	32	1	tv80:hmf_refine:H64-M16-F4:159	hmf_refine	false	
tv80:HMF:h232:m35	tv80	HMF	H64-M16-F4	232	35	1	tv80:hmf_refine:H64-M16-F4:11	hmf_refine	false	
tv80:HMF:h232:m36	tv80	HMF	H64-M16-F4	232	36	1	tv80:hmf_refine:H64-M16-F4:295	hmf_refine	false	
tv80:HMF:h232:m45	tv80	HMF	H64-M16-F4	232	45	1	tv80:hmf_refine:H64-M16-F4:160	hmf_refine	false	
tv80:HMF:h232:m48	tv80	HMF	H64-M16-F4	232	48	1	tv80:hmf_refine:H64-M16-F4:12	hmf_refine	false	
tv80:HMF:h232:m49	tv80	HMF	H64-M16-F4	232	49	1	tv80:hmf_refine:H64-M16-F4:296	hmf_refine	false	
tv80:HMF:h233:m16	tv80	HMF	H64-M16-F4	233	16	1	tv80:hmf_refine:H64-M16-F4:223	hmf_refine	false	
tv80:HMF:h233:m29	tv80	HMF	H64-M16-F4	233	29	1	tv80:hmf_refine:H64-M16-F4:224	hmf_refine	false	
tv80:HMF:h233:m3	tv80	HMF	H64-M16-F4	233	3	1	tv80:hmf_refine:H64-M16-F4:222	hmf_refine	false	
tv80:HMF:h237:m11	tv80	HMF	H64-M16-F4	237	11	1	tv80:hmf_refine:H64-M16-F4:262	hmf_refine	false	
tv80:HMF:h237:m16	tv80	HMF	H64-M16-F4	237	16	1	tv80:hmf_refine:H64-M16-F4:263	hmf_refine	false	
tv80:HMF:h237:m21	tv80	HMF	H64-M16-F4	237	21	1	tv80:hmf_refine:H64-M16-F4:264	hmf_refine	false	
tv80:HMF:h237:m26	tv80	HMF	H64-M16-F4	237	26	1	tv80:hmf_refine:H64-M16-F4:265	hmf_refine	false	
tv80:HMF:h237:m6	tv80	HMF	H64-M16-F4	237	6	1	tv80:hmf_refine:H64-M16-F4:261	hmf_refine	false	
tv80:HMF:h240:m16	tv80	HMF	H64-M16-F4	240	16	1	tv80:hmf_refine:H64-M16-F4:230	hmf_refine	false	
tv80:HMF:h240:m23	tv80	HMF	H64-M16-F4	240	23	1	tv80:hmf_refine:H64-M16-F4:231	hmf_refine	false	
tv80:HMF:h240:m9	tv80	HMF	H64-M16-F4	240	9	1	tv80:hmf_refine:H64-M16-F4:229	hmf_refine	false	
tv80:HMF:h242:m11	tv80	HMF	H64-M16-F4	242	11	1	tv80:hmf_refine:H64-M16-F4:267	hmf_refine	false	
tv80:HMF:h242:m16	tv80	HMF	H64-M16-F4	242	16	1	tv80:hmf_refine:H64-M16-F4:268	hmf_refine	false	
tv80:HMF:h242:m21	tv80	HMF	H64-M16-F4	242	21	1	tv80:hmf_refine:H64-M16-F4:269	hmf_refine	false	
tv80:HMF:h242:m26	tv80	HMF	H64-M16-F4	242	26	1	tv80:hmf_refine:H64-M16-F4:270	hmf_refine	false	
tv80:HMF:h242:m6	tv80	HMF	H64-M16-F4	242	6	1	tv80:hmf_refine:H64-M16-F4:266	hmf_refine	false	
tv80:HMF:h243:m12	tv80	HMF	H64-M16-F4	243	12	1	tv80:hmf_refine:H64-M16-F4:237	hmf_refine	false	
tv80:HMF:h243:m16	tv80	HMF	H64-M16-F4	243	16	1	tv80:hmf_refine:H64-M16-F4:238	hmf_refine	false	
tv80:HMF:h243:m20	tv80	HMF	H64-M16-F4	243	20	1	tv80:hmf_refine:H64-M16-F4:239	hmf_refine	false	
tv80:HMF:h245:m14	tv80	HMF	H64-M16-F4	245	14	1	tv80:hmf_refine:H64-M16-F4:245	hmf_refine	false	
tv80:HMF:h245:m16	tv80	HMF	H64-M16-F4	245	16	1	tv80:hmf_refine:H64-M16-F4:246	hmf_refine	false	
tv80:HMF:h245:m18	tv80	HMF	H64-M16-F4	245	18	1	tv80:hmf_refine:H64-M16-F4:247	hmf_refine	false	
tv80:HMF:h246:m1	tv80	HMF	H64-M16-F4	246	1	1	tv80:hmf_coarse:H64-M16-F4:190	hmf_coarse	false	
tv80:HMF:h246:m10	tv80	HMF	H64-M16-F4	246	10	1	tv80:hmf_refine:H64-M16-F4:291	hmf_refine	false	
tv80:HMF:h246:m15	tv80	HMF	H64-M16-F4	246	15	1	tv80:hmf_refine:H64-M16-F4:253	hmf_refine	false	
tv80:HMF:h246:m16	tv80	HMF	H64-M16-F4	246	16	1	tv80:hmf_refine:H64-M16-F4:254	hmf_refine	false	
tv80:HMF:h246:m17	tv80	HMF	H64-M16-F4	246	17	1	tv80:hmf_refine:H64-M16-F4:255	hmf_refine	false	
tv80:HMF:h246:m18	tv80	HMF	H64-M16-F4	246	18	1	tv80:hmf_coarse:H64-M16-F4:191	hmf_coarse	false	
tv80:HMF:h246:m22	tv80	HMF	H64-M16-F4	246	22	1	tv80:hmf_refine:H64-M16-F4:13	hmf_refine	false	
tv80:HMF:h246:m23	tv80	HMF	H64-M16-F4	246	23	1	tv80:hmf_refine:H64-M16-F4:297	hmf_refine	false	
tv80:HMF:h246:m35	tv80	HMF	H64-M16-F4	246	35	2	tv80:hmf_coarse:H64-M16-F4:192|tv80:hmf_refine:H64-M16-F4:5	hmf_coarse|hmf_refine	false	
tv80:HMF:h246:m36	tv80	HMF	H64-M16-F4	246	36	1	tv80:hmf_refine:H64-M16-F4:292	hmf_refine	false	
tv80:HMF:h246:m9	tv80	HMF	H64-M16-F4	246	9	1	tv80:hmf_refine:H64-M16-F4:4	hmf_refine	false	
tv80:HMF:h247:m11	tv80	HMF	H64-M16-F4	247	11	1	tv80:hmf_refine:H64-M16-F4:272	hmf_refine	false	
tv80:HMF:h247:m12	tv80	HMF	H64-M16-F4	247	12	1	tv80:hmf_refine:H64-M16-F4:240	hmf_refine	false	
tv80:HMF:h247:m14	tv80	HMF	H64-M16-F4	247	14	1	tv80:hmf_refine:H64-M16-F4:248	hmf_refine	false	
tv80:HMF:h247:m15	tv80	HMF	H64-M16-F4	247	15	1	tv80:hmf_refine:H64-M16-F4:256	hmf_refine	false	
tv80:HMF:h247:m16	tv80	HMF	H64-M16-F4	247	16	1	tv80:hmf_refine:H64-M16-F4:216	hmf_refine	false	
tv80:HMF:h247:m17	tv80	HMF	H64-M16-F4	247	17	1	tv80:hmf_refine:H64-M16-F4:257	hmf_refine	false	
tv80:HMF:h247:m18	tv80	HMF	H64-M16-F4	247	18	1	tv80:hmf_refine:H64-M16-F4:249	hmf_refine	false	
tv80:HMF:h247:m20	tv80	HMF	H64-M16-F4	247	20	1	tv80:hmf_refine:H64-M16-F4:241	hmf_refine	false	
tv80:HMF:h247:m21	tv80	HMF	H64-M16-F4	247	21	1	tv80:hmf_refine:H64-M16-F4:273	hmf_refine	false	
tv80:HMF:h247:m23	tv80	HMF	H64-M16-F4	247	23	1	tv80:hmf_refine:H64-M16-F4:233	hmf_refine	false	
tv80:HMF:h247:m26	tv80	HMF	H64-M16-F4	247	26	1	tv80:hmf_refine:H64-M16-F4:274	hmf_refine	false	
tv80:HMF:h247:m29	tv80	HMF	H64-M16-F4	247	29	1	tv80:hmf_refine:H64-M16-F4:226	hmf_refine	false	
tv80:HMF:h247:m3	tv80	HMF	H64-M16-F4	247	3	1	tv80:hmf_refine:H64-M16-F4:225	hmf_refine	false	
tv80:HMF:h247:m42	tv80	HMF	H64-M16-F4	247	42	1	tv80:hmf_refine:H64-M16-F4:217	hmf_refine	false	
tv80:HMF:h247:m6	tv80	HMF	H64-M16-F4	247	6	1	tv80:hmf_refine:H64-M16-F4:271	hmf_refine	false	
tv80:HMF:h247:m9	tv80	HMF	H64-M16-F4	247	9	1	tv80:hmf_refine:H64-M16-F4:232	hmf_refine	false	
tv80:HMF:h248:m15	tv80	HMF	H64-M16-F4	248	15	1	tv80:hmf_refine:H64-M16-F4:258	hmf_refine	false	
tv80:HMF:h248:m16	tv80	HMF	H64-M16-F4	248	16	1	tv80:hmf_refine:H64-M16-F4:259	hmf_refine	false	
tv80:HMF:h248:m17	tv80	HMF	H64-M16-F4	248	17	1	tv80:hmf_refine:H64-M16-F4:260	hmf_refine	false	
tv80:HMF:h248:m22	tv80	HMF	H64-M16-F4	248	22	1	tv80:hmf_refine:H64-M16-F4:326	hmf_refine	false	
tv80:HMF:h248:m27	tv80	HMF	H64-M16-F4	248	27	1	tv80:hmf_refine:H64-M16-F4:327	hmf_refine	false	
tv80:HMF:h248:m32	tv80	HMF	H64-M16-F4	248	32	1	tv80:hmf_refine:H64-M16-F4:328	hmf_refine	false	
tv80:HMF:h248:m37	tv80	HMF	H64-M16-F4	248	37	1	tv80:hmf_refine:H64-M16-F4:329	hmf_refine	false	
tv80:HMF:h249:m14	tv80	HMF	H64-M16-F4	249	14	1	tv80:hmf_refine:H64-M16-F4:250	hmf_refine	false	
tv80:HMF:h249:m16	tv80	HMF	H64-M16-F4	249	16	1	tv80:hmf_refine:H64-M16-F4:251	hmf_refine	false	
tv80:HMF:h249:m18	tv80	HMF	H64-M16-F4	249	18	1	tv80:hmf_refine:H64-M16-F4:252	hmf_refine	false	
tv80:HMF:h250:m18	tv80	HMF	H64-M16-F4	250	18	1	tv80:hmf_refine:H64-M16-F4:49	hmf_refine	false	
tv80:HMF:h250:m23	tv80	HMF	H64-M16-F4	250	23	1	tv80:hmf_refine:H64-M16-F4:50	hmf_refine	false	
tv80:HMF:h250:m28	tv80	HMF	H64-M16-F4	250	28	1	tv80:hmf_refine:H64-M16-F4:51	hmf_refine	false	
tv80:HMF:h250:m33	tv80	HMF	H64-M16-F4	250	33	1	tv80:hmf_refine:H64-M16-F4:52	hmf_refine	false	
tv80:HMF:h250:m38	tv80	HMF	H64-M16-F4	250	38	1	tv80:hmf_refine:H64-M16-F4:53	hmf_refine	false	
tv80:HMF:h251:m12	tv80	HMF	H64-M16-F4	251	12	1	tv80:hmf_refine:H64-M16-F4:242	hmf_refine	false	
tv80:HMF:h251:m16	tv80	HMF	H64-M16-F4	251	16	1	tv80:hmf_refine:H64-M16-F4:243	hmf_refine	false	
tv80:HMF:h251:m20	tv80	HMF	H64-M16-F4	251	20	1	tv80:hmf_refine:H64-M16-F4:244	hmf_refine	false	
tv80:HMF:h252:m11	tv80	HMF	H64-M16-F4	252	11	1	tv80:hmf_refine:H64-M16-F4:276	hmf_refine	false	
tv80:HMF:h252:m16	tv80	HMF	H64-M16-F4	252	16	1	tv80:hmf_refine:H64-M16-F4:277	hmf_refine	false	
tv80:HMF:h252:m21	tv80	HMF	H64-M16-F4	252	21	1	tv80:hmf_refine:H64-M16-F4:278	hmf_refine	false	
tv80:HMF:h252:m26	tv80	HMF	H64-M16-F4	252	26	1	tv80:hmf_refine:H64-M16-F4:279	hmf_refine	false	
tv80:HMF:h252:m6	tv80	HMF	H64-M16-F4	252	6	1	tv80:hmf_refine:H64-M16-F4:275	hmf_refine	false	
tv80:HMF:h253:m15	tv80	HMF	H64-M16-F4	253	15	1	tv80:hmf_refine:H64-M16-F4:18	hmf_refine	false	
tv80:HMF:h253:m16	tv80	HMF	H64-M16-F4	253	16	1	tv80:hmf_refine:H64-M16-F4:301	hmf_refine	false	
tv80:HMF:h253:m17	tv80	HMF	H64-M16-F4	253	17	1	tv80:hmf_refine:H64-M16-F4:330	hmf_refine	false	
tv80:HMF:h253:m22	tv80	HMF	H64-M16-F4	253	22	1	tv80:hmf_refine:H64-M16-F4:19	hmf_refine	false	
tv80:HMF:h253:m23	tv80	HMF	H64-M16-F4	253	23	1	tv80:hmf_refine:H64-M16-F4:302	hmf_refine	false	
tv80:HMF:h253:m27	tv80	HMF	H64-M16-F4	253	27	1	tv80:hmf_refine:H64-M16-F4:331	hmf_refine	false	
tv80:HMF:h253:m29	tv80	HMF	H64-M16-F4	253	29	1	tv80:hmf_refine:H64-M16-F4:20	hmf_refine	false	
tv80:HMF:h253:m30	tv80	HMF	H64-M16-F4	253	30	1	tv80:hmf_refine:H64-M16-F4:303	hmf_refine	false	
tv80:HMF:h253:m32	tv80	HMF	H64-M16-F4	253	32	1	tv80:hmf_refine:H64-M16-F4:332	hmf_refine	false	
tv80:HMF:h253:m37	tv80	HMF	H64-M16-F4	253	37	1	tv80:hmf_refine:H64-M16-F4:333	hmf_refine	false	
tv80:HMF:h254:m16	tv80	HMF	H64-M16-F4	254	16	1	tv80:hmf_refine:H64-M16-F4:235	hmf_refine	false	
tv80:HMF:h254:m23	tv80	HMF	H64-M16-F4	254	23	1	tv80:hmf_refine:H64-M16-F4:236	hmf_refine	false	
tv80:HMF:h254:m9	tv80	HMF	H64-M16-F4	254	9	1	tv80:hmf_refine:H64-M16-F4:234	hmf_refine	false	
tv80:HMF:h255:m18	tv80	HMF	H64-M16-F4	255	18	1	tv80:hmf_refine:H64-M16-F4:54	hmf_refine	false	
tv80:HMF:h255:m23	tv80	HMF	H64-M16-F4	255	23	1	tv80:hmf_refine:H64-M16-F4:55	hmf_refine	false	
tv80:HMF:h255:m28	tv80	HMF	H64-M16-F4	255	28	1	tv80:hmf_refine:H64-M16-F4:56	hmf_refine	false	
tv80:HMF:h255:m33	tv80	HMF	H64-M16-F4	255	33	1	tv80:hmf_refine:H64-M16-F4:57	hmf_refine	false	
tv80:HMF:h256:m18	tv80	HMF	H64-M16-F4	256	18	1	tv80:hmf_refine:H64-M16-F4:26	hmf_refine	false	
tv80:HMF:h256:m19	tv80	HMF	H64-M16-F4	256	19	1	tv80:hmf_refine:H64-M16-F4:309	hmf_refine	false	
tv80:HMF:h256:m22	tv80	HMF	H64-M16-F4	256	22	1	tv80:hmf_refine:H64-M16-F4:27	hmf_refine	false	
tv80:HMF:h256:m23	tv80	HMF	H64-M16-F4	256	23	1	tv80:hmf_refine:H64-M16-F4:310	hmf_refine	false	
tv80:HMF:h256:m26	tv80	HMF	H64-M16-F4	256	26	1	tv80:hmf_refine:H64-M16-F4:28	hmf_refine	false	
tv80:HMF:h256:m27	tv80	HMF	H64-M16-F4	256	27	1	tv80:hmf_refine:H64-M16-F4:311	hmf_refine	false	
tv80:HMF:h257:m11	tv80	HMF	H64-M16-F4	257	11	1	tv80:hmf_refine:H64-M16-F4:281	hmf_refine	false	
tv80:HMF:h257:m16	tv80	HMF	H64-M16-F4	257	16	1	tv80:hmf_refine:H64-M16-F4:282	hmf_refine	false	
tv80:HMF:h257:m21	tv80	HMF	H64-M16-F4	257	21	1	tv80:hmf_refine:H64-M16-F4:283	hmf_refine	false	
tv80:HMF:h257:m26	tv80	HMF	H64-M16-F4	257	26	1	tv80:hmf_refine:H64-M16-F4:284	hmf_refine	false	
tv80:HMF:h257:m27	tv80	HMF	H64-M16-F4	257	27	1	tv80:hmf_refine:H64-M16-F4:323	hmf_refine	false	
tv80:HMF:h257:m28	tv80	HMF	H64-M16-F4	257	28	1	tv80:hmf_refine:H64-M16-F4:324	hmf_refine	false	
tv80:HMF:h257:m6	tv80	HMF	H64-M16-F4	257	6	1	tv80:hmf_refine:H64-M16-F4:280	hmf_refine	false	
tv80:HMF:h258:m17	tv80	HMF	H64-M16-F4	258	17	1	tv80:hmf_refine:H64-M16-F4:334	hmf_refine	false	
tv80:HMF:h258:m22	tv80	HMF	H64-M16-F4	258	22	1	tv80:hmf_refine:H64-M16-F4:335	hmf_refine	false	
tv80:HMF:h258:m24	tv80	HMF	H64-M16-F4	258	24	1	tv80:hmf_refine:H64-M16-F4:34	hmf_refine	false	
tv80:HMF:h258:m25	tv80	HMF	H64-M16-F4	258	25	1	tv80:hmf_refine:H64-M16-F4:316	hmf_refine	false	
tv80:HMF:h258:m26	tv80	HMF	H64-M16-F4	258	26	1	tv80:hmf_refine:H64-M16-F4:35	hmf_refine	false	
tv80:HMF:h258:m27	tv80	HMF	H64-M16-F4	258	27	1	tv80:hmf_refine:H64-M16-F4:317	hmf_refine	false	
tv80:HMF:h258:m28	tv80	HMF	H64-M16-F4	258	28	1	tv80:hmf_refine:H64-M16-F4:36	hmf_refine	false	
tv80:HMF:h258:m29	tv80	HMF	H64-M16-F4	258	29	1	tv80:hmf_refine:H64-M16-F4:318	hmf_refine	false	
tv80:HMF:h258:m32	tv80	HMF	H64-M16-F4	258	32	1	tv80:hmf_refine:H64-M16-F4:336	hmf_refine	false	
tv80:HMF:h259:m26	tv80	HMF	H64-M16-F4	259	26	1	tv80:hmf_refine:H64-M16-F4:325	hmf_refine	false	
tv80:HMF:h259:m27	tv80	HMF	H64-M16-F4	259	27	1	tv80:hmf_refine:H64-M16-F4:42	hmf_refine	false	
tv80:HMF:h259:m28	tv80	HMF	H64-M16-F4	259	28	1	tv80:hmf_refine:H64-M16-F4:43	hmf_refine	false	
tv80:HMF:h259:m29	tv80	HMF	H64-M16-F4	259	29	1	tv80:hmf_refine:H64-M16-F4:44	hmf_refine	false	
tv80:HMF:h260:m15	tv80	HMF	H64-M16-F4	260	15	1	tv80:hmf_refine:H64-M16-F4:21	hmf_refine	false	
tv80:HMF:h260:m16	tv80	HMF	H64-M16-F4	260	16	1	tv80:hmf_refine:H64-M16-F4:304	hmf_refine	false	
tv80:HMF:h260:m18	tv80	HMF	H64-M16-F4	260	18	1	tv80:hmf_refine:H64-M16-F4:29	hmf_refine	false	
tv80:HMF:h260:m19	tv80	HMF	H64-M16-F4	260	19	1	tv80:hmf_refine:H64-M16-F4:312	hmf_refine	false	
tv80:HMF:h260:m22	tv80	HMF	H64-M16-F4	260	22	1	tv80:hmf_refine:H64-M16-F4:15	hmf_refine	false	
tv80:HMF:h260:m23	tv80	HMF	H64-M16-F4	260	23	1	tv80:hmf_refine:H64-M16-F4:59	hmf_refine	false	
tv80:HMF:h260:m24	tv80	HMF	H64-M16-F4	260	24	1	tv80:hmf_refine:H64-M16-F4:37	hmf_refine	false	
tv80:HMF:h260:m25	tv80	HMF	H64-M16-F4	260	25	1	tv80:hmf_refine:H64-M16-F4:319	hmf_refine	false	
tv80:HMF:h260:m26	tv80	HMF	H64-M16-F4	260	26	1	tv80:hmf_refine:H64-M16-F4:30	hmf_refine	false	
tv80:HMF:h260:m27	tv80	HMF	H64-M16-F4	260	27	1	tv80:hmf_refine:H64-M16-F4:45	hmf_refine	false	
tv80:HMF:h260:m28	tv80	HMF	H64-M16-F4	260	28	1	tv80:hmf_refine:H64-M16-F4:38	hmf_refine	false	
tv80:HMF:h260:m29	tv80	HMF	H64-M16-F4	260	29	1	tv80:hmf_refine:H64-M16-F4:22	hmf_refine	false	
tv80:HMF:h260:m33	tv80	HMF	H64-M16-F4	260	33	1	tv80:hmf_refine:H64-M16-F4:60	hmf_refine	false	
tv80:HMF:h261:m16	tv80	HMF	H64-M16-F4	261	16	1	tv80:hmf_refine:H64-M16-F4:228	hmf_refine	false	
tv80:HMF:h261:m28	tv80	HMF	H64-M16-F4	261	28	1	tv80:hmf_refine:H64-M16-F4:47	hmf_refine	false	
tv80:HMF:h261:m29	tv80	HMF	H64-M16-F4	261	29	1	tv80:hmf_refine:H64-M16-F4:48	hmf_refine	false	
tv80:HMF:h261:m3	tv80	HMF	H64-M16-F4	261	3	1	tv80:hmf_refine:H64-M16-F4:227	hmf_refine	false	
tv80:HMF:h262:m24	tv80	HMF	H64-M16-F4	262	24	1	tv80:hmf_refine:H64-M16-F4:39	hmf_refine	false	
tv80:HMF:h262:m25	tv80	HMF	H64-M16-F4	262	25	1	tv80:hmf_refine:H64-M16-F4:320	hmf_refine	false	
tv80:HMF:h262:m26	tv80	HMF	H64-M16-F4	262	26	1	tv80:hmf_refine:H64-M16-F4:40	hmf_refine	false	
tv80:HMF:h262:m27	tv80	HMF	H64-M16-F4	262	27	1	tv80:hmf_refine:H64-M16-F4:321	hmf_refine	false	
tv80:HMF:h262:m28	tv80	HMF	H64-M16-F4	262	28	1	tv80:hmf_refine:H64-M16-F4:41	hmf_refine	false	
tv80:HMF:h262:m29	tv80	HMF	H64-M16-F4	262	29	1	tv80:hmf_refine:H64-M16-F4:322	hmf_refine	false	
tv80:HMF:h263:m17	tv80	HMF	H64-M16-F4	263	17	1	tv80:hmf_refine:H64-M16-F4:338	hmf_refine	false	
tv80:HMF:h263:m22	tv80	HMF	H64-M16-F4	263	22	1	tv80:hmf_refine:H64-M16-F4:339	hmf_refine	false	
tv80:HMF:h263:m27	tv80	HMF	H64-M16-F4	263	27	1	tv80:hmf_refine:H64-M16-F4:340	hmf_refine	false	
tv80:HMF:h263:m32	tv80	HMF	H64-M16-F4	263	32	1	tv80:hmf_refine:H64-M16-F4:341	hmf_refine	false	
tv80:HMF:h264:m18	tv80	HMF	H64-M16-F4	264	18	1	tv80:hmf_refine:H64-M16-F4:31	hmf_refine	false	
tv80:HMF:h264:m19	tv80	HMF	H64-M16-F4	264	19	1	tv80:hmf_refine:H64-M16-F4:313	hmf_refine	false	
tv80:HMF:h264:m22	tv80	HMF	H64-M16-F4	264	22	1	tv80:hmf_refine:H64-M16-F4:32	hmf_refine	false	
tv80:HMF:h264:m23	tv80	HMF	H64-M16-F4	264	23	1	tv80:hmf_refine:H64-M16-F4:314	hmf_refine	false	
tv80:HMF:h264:m26	tv80	HMF	H64-M16-F4	264	26	1	tv80:hmf_refine:H64-M16-F4:33	hmf_refine	false	
tv80:HMF:h264:m27	tv80	HMF	H64-M16-F4	264	27	1	tv80:hmf_refine:H64-M16-F4:315	hmf_refine	false	
tv80:HMF:h265:m18	tv80	HMF	H64-M16-F4	265	18	1	tv80:hmf_refine:H64-M16-F4:62	hmf_refine	false	
tv80:HMF:h265:m23	tv80	HMF	H64-M16-F4	265	23	1	tv80:hmf_refine:H64-M16-F4:63	hmf_refine	false	
tv80:HMF:h265:m28	tv80	HMF	H64-M16-F4	265	28	1	tv80:hmf_refine:H64-M16-F4:64	hmf_refine	false	
tv80:HMF:h265:m33	tv80	HMF	H64-M16-F4	265	33	1	tv80:hmf_refine:H64-M16-F4:65	hmf_refine	false	
tv80:HMF:h267:m15	tv80	HMF	H64-M16-F4	267	15	1	tv80:hmf_refine:H64-M16-F4:23	hmf_refine	false	
tv80:HMF:h267:m16	tv80	HMF	H64-M16-F4	267	16	1	tv80:hmf_refine:H64-M16-F4:306	hmf_refine	false	
tv80:HMF:h267:m22	tv80	HMF	H64-M16-F4	267	22	1	tv80:hmf_refine:H64-M16-F4:24	hmf_refine	false	
tv80:HMF:h267:m23	tv80	HMF	H64-M16-F4	267	23	1	tv80:hmf_refine:H64-M16-F4:307	hmf_refine	false	
tv80:HMF:h267:m29	tv80	HMF	H64-M16-F4	267	29	1	tv80:hmf_refine:H64-M16-F4:25	hmf_refine	false	
tv80:HMF:h267:m30	tv80	HMF	H64-M16-F4	267	30	1	tv80:hmf_refine:H64-M16-F4:308	hmf_refine	false	
tv80:HMF:h268:m17	tv80	HMF	H64-M16-F4	268	17	1	tv80:hmf_refine:H64-M16-F4:343	hmf_refine	false	
tv80:HMF:h268:m22	tv80	HMF	H64-M16-F4	268	22	1	tv80:hmf_refine:H64-M16-F4:344	hmf_refine	false	
tv80:HMF:h268:m27	tv80	HMF	H64-M16-F4	268	27	1	tv80:hmf_refine:H64-M16-F4:345	hmf_refine	false	
tv80:HMF:h268:m32	tv80	HMF	H64-M16-F4	268	32	1	tv80:hmf_refine:H64-M16-F4:346	hmf_refine	false	
tv80:HMF:h268:m37	tv80	HMF	H64-M16-F4	268	37	1	tv80:hmf_refine:H64-M16-F4:347	hmf_refine	false	
tv80:HMF:h27:m1	tv80	HMF	H64-M16-F4	27	1	1	tv80:hmf_coarse:H64-M16-F4:22	hmf_coarse	false	
tv80:HMF:h27:m123	tv80	HMF	H64-M16-F4	27	123	1	tv80:hmf_coarse:H64-M16-F4:27	hmf_coarse	false	
tv80:HMF:h27:m148	tv80	HMF	H64-M16-F4	27	148	1	tv80:hmf_coarse:H64-M16-F4:28	hmf_coarse	false	
tv80:HMF:h27:m173	tv80	HMF	H64-M16-F4	27	173	1	tv80:hmf_coarse:H64-M16-F4:29	hmf_coarse	false	
tv80:HMF:h27:m25	tv80	HMF	H64-M16-F4	27	25	1	tv80:hmf_coarse:H64-M16-F4:23	hmf_coarse	false	
tv80:HMF:h27:m49	tv80	HMF	H64-M16-F4	27	49	1	tv80:hmf_coarse:H64-M16-F4:24	hmf_coarse	false	
tv80:HMF:h27:m74	tv80	HMF	H64-M16-F4	27	74	1	tv80:hmf_coarse:H64-M16-F4:25	hmf_coarse	false	
tv80:HMF:h27:m99	tv80	HMF	H64-M16-F4	27	99	1	tv80:hmf_coarse:H64-M16-F4:26	hmf_coarse	false	
tv80:HMF:h270:m18	tv80	HMF	H64-M16-F4	270	18	1	tv80:hmf_refine:H64-M16-F4:67	hmf_refine	false	
tv80:HMF:h270:m23	tv80	HMF	H64-M16-F4	270	23	1	tv80:hmf_refine:H64-M16-F4:68	hmf_refine	false	
tv80:HMF:h270:m28	tv80	HMF	H64-M16-F4	270	28	1	tv80:hmf_refine:H64-M16-F4:69	hmf_refine	false	
tv80:HMF:h270:m33	tv80	HMF	H64-M16-F4	270	33	1	tv80:hmf_refine:H64-M16-F4:70	hmf_refine	false	
tv80:HMF:h273:m35	tv80	HMF	H64-M16-F4	273	35	1	tv80:hmf_refine:H64-M16-F4:8	hmf_refine	false	
tv80:HMF:h273:m9	tv80	HMF	H64-M16-F4	273	9	1	tv80:hmf_refine:H64-M16-F4:7	hmf_refine	false	
tv80:HMF:h274:m1	tv80	HMF	H64-M16-F4	274	1	1	tv80:hmf_coarse:H64-M16-F4:211	hmf_coarse	false	
tv80:HMF:h274:m16	tv80	HMF	H64-M16-F4	274	16	2	tv80:hmf_coarse:H64-M16-F4:212|tv80:hmf_refine:H64-M16-F4:218	hmf_coarse|hmf_refine	false	
tv80:HMF:h274:m33	tv80	HMF	H64-M16-F4	274	33	1	tv80:hmf_coarse:H64-M16-F4:213	hmf_coarse	false	
tv80:HMF:h301:m1	tv80	HMF	H64-M16-F4	301	1	1	tv80:hmf_coarse:H64-M16-F4:232	hmf_coarse	false	
tv80:HMF:h301:m15	tv80	HMF	H64-M16-F4	301	15	1	tv80:hmf_coarse:H64-M16-F4:233	hmf_coarse	false	
tv80:HMF:h301:m16	tv80	HMF	H64-M16-F4	301	16	1	tv80:hmf_refine:H64-M16-F4:220	hmf_refine	false	
tv80:HMF:h328:m1	tv80	HMF	H64-M16-F4	328	1	1	tv80:hmf_coarse:H64-M16-F4:253	hmf_coarse	false	
tv80:HMF:h328:m14	tv80	HMF	H64-M16-F4	328	14	1	tv80:hmf_coarse:H64-M16-F4:254	hmf_coarse	false	
tv80:HMF:h356:m1	tv80	HMF	H64-M16-F4	356	1	1	tv80:hmf_coarse:H64-M16-F4:274	hmf_coarse	false	
tv80:HMF:h383:m1	tv80	HMF	H64-M16-F4	383	1	1	tv80:hmf_coarse:H64-M16-F4:295	hmf_coarse	false	
tv80:HMF:h410:m1	tv80	HMF	H64-M16-F4	410	1	1	tv80:hmf_coarse:H64-M16-F4:316	hmf_coarse	false	
tv80:HMF:h438:m1	tv80	HMF	H64-M16-F4	438	1	1	tv80:hmf_coarse:H64-M16-F4:337	hmf_coarse	false	
tv80:HMF:h465:m1	tv80	HMF	H64-M16-F4	465	1	1	tv80:hmf_coarse:H64-M16-F4:358	hmf_coarse	false	
tv80:HMF:h492:m1	tv80	HMF	H64-M16-F4	492	1	1	tv80:hmf_coarse:H64-M16-F4:379	hmf_coarse	false	
tv80:HMF:h520:m1	tv80	HMF	H64-M16-F4	520	1	1	tv80:hmf_coarse:H64-M16-F4:400	hmf_coarse	false	
tv80:HMF:h547:m1	tv80	HMF	H64-M16-F4	547	1	1	tv80:hmf_coarse:H64-M16-F4:421	hmf_coarse	false	
tv80:HMF:h55:m1	tv80	HMF	H64-M16-F4	55	1	1	tv80:hmf_coarse:H64-M16-F4:43	hmf_coarse	false	
tv80:HMF:h55:m118	tv80	HMF	H64-M16-F4	55	118	1	tv80:hmf_coarse:H64-M16-F4:48	hmf_coarse	false	
tv80:HMF:h55:m141	tv80	HMF	H64-M16-F4	55	141	1	tv80:hmf_coarse:H64-M16-F4:49	hmf_coarse	false	
tv80:HMF:h55:m24	tv80	HMF	H64-M16-F4	55	24	1	tv80:hmf_coarse:H64-M16-F4:44	hmf_coarse	false	
tv80:HMF:h55:m47	tv80	HMF	H64-M16-F4	55	47	1	tv80:hmf_coarse:H64-M16-F4:45	hmf_coarse	false	
tv80:HMF:h55:m71	tv80	HMF	H64-M16-F4	55	71	1	tv80:hmf_coarse:H64-M16-F4:46	hmf_coarse	false	
tv80:HMF:h55:m94	tv80	HMF	H64-M16-F4	55	94	1	tv80:hmf_coarse:H64-M16-F4:47	hmf_coarse	false	
tv80:HMF:h82:m1	tv80	HMF	H64-M16-F4	82	1	1	tv80:hmf_coarse:H64-M16-F4:64	hmf_coarse	false	
tv80:HMF:h82:m115	tv80	HMF	H64-M16-F4	82	115	1	tv80:hmf_coarse:H64-M16-F4:69	hmf_coarse	false	
tv80:HMF:h82:m137	tv80	HMF	H64-M16-F4	82	137	1	tv80:hmf_coarse:H64-M16-F4:70	hmf_coarse	false	
tv80:HMF:h82:m23	tv80	HMF	H64-M16-F4	82	23	1	tv80:hmf_coarse:H64-M16-F4:65	hmf_coarse	false	
tv80:HMF:h82:m46	tv80	HMF	H64-M16-F4	82	46	1	tv80:hmf_coarse:H64-M16-F4:66	hmf_coarse	false	
tv80:HMF:h82:m69	tv80	HMF	H64-M16-F4	82	69	1	tv80:hmf_coarse:H64-M16-F4:67	hmf_coarse	false	
tv80:HMF:h82:m92	tv80	HMF	H64-M16-F4	82	92	1	tv80:hmf_coarse:H64-M16-F4:68	hmf_coarse	false	
wb_dma:HF:h1	wb_dma	HF	H64-F4	1		1	wb_dma:hf_coarse:H64-F4:1	hf_coarse	false	
wb_dma:HF:h104	wb_dma	HF	H64-F4	104		1	wb_dma:hf_coarse:H64-F4:19	hf_coarse	false	
wb_dma:HF:h109	wb_dma	HF	H64-F4	109		1	wb_dma:hf_coarse:H64-F4:20	hf_coarse	false	
wb_dma:HF:h11	wb_dma	HF	H64-F4	11		1	wb_dma:hf_refine:H64-F4:14	hf_refine	false	
wb_dma:HF:h115	wb_dma	HF	H64-F4	115		1	wb_dma:hf_coarse:H64-F4:21	hf_coarse	false	
wb_dma:HF:h12	wb_dma	HF	H64-F4	12		2	wb_dma:hf_coarse:H64-F4:3|wb_dma:hf_refine:H64-F4:24	hf_coarse|hf_refine	false	
wb_dma:HF:h14	wb_dma	HF	H64-F4	14		1	wb_dma:hf_refine:H64-F4:17	hf_refine	false	
wb_dma:HF:h15	wb_dma	HF	H64-F4	15		1	wb_dma:hf_refine:H64-F4:19	hf_refine	false	
wb_dma:HF:h16	wb_dma	HF	H64-F4	16		1	wb_dma:hf_refine:H64-F4:21	hf_refine	false	
wb_dma:HF:h17	wb_dma	HF	H64-F4	17		2	wb_dma:hf_coarse:H64-F4:4|wb_dma:hf_refine:H64-F4:15	hf_coarse|hf_refine	false	
wb_dma:HF:h18	wb_dma	HF	H64-F4	18		1	wb_dma:hf_refine:H64-F4:22	hf_refine	false	
wb_dma:HF:h19	wb_dma	HF	H64-F4	19		1	wb_dma:hf_refine:H64-F4:20	hf_refine	false	
wb_dma:HF:h20	wb_dma	HF	H64-F4	20		1	wb_dma:hf_refine:H64-F4:18	hf_refine	false	
wb_dma:HF:h21	wb_dma	HF	H64-F4	21		1	wb_dma:hf_refine:H64-F4:42	hf_refine	false	
wb_dma:HF:h22	wb_dma	HF	H64-F4	22		1	wb_dma:hf_refine:H64-F4:25	hf_refine	false	
wb_dma:HF:h23	wb_dma	HF	H64-F4	23		2	wb_dma:hf_coarse:H64-F4:5|wb_dma:hf_refine:H64-F4:16	hf_coarse|hf_refine	false	
wb_dma:HF:h26	wb_dma	HF	H64-F4	26		1	wb_dma:hf_refine:H64-F4:41	hf_refine	false	
wb_dma:HF:h27	wb_dma	HF	H64-F4	27		1	wb_dma:hf_refine:H64-F4:26	hf_refine	false	
wb_dma:HF:h29	wb_dma	HF	H64-F4	29		2	wb_dma:hf_coarse:H64-F4:6|wb_dma:hf_refine:H64-F4:39	hf_coarse|hf_refine	false	
wb_dma:HF:h32	wb_dma	HF	H64-F4	32		1	wb_dma:hf_refine:H64-F4:43	hf_refine	false	
wb_dma:HF:h33	wb_dma	HF	H64-F4	33		1	wb_dma:hf_refine:H64-F4:10	hf_refine	false	
wb_dma:HF:h34	wb_dma	HF	H64-F4	34		1	wb_dma:hf_refine:H64-F4:1	hf_refine	false	
wb_dma:HF:h35	wb_dma	HF	H64-F4	35		2	wb_dma:hf_coarse:H64-F4:7|wb_dma:hf_refine:H64-F4:40	hf_coarse|hf_refine	false	
wb_dma:HF:h37	wb_dma	HF	H64-F4	37		1	wb_dma:hf_refine:H64-F4:4	hf_refine	false	
wb_dma:HF:h38	wb_dma	HF	H64-F4	38		1	wb_dma:hf_refine:H64-F4:11	hf_refine	false	
wb_dma:HF:h40	wb_dma	HF	H64-F4	40		2	wb_dma:hf_coarse:H64-F4:8|wb_dma:hf_refine:H64-F4:2	hf_coarse|hf_refine	false	
wb_dma:HF:h41	wb_dma	HF	H64-F4	41		1	wb_dma:hf_refine:H64-F4:6	hf_refine	false	
wb_dma:HF:h42	wb_dma	HF	H64-F4	42		1	wb_dma:hf_refine:H64-F4:8	hf_refine	false	
wb_dma:HF:h43	wb_dma	HF	H64-F4	43		1	wb_dma:hf_refine:H64-F4:5	hf_refine	false	
wb_dma:HF:h44	wb_dma	HF	H64-F4	44		1	wb_dma:hf_refine:H64-F4:9	hf_refine	false	
wb_dma:HF:h45	wb_dma	HF	H64-F4	45		1	wb_dma:hf_refine:H64-F4:7	hf_refine	false	
wb_dma:HF:h46	wb_dma	HF	H64-F4	46		2	wb_dma:hf_coarse:H64-F4:9|wb_dma:hf_refine:H64-F4:3	hf_coarse|hf_refine	false	
wb_dma:HF:h48	wb_dma	HF	H64-F4	48		1	wb_dma:hf_refine:H64-F4:12	hf_refine	false	
wb_dma:HF:h52	wb_dma	HF	H64-F4	52		1	wb_dma:hf_coarse:H64-F4:10	hf_coarse	false	
wb_dma:HF:h53	wb_dma	HF	H64-F4	53		1	wb_dma:hf_refine:H64-F4:13	hf_refine	false	
wb_dma:HF:h57	wb_dma	HF	H64-F4	57		1	wb_dma:hf_refine:H64-F4:27	hf_refine	false	
wb_dma:HF:h58	wb_dma	HF	H64-F4	58		2	wb_dma:hf_coarse:H64-F4:11|wb_dma:hf_refine:H64-F4:36	hf_coarse|hf_refine	false	
wb_dma:HF:h6	wb_dma	HF	H64-F4	6		1	wb_dma:hf_coarse:H64-F4:2	hf_coarse	false	
wb_dma:HF:h60	wb_dma	HF	H64-F4	60		1	wb_dma:hf_refine:H64-F4:30	hf_refine	false	
wb_dma:HF:h61	wb_dma	HF	H64-F4	61		1	wb_dma:hf_refine:H64-F4:32	hf_refine	false	
wb_dma:HF:h62	wb_dma	HF	H64-F4	62		1	wb_dma:hf_refine:H64-F4:34	hf_refine	false	
wb_dma:HF:h63	wb_dma	HF	H64-F4	63		2	wb_dma:hf_coarse:H64-F4:12|wb_dma:hf_refine:H64-F4:28	hf_coarse|hf_refine	false	
wb_dma:HF:h64	wb_dma	HF	H64-F4	64		1	wb_dma:hf_refine:H64-F4:35	hf_refine	false	
wb_dma:HF:h65	wb_dma	HF	H64-F4	65		1	wb_dma:hf_refine:H64-F4:33	hf_refine	false	
wb_dma:HF:h66	wb_dma	HF	H64-F4	66		1	wb_dma:hf_refine:H64-F4:31	hf_refine	false	
wb_dma:HF:h68	wb_dma	HF	H64-F4	68		1	wb_dma:hf_refine:H64-F4:37	hf_refine	false	
wb_dma:HF:h69	wb_dma	HF	H64-F4	69		2	wb_dma:hf_coarse:H64-F4:13|wb_dma:hf_refine:H64-F4:29	hf_coarse|hf_refine	false	
wb_dma:HF:h7	wb_dma	HF	H64-F4	7		1	wb_dma:hf_refine:H64-F4:23	hf_refine	false	
wb_dma:HF:h73	wb_dma	HF	H64-F4	73		1	wb_dma:hf_refine:H64-F4:38	hf_refine	false	
wb_dma:HF:h75	wb_dma	HF	H64-F4	75		1	wb_dma:hf_coarse:H64-F4:14	hf_coarse	false	
wb_dma:HF:h81	wb_dma	HF	H64-F4	81		1	wb_dma:hf_coarse:H64-F4:15	hf_coarse	false	
wb_dma:HF:h86	wb_dma	HF	H64-F4	86		1	wb_dma:hf_coarse:H64-F4:16	hf_coarse	false	
wb_dma:HF:h92	wb_dma	HF	H64-F4	92		1	wb_dma:hf_coarse:H64-F4:17	hf_coarse	false	
wb_dma:HF:h98	wb_dma	HF	H64-F4	98		1	wb_dma:hf_coarse:H64-F4:18	hf_coarse	false	
wb_dma:HMF:h1:m1	wb_dma	HMF	H64-M16-F4	1	1	1	wb_dma:hmf_coarse:H64-M16-F4:1	hmf_coarse	false	
wb_dma:HMF:h1:m10	wb_dma	HMF	H64-M16-F4	1	10	2	wb_dma:hmf_coarse:H64-M16-F4:3|wb_dma:hmf_refine:H64-M16-F4:131	hmf_coarse|hmf_refine	false	
wb_dma:HMF:h1:m15	wb_dma	HMF	H64-M16-F4	1	15	2	wb_dma:hmf_coarse:H64-M16-F4:4|wb_dma:hmf_refine:H64-M16-F4:132	hmf_coarse|hmf_refine	false	
wb_dma:HMF:h1:m20	wb_dma	HMF	H64-M16-F4	1	20	2	wb_dma:hmf_coarse:H64-M16-F4:5|wb_dma:hmf_refine:H64-M16-F4:133	hmf_coarse|hmf_refine	false	
wb_dma:HMF:h1:m25	wb_dma	HMF	H64-M16-F4	1	25	2	wb_dma:hmf_coarse:H64-M16-F4:6|wb_dma:hmf_refine:H64-M16-F4:134	hmf_coarse|hmf_refine	false	
wb_dma:HMF:h1:m29	wb_dma	HMF	H64-M16-F4	1	29	1	wb_dma:hmf_coarse:H64-M16-F4:7	hmf_coarse	false	
wb_dma:HMF:h1:m34	wb_dma	HMF	H64-M16-F4	1	34	1	wb_dma:hmf_coarse:H64-M16-F4:8	hmf_coarse	false	
wb_dma:HMF:h1:m39	wb_dma	HMF	H64-M16-F4	1	39	1	wb_dma:hmf_coarse:H64-M16-F4:9	hmf_coarse	false	
wb_dma:HMF:h1:m5	wb_dma	HMF	H64-M16-F4	1	5	2	wb_dma:hmf_coarse:H64-M16-F4:2|wb_dma:hmf_refine:H64-M16-F4:130	hmf_coarse|hmf_refine	false	
wb_dma:HMF:h104:m1	wb_dma	HMF	H64-M16-F4	104	1	1	wb_dma:hmf_coarse:H64-M16-F4:379	hmf_coarse	false	
wb_dma:HMF:h109:m1	wb_dma	HMF	H64-M16-F4	109	1	1	wb_dma:hmf_coarse:H64-M16-F4:400	hmf_coarse	false	
wb_dma:HMF:h11:m10	wb_dma	HMF	H64-M16-F4	11	10	1	wb_dma:hmf_refine:H64-M16-F4:88	hmf_refine	false	
wb_dma:HMF:h11:m12	wb_dma	HMF	H64-M16-F4	11	12	1	wb_dma:hmf_refine:H64-M16-F4:35	hmf_refine	false	
wb_dma:HMF:h11:m2	wb_dma	HMF	H64-M16-F4	11	2	1	wb_dma:hmf_refine:H64-M16-F4:33	hmf_refine	false	
wb_dma:HMF:h11:m5	wb_dma	HMF	H64-M16-F4	11	5	1	wb_dma:hmf_refine:H64-M16-F4:87	hmf_refine	false	
wb_dma:HMF:h11:m7	wb_dma	HMF	H64-M16-F4	11	7	1	wb_dma:hmf_refine:H64-M16-F4:34	hmf_refine	false	
wb_dma:HMF:h115:m1	wb_dma	HMF	H64-M16-F4	115	1	1	wb_dma:hmf_coarse:H64-M16-F4:421	hmf_coarse	false	
wb_dma:HMF:h12:m1	wb_dma	HMF	H64-M16-F4	12	1	1	wb_dma:hmf_coarse:H64-M16-F4:43	hmf_coarse	false	
wb_dma:HMF:h12:m11	wb_dma	HMF	H64-M16-F4	12	11	2	wb_dma:hmf_coarse:H64-M16-F4:46|wb_dma:hmf_refine:H64-M16-F4:55	hmf_coarse|hmf_refine	false	
wb_dma:HMF:h12:m12	wb_dma	HMF	H64-M16-F4	12	12	1	wb_dma:hmf_refine:H64-M16-F4:106	hmf_refine	false	
wb_dma:HMF:h12:m14	wb_dma	HMF	H64-M16-F4	12	14	1	wb_dma:hmf_refine:H64-M16-F4:64	hmf_refine	false	
wb_dma:HMF:h12:m15	wb_dma	HMF	H64-M16-F4	12	15	1	wb_dma:hmf_coarse:H64-M16-F4:47	hmf_coarse	false	
wb_dma:HMF:h12:m4	wb_dma	HMF	H64-M16-F4	12	4	1	wb_dma:hmf_coarse:H64-M16-F4:44	hmf_coarse	false	
wb_dma:HMF:h12:m6	wb_dma	HMF	H64-M16-F4	12	6	1	wb_dma:hmf_refine:H64-M16-F4:54	hmf_refine	false	
wb_dma:HMF:h12:m8	wb_dma	HMF	H64-M16-F4	12	8	2	wb_dma:hmf_coarse:H64-M16-F4:45|wb_dma:hmf_refine:H64-M16-F4:63	hmf_coarse|hmf_refine	false	
wb_dma:HMF:h13:m11	wb_dma	HMF	H64-M16-F4	13	11	1	wb_dma:hmf_refine:H64-M16-F4:69	hmf_refine	false	
wb_dma:HMF:h13:m13	wb_dma	HMF	H64-M16-F4	13	13	1	wb_dma:hmf_refine:H64-M16-F4:70	hmf_refine	false	
wb_dma:HMF:h13:m9	wb_dma	HMF	H64-M16-F4	13	9	1	wb_dma:hmf_refine:H64-M16-F4:68	hmf_refine	false	
wb_dma:HMF:h14:m10	wb_dma	HMF	H64-M16-F4	14	10	1	wb_dma:hmf_refine:H64-M16-F4:76	hmf_refine	false	
wb_dma:HMF:h14:m11	wb_dma	HMF	H64-M16-F4	14	11	1	wb_dma:hmf_refine:H64-M16-F4:77	hmf_refine	false	
wb_dma:HMF:h14:m12	wb_dma	HMF	H64-M16-F4	14	12	1	wb_dma:hmf_refine:H64-M16-F4:78	hmf_refine	false	
wb_dma:HMF:h15:m10	wb_dma	HMF	H64-M16-F4	15	10	1	wb_dma:hmf_refine:H64-M16-F4:79	hmf_refine	false	
wb_dma:HMF:h15:m11	wb_dma	HMF	H64-M16-F4	15	11	1	wb_dma:hmf_refine:H64-M16-F4:66	hmf_refine	false	
wb_dma:HMF:h15:m12	wb_dma	HMF	H64-M16-F4	15	12	1	wb_dma:hmf_refine:H64-M16-F4:80	hmf_refine	false	
wb_dma:HMF:h15:m13	wb_dma	HMF	H64-M16-F4	15	13	1	wb_dma:hmf_refine:H64-M16-F4:72	hmf_refine	false	
wb_dma:HMF:h15:m8	wb_dma	HMF	H64-M16-F4	15	8	1	wb_dma:hmf_refine:H64-M16-F4:65	hmf_refine	false	
wb_dma:HMF:h15:m9	wb_dma	HMF	H64-M16-F4	15	9	1	wb_dma:hmf_refine:H64-M16-F4:71	hmf_refine	false	
wb_dma:HMF:h16:m10	wb_dma	HMF	H64-M16-F4	16	10	1	wb_dma:hmf_refine:H64-M16-F4:81	hmf_refine	false	
wb_dma:HMF:h16:m2	wb_dma	HMF	H64-M16-F4	16	2	1	wb_dma:hmf_refine:H64-M16-F4:37	hmf_refine	false	
wb_dma:HMF:h16:m5	wb_dma	HMF	H64-M16-F4	16	5	1	wb_dma:hmf_refine:H64-M16-F4:91	hmf_refine	false	
wb_dma:HMF:h16:m7	wb_dma	HMF	H64-M16-F4	16	7	1	wb_dma:hmf_refine:H64-M16-F4:38	hmf_refine	false	
wb_dma:HMF:h17:m1	wb_dma	HMF	H64-M16-F4	17	1	1	wb_dma:hmf_coarse:H64-M16-F4:64	hmf_coarse	false	
wb_dma:HMF:h17:m2	wb_dma	HMF	H64-M16-F4	17	2	1	wb_dma:hmf_refine:H64-M16-F4:1	hmf_refine	false	
wb_dma:HMF:h17:m4	wb_dma	HMF	H64-M16-F4	17	4	1	wb_dma:hmf_coarse:H64-M16-F4:65	hmf_coarse	false	
wb_dma:HMF:h17:m7	wb_dma	HMF	H64-M16-F4	17	7	1	wb_dma:hmf_refine:H64-M16-F4:2	hmf_refine	false	
wb_dma:HMF:h17:m8	wb_dma	HMF	H64-M16-F4	17	8	1	wb_dma:hmf_coarse:H64-M16-F4:66	hmf_coarse	false	
wb_dma:HMF:h17:m9	wb_dma	HMF	H64-M16-F4	17	9	1	wb_dma:hmf_refine:H64-M16-F4:73	hmf_refine	false	
wb_dma:HMF:h18:m6	wb_dma	HMF	H64-M16-F4	18	6	1	wb_dma:hmf_refine:H64-M16-F4:57	hmf_refine	false	
wb_dma:HMF:h20:m4	wb_dma	HMF	H64-M16-F4	20	4	1	wb_dma:hmf_refine:H64-M16-F4:10	hmf_refine	false	
wb_dma:HMF:h20:m6	wb_dma	HMF	H64-M16-F4	20	6	1	wb_dma:hmf_refine:H64-M16-F4:26	hmf_refine	false	
wb_dma:HMF:h20:m7	wb_dma	HMF	H64-M16-F4	20	7	1	wb_dma:hmf_refine:H64-M16-F4:11	hmf_refine	false	
wb_dma:HMF:h20:m8	wb_dma	HMF	H64-M16-F4	20	8	1	wb_dma:hmf_refine:H64-M16-F4:27	hmf_refine	false	
wb_dma:HMF:h21:m2	wb_dma	HMF	H64-M16-F4	21	2	1	wb_dma:hmf_refine:H64-M16-F4:41	hmf_refine	false	
wb_dma:HMF:h21:m5	wb_dma	HMF	H64-M16-F4	21	5	1	wb_dma:hmf_refine:H64-M16-F4:18	hmf_refine	false	
wb_dma:HMF:h21:m6	wb_dma	HMF	H64-M16-F4	21	6	1	wb_dma:hmf_refine:H64-M16-F4:28	hmf_refine	false	
wb_dma:HMF:h21:m7	wb_dma	HMF	H64-M16-F4	21	7	1	wb_dma:hmf_refine:H64-M16-F4:19	hmf_refine	false	
wb_dma:HMF:h21:m8	wb_dma	HMF	H64-M16-F4	21	8	1	wb_dma:hmf_refine:H64-M16-F4:29	hmf_refine	false	
wb_dma:HMF:h22:m3	wb_dma	HMF	H64-M16-F4	22	3	1	wb_dma:hmf_refine:H64-M16-F4:163	hmf_refine	false	
wb_dma:HMF:h22:m6	wb_dma	HMF	H64-M16-F4	22	6	1	wb_dma:hmf_refine:H64-M16-F4:30	hmf_refine	false	
wb_dma:HMF:h22:m7	wb_dma	HMF	H64-M16-F4	22	7	1	wb_dma:hmf_refine:H64-M16-F4:31	hmf_refine	false	
wb_dma:HMF:h22:m8	wb_dma	HMF	H64-M16-F4	22	8	1	wb_dma:hmf_refine:H64-M16-F4:32	hmf_refine	false	
wb_dma:HMF:h23:m1	wb_dma	HMF	H64-M16-F4	23	1	1	wb_dma:hmf_coarse:H64-M16-F4:85	hmf_coarse	false	
wb_dma:HMF:h23:m2	wb_dma	HMF	H64-M16-F4	23	2	1	wb_dma:hmf_refine:H64-M16-F4:4	hmf_refine	false	
wb_dma:HMF:h23:m4	wb_dma	HMF	H64-M16-F4	23	4	2	wb_dma:hmf_coarse:H64-M16-F4:86|wb_dma:hmf_refine:H64-M16-F4:13	hmf_coarse|hmf_refine	false	
wb_dma:HMF:h23:m5	wb_dma	HMF	H64-M16-F4	23	5	1	wb_dma:hmf_refine:H64-M16-F4:21	hmf_refine	false	
wb_dma:HMF:h23:m7	wb_dma	HMF	H64-M16-F4	23	7	2	wb_dma:hmf_coarse:H64-M16-F4:87|wb_dma:hmf_refine:H64-M16-F4:5	hmf_coarse|hmf_refine	false	
wb_dma:HMF:h25:m5	wb_dma	HMF	H64-M16-F4	25	5	1	wb_dma:hmf_refine:H64-M16-F4:23	hmf_refine	false	
wb_dma:HMF:h25:m7	wb_dma	HMF	H64-M16-F4	25	7	1	wb_dma:hmf_refine:H64-M16-F4:24	hmf_refine	false	
wb_dma:HMF:h26:m2	wb_dma	HMF	H64-M16-F4	26	2	1	wb_dma:hmf_refine:H64-M16-F4:44	hmf_refine	false	
wb_dma:HMF:h26:m4	wb_dma	HMF	H64-M16-F4	26	4	1	wb_dma:hmf_refine:H64-M16-F4:15	hmf_refine	false	
wb_dma:HMF:h26:m5	wb_dma	HMF	H64-M16-F4	26	5	1	wb_dma:hmf_refine:H64-M16-F4:97	hmf_refine	false	
wb_dma:HMF:h27:m3	wb_dma	HMF	H64-M16-F4	27	3	1	wb_dma:hmf_refine:H64-M16-F4:165	hmf_refine	false	
wb_dma:HMF:h29:m1	wb_dma	HMF	H64-M16-F4	29	1	1	wb_dma:hmf_coarse:H64-M16-F4:106	hmf_coarse	false	
wb_dma:HMF:h29:m2	wb_dma	HMF	H64-M16-F4	29	2	1	wb_dma:hmf_refine:H64-M16-F4:7	hmf_refine	false	
wb_dma:HMF:h29:m3	wb_dma	HMF	H64-M16-F4	29	3	1	wb_dma:hmf_coarse:H64-M16-F4:107	hmf_coarse	false	
wb_dma:HMF:h29:m7	wb_dma	HMF	H64-M16-F4	29	7	2	wb_dma:hmf_coarse:H64-M16-F4:108|wb_dma:hmf_refine:H64-M16-F4:8	hmf_coarse|hmf_refine	false	
wb_dma:HMF:h3:m12	wb_dma	HMF	H64-M16-F4	3	12	1	wb_dma:hmf_refine:H64-M16-F4:110	hmf_refine	false	
wb_dma:HMF:h3:m15	wb_dma	HMF	H64-M16-F4	3	15	1	wb_dma:hmf_refine:H64-M16-F4:111	hmf_refine	false	
wb_dma:HMF:h3:m9	wb_dma	HMF	H64-M16-F4	3	9	1	wb_dma:hmf_refine:H64-M16-F4:109	hmf_refine	false	
wb_dma:HMF:h31:m2	wb_dma	HMF	H64-M16-F4	31	2	1	wb_dma:hmf_refine:H64-M16-F4:47	hmf_refine	false	
wb_dma:HMF:h31:m3	wb_dma	HMF	H64-M16-F4	31	3	1	wb_dma:hmf_refine:H64-M16-F4:144	hmf_refine	false	
wb_dma:HMF:h31:m4	wb_dma	HMF	H64-M16-F4	31	4	1	wb_dma:hmf_refine:H64-M16-F4:157	hmf_refine	false	
wb_dma:HMF:h32:m1	wb_dma	HMF	H64-M16-F4	32	1	1	wb_dma:hmf_refine:H64-M16-F4:149	hmf_refine	false	
wb_dma:HMF:h32:m2	wb_dma	HMF	H64-M16-F4	32	2	1	wb_dma:hmf_refine:H64-M16-F4:158	hmf_refine	false	
wb_dma:HMF:h32:m3	wb_dma	HMF	H64-M16-F4	32	3	1	wb_dma:hmf_refine:H64-M16-F4:150	hmf_refine	false	
wb_dma:HMF:h32:m4	wb_dma	HMF	H64-M16-F4	32	4	1	wb_dma:hmf_refine:H64-M16-F4:159	hmf_refine	false	
wb_dma:HMF:h32:m5	wb_dma	HMF	H64-M16-F4	32	5	1	wb_dma:hmf_refine:H64-M16-F4:151	hmf_refine	false	
wb_dma:HMF:h33:m2	wb_dma	HMF	H64-M16-F4	33	2	1	wb_dma:hmf_refine:H64-M16-F4:160	hmf_refine	false	
wb_dma:HMF:h33:m3	wb_dma	HMF	H64-M16-F4	33	3	1	wb_dma:hmf_refine:H64-M16-F4:161	hmf_refine	false	
wb_dma:HMF:h33:m4	wb_dma	HMF	H64-M16-F4	33	4	1	wb_dma:hmf_refine:H64-M16-F4:162	hmf_refine	false	
wb_dma:HMF:h34:m1	wb_dma	HMF	H64-M16-F4	34	1	1	wb_dma:hmf_refine:H64-M16-F4:152	hmf_refine	false	
wb_dma:HMF:h34:m3	wb_dma	HMF	H64-M16-F4	34	3	1	wb_dma:hmf_refine:H64-M16-F4:138	hmf_refine	false	
wb_dma:HMF:h34:m5	wb_dma	HMF	H64-M16-F4	34	5	1	wb_dma:hmf_refine:H64-M16-F4:153	hmf_refine	false	
wb_dma:HMF:h35:m1	wb_dma	HMF	H64-M16-F4	35	1	1	wb_dma:hmf_coarse:H64-M16-F4:127	hmf_coarse	false	
wb_dma:HMF:h35:m2	wb_dma	HMF	H64-M16-F4	35	2	1	wb_dma:hmf_refine:H64-M16-F4:100	hmf_refine	false	
wb_dma:HMF:h35:m3	wb_dma	HMF	H64-M16-F4	35	3	1	wb_dma:hmf_coarse:H64-M16-F4:128	hmf_coarse	false	
wb_dma:HMF:h36:m1	wb_dma	HMF	H64-M16-F4	36	1	1	wb_dma:hmf_refine:H64-M16-F4:154	hmf_refine	false	
wb_dma:HMF:h36:m3	wb_dma	HMF	H64-M16-F4	36	3	1	wb_dma:hmf_refine:H64-M16-F4:155	hmf_refine	false	
wb_dma:HMF:h37:m3	wb_dma	HMF	H64-M16-F4	37	3	1	wb_dma:hmf_refine:H64-M16-F4:147	hmf_refine	false	
wb_dma:HMF:h4:m13	wb_dma	HMF	H64-M16-F4	4	13	1	wb_dma:hmf_refine:H64-M16-F4:116	hmf_refine	false	
wb_dma:HMF:h4:m15	wb_dma	HMF	H64-M16-F4	4	15	1	wb_dma:hmf_refine:H64-M16-F4:117	hmf_refine	false	
wb_dma:HMF:h4:m17	wb_dma	HMF	H64-M16-F4	4	17	1	wb_dma:hmf_refine:H64-M16-F4:118	hmf_refine	false	
wb_dma:HMF:h40:m1	wb_dma	HMF	H64-M16-F4	40	1	1	wb_dma:hmf_coarse:H64-M16-F4:148	hmf_coarse	false	
wb_dma:HMF:h40:m3	wb_dma	HMF	H64-M16-F4	40	3	2	wb_dma:hmf_coarse:H64-M16-F4:149|wb_dma:hmf_refine:H64-M16-F4:140	hmf_coarse|hmf_refine	false	
wb_dma:HMF:h42:m3	wb_dma	HMF	H64-M16-F4	42	3	1	wb_dma:hmf_refine:H64-M16-F4:172	hmf_refine	false	
wb_dma:HMF:h46:m1	wb_dma	HMF	H64-M16-F4	46	1	1	wb_dma:hmf_coarse:H64-M16-F4:169	hmf_coarse	false	
wb_dma:HMF:h46:m3	wb_dma	HMF	H64-M16-F4	46	3	2	wb_dma:hmf_coarse:H64-M16-F4:170|wb_dma:hmf_refine:H64-M16-F4:142	hmf_coarse|hmf_refine	false	
wb_dma:HMF:h5:m14	wb_dma	HMF	H64-M16-F4	5	14	1	wb_dma:hmf_refine:H64-M16-F4:123	hmf_refine	false	
wb_dma:HMF:h5:m15	wb_dma	HMF	H64-M16-F4	5	15	1	wb_dma:hmf_refine:H64-M16-F4:124	hmf_refine	false	
wb_dma:HMF:h5:m16	wb_dma	HMF	H64-M16-F4	5	16	1	wb_dma:hmf_refine:H64-M16-F4:125	hmf_refine	false	
wb_dma:HMF:h52:m1	wb_dma	HMF	H64-M16-F4	52	1	1	wb_dma:hmf_coarse:H64-M16-F4:190	hmf_coarse	false	
wb_dma:HMF:h52:m3	wb_dma	HMF	H64-M16-F4	52	3	1	wb_dma:hmf_coarse:H64-M16-F4:191	hmf_coarse	false	
wb_dma:HMF:h58:m1	wb_dma	HMF	H64-M16-F4	58	1	1	wb_dma:hmf_coarse:H64-M16-F4:211	hmf_coarse	false	
wb_dma:HMF:h58:m3	wb_dma	HMF	H64-M16-F4	58	3	1	wb_dma:hmf_coarse:H64-M16-F4:212	hmf_coarse	false	
wb_dma:HMF:h6:m1	wb_dma	HMF	H64-M16-F4	6	1	1	wb_dma:hmf_coarse:H64-M16-F4:22	hmf_coarse	false	
wb_dma:HMF:h6:m10	wb_dma	HMF	H64-M16-F4	6	10	1	wb_dma:hmf_refine:H64-M16-F4:84	hmf_refine	false	
wb_dma:HMF:h6:m11	wb_dma	HMF	H64-M16-F4	6	11	1	wb_dma:hmf_refine:H64-M16-F4:52	hmf_refine	false	
wb_dma:HMF:h6:m12	wb_dma	HMF	H64-M16-F4	6	12	1	wb_dma:hmf_refine:H64-M16-F4:103	hmf_refine	false	
wb_dma:HMF:h6:m13	wb_dma	HMF	H64-M16-F4	6	13	2	wb_dma:hmf_coarse:H64-M16-F4:25|wb_dma:hmf_refine:H64-M16-F4:119	hmf_coarse|hmf_refine	false	
wb_dma:HMF:h6:m14	wb_dma	HMF	H64-M16-F4	6	14	1	wb_dma:hmf_refine:H64-M16-F4:126	hmf_refine	false	
wb_dma:HMF:h6:m15	wb_dma	HMF	H64-M16-F4	6	15	1	wb_dma:hmf_refine:H64-M16-F4:85	hmf_refine	false	
wb_dma:HMF:h6:m16	wb_dma	HMF	H64-M16-F4	6	16	1	wb_dma:hmf_refine:H64-M16-F4:53	hmf_refine	false	
wb_dma:HMF:h6:m17	wb_dma	HMF	H64-M16-F4	6	17	2	wb_dma:hmf_coarse:H64-M16-F4:26|wb_dma:hmf_refine:H64-M16-F4:104	hmf_coarse|hmf_refine	false	
wb_dma:HMF:h6:m20	wb_dma	HMF	H64-M16-F4	6	20	1	wb_dma:hmf_refine:H64-M16-F4:86	hmf_refine	false	
wb_dma:HMF:h6:m4	wb_dma	HMF	H64-M16-F4	6	4	1	wb_dma:hmf_coarse:H64-M16-F4:23	hmf_coarse	false	
wb_dma:HMF:h6:m5	wb_dma	HMF	H64-M16-F4	6	5	1	wb_dma:hmf_refine:H64-M16-F4:83	hmf_refine	false	
wb_dma:HMF:h6:m6	wb_dma	HMF	H64-M16-F4	6	6	1	wb_dma:hmf_refine:H64-M16-F4:51	hmf_refine	false	
wb_dma:HMF:h6:m9	wb_dma	HMF	H64-M16-F4	6	9	2	wb_dma:hmf_coarse:H64-M16-F4:24|wb_dma:hmf_refine:H64-M16-F4:112	hmf_coarse|hmf_refine	false	
wb_dma:HMF:h63:m1	wb_dma	HMF	H64-M16-F4	63	1	1	wb_dma:hmf_coarse:H64-M16-F4:232	hmf_coarse	false	
wb_dma:HMF:h69:m1	wb_dma	HMF	H64-M16-F4	69	1	1	wb_dma:hmf_coarse:H64-M16-F4:253	hmf_coarse	false	
wb_dma:HMF:h69:m2	wb_dma	HMF	H64-M16-F4	69	2	1	wb_dma:hmf_coarse:H64-M16-F4:254	hmf_coarse	false	
wb_dma:HMF:h7:m14	wb_dma	HMF	H64-M16-F4	7	14	1	wb_dma:hmf_refine:H64-M16-F4:127	hmf_refine	false	
wb_dma:HMF:h7:m15	wb_dma	HMF	H64-M16-F4	7	15	1	wb_dma:hmf_refine:H64-M16-F4:128	hmf_refine	false	
wb_dma:HMF:h7:m16	wb_dma	HMF	H64-M16-F4	7	16	1	wb_dma:hmf_refine:H64-M16-F4:129	hmf_refine	false	
wb_dma:HMF:h75:m1	wb_dma	HMF	H64-M16-F4	75	1	1	wb_dma:hmf_coarse:H64-M16-F4:274	hmf_coarse	false	
wb_dma:HMF:h8:m13	wb_dma	HMF	H64-M16-F4	8	13	1	wb_dma:hmf_refine:H64-M16-F4:120	hmf_refine	false	
wb_dma:HMF:h8:m15	wb_dma	HMF	H64-M16-F4	8	15	1	wb_dma:hmf_refine:H64-M16-F4:121	hmf_refine	false	
wb_dma:HMF:h8:m17	wb_dma	HMF	H64-M16-F4	8	17	1	wb_dma:hmf_refine:H64-M16-F4:122	hmf_refine	false	
wb_dma:HMF:h81:m1	wb_dma	HMF	H64-M16-F4	81	1	1	wb_dma:hmf_coarse:H64-M16-F4:295	hmf_coarse	false	
wb_dma:HMF:h86:m1	wb_dma	HMF	H64-M16-F4	86	1	1	wb_dma:hmf_coarse:H64-M16-F4:316	hmf_coarse	false	
wb_dma:HMF:h9:m11	wb_dma	HMF	H64-M16-F4	9	11	1	wb_dma:hmf_refine:H64-M16-F4:61	hmf_refine	false	
wb_dma:HMF:h9:m12	wb_dma	HMF	H64-M16-F4	9	12	1	wb_dma:hmf_refine:H64-M16-F4:114	hmf_refine	false	
wb_dma:HMF:h9:m14	wb_dma	HMF	H64-M16-F4	9	14	1	wb_dma:hmf_refine:H64-M16-F4:62	hmf_refine	false	
wb_dma:HMF:h9:m15	wb_dma	HMF	H64-M16-F4	9	15	1	wb_dma:hmf_refine:H64-M16-F4:115	hmf_refine	false	
wb_dma:HMF:h9:m8	wb_dma	HMF	H64-M16-F4	9	8	1	wb_dma:hmf_refine:H64-M16-F4:60	hmf_refine	false	
wb_dma:HMF:h9:m9	wb_dma	HMF	H64-M16-F4	9	9	1	wb_dma:hmf_refine:H64-M16-F4:113	hmf_refine	false	
wb_dma:HMF:h92:m1	wb_dma	HMF	H64-M16-F4	92	1	1	wb_dma:hmf_coarse:H64-M16-F4:337	hmf_coarse	false	
wb_dma:HMF:h98:m1	wb_dma	HMF	H64-M16-F4	98	1	1	wb_dma:hmf_coarse:H64-M16-F4:358	hmf_coarse	false	
